versioned_name,base_name,version,status,bucket,category,relevance_score,group_name,title,abstract,datatracker_url,date_seen,error
draft-altanai-aipref-realtime-protocol-bindings-01,draft-altanai-aipref-realtime-protocol-bindings,1,new-draft,monitor,ai_infrastructure,5,none,AI Preferences for Real-Time Protocol Bindings,"This document defines how Artificial Intelligence (AI) preference
   expressions are bound to signaling and media protocols used for real-
   time, session-based communications such as the Session Initiation
   Protocol (SIP) and associated Session Description Protocol (SDP)
   offers.  It specifies a reusable binding model, concrete SIP header
   field conventions, and SDP attributes that allow endpoints,
   intermediary services, and AI assistants to advertise, negotiate, and
   enforce requirements about AI-driven processing of session metadata,
   media control events, and telemetry.  The goal is to align real-time
   protocol behavior with the AI Preferences (AIPREF) vocabulary without
   disrupting existing call control semantics.",https://datatracker.ietf.org/doc/draft-altanai-aipref-realtime-protocol-bindings/,2026-08-05,
draft-altanai-moq-relay-geocode-02,draft-altanai-moq-relay-geocode,2,new-draft,ignored_after_review,ignored_after_review,0,none,Geographic Location for Media over QUIC Relays,"This document defines a mechanism for Media over QUIC (MoQ) relays to
   advertise their geographic location (geocode) and related path
   metrics.  Some clients require their media data to remain locally or
   geo-fenced within specific jurisdictions for privacy and security
   compliance (e.g., GDPR, HIPAA, or sector-specific regulations).  This
   mechanism enables service providers to track the geographic path of
   media packets through the relay mesh and to enforce geo-fencing
   policies.  It supports Geo-Distributed Orchestration and Routing
   (GDOR), data residency compliance, latency optimization, and relay
   selection.  The specification includes optional IATA airport codes as
   human-readable geographic identifiers for major relay locations.",https://datatracker.ietf.org/doc/draft-altanai-moq-relay-geocode/,2026-08-05,
draft-amalj-sustain-shape-03,draft-amalj-sustain-shape,3,new-draft,ignored_after_review,ignored_after_review,0,none,Sustainability holistic API for Path Energy Evaluation (SHAPE),"This document describes an API to query a network regarding its
   Energy Traffic Ratio and other sustainability-related metrics for a
   given network path.",https://datatracker.ietf.org/doc/draft-amalj-sustain-shape/,2026-08-05,
draft-benaudis-iic-credential-00,draft-benaudis-iic-credential,0,new-draft,read_now,core_identity,7,none,"The Internet Identity Card (IIC) Credential Format: A Self-Contained, Offline-Verifiable Identity Credential with Hybrid Classical and Post-Quantum Signatures","This document describes the Internet Identity Card (IIC) credential
   format, version 9.0: a digital identity credential implemented as a
   single self-contained HTML file that can be generated, stored,
   transferred, and cryptographically verified entirely offline, without
   servers, brokers, or network connectivity.  Identity data is
   encrypted with AES-256-GCM under keys derived by Argon2id;
   authenticity is provided by a hybrid signature combining ECDSA P-256
   with ML-DSA-65 (NIST FIPS 204) under a crypto-agile suite registry;
   and integrity is provided by an embedded SHA-256 self-check over a
   canonical serialization of the document.  Each exported credential
   embeds its own verification engine, so verification requires only a
   standard web browser.  This document is published for informational
   purposes, to describe a deployed format whose underlying
   constructions are disclosed as open prior art.",https://datatracker.ietf.org/doc/draft-benaudis-iic-credential/,2026-08-05,
draft-bonica-tcpm-tcp-ao-long-algs-05,draft-bonica-tcpm-tcp-ao-long-algs,5,new-draft,adjacent_watchlist,core_identity,3,none,Cryptographic Algorithms That Produce 256-bit MACs For Use With TCP-AO,"RFC5926 creates a list of cryptographic algorithms that can be used
   with TCP-AO.  This document expands that list, adding two Message
   Authentication Code (MAC) algorithms, HMAC-SHA256 and KMAC256.  For
   each MAC algorithm, a corresponding Key Derivation Function (KDF) is
   also added.

   The MAC algorithms described by this document produce 256-bit (i.e.,
   32-byte) MACs.  When 32-byte MACs are encoded in TCP-AO, the TCP-AO
   consumes 36 of the 40 bytes available for TCP options.",https://datatracker.ietf.org/doc/draft-bonica-tcpm-tcp-ao-long-algs/,2026-08-05,
draft-bortzmeyer-dnsop-poisonlicious-05,draft-bortzmeyer-dnsop-poisonlicious,5,new-draft,ignored_after_review,ignored_after_review,0,none,Synchronizing caches of DNS resolvers,"Networks of cooperating and mutually trusting DNS resolvers could
   benefit from cache sharing, where one resolver would distribute the
   result of a resolution to other resolvers.  This document
   standardizes a protocol to do so.",https://datatracker.ietf.org/doc/draft-bortzmeyer-dnsop-poisonlicious/,2026-08-05,
draft-bu-agentproto-security-principal-binding-04,draft-bu-agentproto-security-principal-binding,4,new-draft,read_now,core_identity,15,none,Security Principal and Verifier Binding for Agent Communication Protocols,"Agent communication protocols often carry claims about user
   authority, agent instance identity, tool or external-resource
   identity, delegation state, session continuity, and action evidence.
   These claims have different verifiers, freshness requirements,
   failure modes, and security consequences.  If they are collapsed into
   a single token, identity label, session identifier, or audit record,
   protocol text can accidentally imply more authority or accountability
   than the receiver can actually verify.

   This document defines a verifier-facing model for separating those
   claims.  It provides a reusable matrix format that protocol authors
   can use to state, for each security-relevant claim, which field
   carries it, which party verifies it, what binding or freshness rule
   applies, what failure behavior is required when the claim is absent,
   stale, inconsistent, or not verifiable, and what constrained result
   an application may consume after successful verification.  It also
   separates specification status, implementation status, and evidence
   type so that reviewers can distinguish current protocol text,
   implementation evidence, inherited mechanisms, and architectural
   assumptions.  The document is protocol-neutral.  It is intended to
   help compare candidate agent communication drafts and to provide
   security-considerations and requirements text for agent session and
   delegation binding.",https://datatracker.ietf.org/doc/draft-bu-agentproto-security-principal-binding/,2026-08-05,
draft-carleton-workload-authz-grant-00,draft-carleton-workload-authz-grant,0,new-draft,read_now,core_identity,19,none,Workload Authorization Grant,"This document profiles the Agent Identity Management System (AIMS)
   framework for agent platforms that host many agent instances per
   customer.  Each agent is identified by an opaque, non-reassignable
   agent identifier; the agent obtains access tokens by presenting a JWT
   authorization grant (RFC 7523), signed by the platform's per-tenancy
   issuer, in the assertion parameter at the authorization server
   protecting the resource server.  Trust is established once, by
   reference to the issuer's published metadata and keys; agent creation
   requires no per-agent step at the authorization server or resource
   server; and authorization is expressed over platform-asserted agent
   properties that resource servers map locally to permissions.  This
   profile addresses agents acting on their own behalf; access on behalf
   of a user or other principal is out of scope, though the design is
   intended to compose with existing delegation mechanisms in which the
   agent appears as the actor.",https://datatracker.ietf.org/doc/draft-carleton-workload-authz-grant/,2026-08-05,
draft-carpenter-rswg-authoring-ethics-06,draft-carpenter-rswg-authoring-ethics,6,new-draft,ignored_after_review,ignored_after_review,0,none,Principles and Guidelines for Assignment of RFC Authorship,"This document discusses principles and guidelines for assigning
   authorship in RFC documents, including guidelines for the use of
   software tools during document preparation, and for inclusion of
   material from other sourcess.  An important focus is on authors'
   responsibility for the content.  The document also discusses the
   related issues of acknowledgements, editors and contributors.  The
   various RFC streams are expected to apply these guidelines, and
   possibly define their own variations, which will have priority.",https://datatracker.ietf.org/doc/draft-carpenter-rswg-authoring-ethics/,2026-08-05,
draft-chapman-a2a-mls-03,draft-chapman-a2a-mls,3,new-draft,read_now,core_identity,10,none,End-to-End Encryption and Purpose-Bound Governance for Agent-to-Agent Messaging,"Agent-to-agent protocols increasingly carry messages between
   autonomous software agents acting on behalf of distinct principals,
   including across organisational boundaries.  Existing protocols in
   this space secure the transport hop and authenticate the calling
   party, but do not provide message-level confidentiality, do not
   provide non-repudiable evidence of what a counterparty asserted, and
   do not carry machine-enforceable constraints on how a recipient may
   use the data conveyed.

   This document specifies a profile that addresses those three gaps.
   It defines a Governed Object: a signed, purpose-bound, expiring
   message envelope identified by a decentralised identifier.  It
   specifies how such objects are exchanged inside end-to-end encrypted
   sessions established using the Messaging Layer Security (MLS)
   protocol [RFC9420], and how the MLS credential is cryptographically
   bound to the sending agent's identity.  It defines the encapsulation
   of these constructs as an extension to an agent-to-agent transport,
   using the Agent2Agent (A2A) protocol [A2A] as the reference binding,
   and specifies mandatory receiver-side processing rules including
   replay rejection and purpose enforcement.",https://datatracker.ietf.org/doc/draft-chapman-a2a-mls/,2026-08-05,
draft-chapman-a2a-offline-delivery-00,draft-chapman-a2a-offline-delivery,0,new-draft,adjacent_watchlist,ignored_after_review,2,none,Offline Delivery and Reachability for Agent-to-Agent Messaging,"Agent-to-agent protocols assume a live HTTP or streaming hop.  Many
   deployments cannot keep every agent always reachable: devices sleep,
   cost tiers duty-cycle backends, and operators park agents outside
   business hours.  Senders need a machine-readable asleep signal, a
   bounded expectation for store-and-forward, and validation rules so an
   offline agent is not a spam sink and does not act on forged or
   expired messages after wake.

   This document profiles offline delivery and reachability for A2A-
   style JSON-RPC messaging.  It defines abstract reachability modes, an
   asleep refusal signal, queue bounds and distinct queue-full errors,
   validate-on-dequeue requirements, and split delivery semantics
   (durable persist versus notify).  It is independent of Messaging
   Layer Security (MLS) grouping; deployments that also use [GOMLS] MAY
   apply both profiles.",https://datatracker.ietf.org/doc/draft-chapman-a2a-offline-delivery/,2026-08-05,
draft-correctover-ccs-01,draft-correctover-ccs,1,new-draft,read_now,authorization,10,none,Correctover Conformance Shape (CCS): A Receipt and Binding Specification for Agent Runtime Verification,"The Correctover Conformance Shape (CCS) defines a tamper-evident
   receipt schema and a set of cryptographic bindings that together
   constitute a verifiable conformance record for an agent runtime's
   decision to permit, deny, or escalate a tool invocation.  CCS is
   designed as a one-receipt-per-invocation object that can be consumed
   by an executor-side Action Evidence Boundary (AEB), providing the
   request_hash, response_hash, runtime_context_hash, action binding,
   params_hash binding, issuer, audience, nonce/sequence, freshness, and
   config_hash fields that the AEB processing model requires as native
   inputs.

   This document specifies the CCS Receipt Schema, the Canonical
   Configuration model, the nine binding mechanisms, key management,
   transport requirements, verifier source classification, conformance
   levels, and negative test cases.  It is intended to enable a reader
   such as the author of the Action Evidence Boundary specification to
   evaluate whether and how a CCS receipt can be mapped into an
   Authorization Evidence Chain (AEC) component.",https://datatracker.ietf.org/doc/draft-correctover-ccs/,2026-08-05,
draft-cz-bier-bgp-ls-bier-te-ext-07,draft-cz-bier-bgp-ls-bier-te-ext,7,new-draft,ignored_after_review,ignored_after_review,0,none,BGP-LS extensions for BIER-TE,"BIER-TE forwards and replicates packets based on a BitString in the
   packet header, but every BitPosition of the BitString of a BIER-TE
   packet indicates one or more adjacencies.

   BGP Link-State (BGP-LS) enables the collection of various topology
   informations from the network, and the topology informations are used
   by the PCE to calculate the path and then propagate them onto the
   BFRs(instead of having each node to calculate on its own) and that
   can be for both inter-as and intra-as situations.

   This document specifies extensions to the BGP Link-state address-
   family in order to advertise BIER-TE informations.",https://datatracker.ietf.org/doc/draft-cz-bier-bgp-ls-bier-te-ext/,2026-08-05,
draft-diaconu-agents-authz-info-sharing-01,draft-diaconu-agents-authz-info-sharing,1,new-draft,read_now,core_identity,13,none,Cross-Domain AuthZ Information sharing for Agents,"Distributed Multi-Agent Systems consist of Agents and MCP Servers
   operating across multiple administrative domains, each with its own
   Identity Providers (IdPs) and Authorization Servers (AS).

   This document discusses the challenges and solution approaches for
   sharing authorization information securely and flexibly across
   domains, including the use of dynamic identity, interoperable claims,
   and verifiable credentials.",https://datatracker.ietf.org/doc/draft-diaconu-agents-authz-info-sharing/,2026-08-05,
draft-dikshit-cats-oam-usecases-00,draft-dikshit-cats-oam-usecases,0,new-draft,adjacent_watchlist,ignored_after_review,2,none,"Use Cases and Requirements for Computing-Aware Traffic Steering (CATS) Operations, Administration, and Maintenance (OAM)","[I-D.ietf-cats-oam-fw] defines a framework for Operations,
   Administration, and Maintenance (OAM) in Computing-Aware Traffic
   Steering (CATS) networks, introducing Instance OAM and Service OAM
   as new components alongside traditional Link and Path OAM, and
   specifying high-level requirements (O-REQ, A-REQ, M-REQ) for each.
   As with the base CATS work, where
   [I-D.ietf-cats-usecases-requirements] separately catalogued problem
   statement, use cases, and requirements alongside
   [I-D.ietf-cats-framework], the OAM framework similarly benefits
   from a companion document grounding its requirements in concrete
   operator scenarios.

   This document fills that gap.  It presents five use cases for CATS
   OAM -- multi-domain compute-node failure detection, SLA
   verification that closes the loop with metric-driven traffic-
   steering decisions, demarcation of network-path faults from
   compute-instance faults, OAM-triggered fallback steering, and
   multi-vendor Compute-Service Metric Agent (C-SMA) interoperability
   verification -- and maps each to the Link/Path/Instance/Service OAM
   layering and O-REQ/A-REQ/M-REQ requirement categories defined in
   [I-D.ietf-cats-oam-fw].",https://datatracker.ietf.org/doc/draft-dikshit-cats-oam-usecases/,2026-08-05,
draft-eastlake-dnssd-rfc2931bis-sigzero-02,draft-eastlake-dnssd-rfc2931bis-sigzero,2,new-draft,adjacent_watchlist,core_identity,3,none,"Domain Name System (DNS) Public Key Based Request and Transaction Authentication (SIGZERO, SIG(0))","This document specifies the SIGZERO and SIG(0) Domain Name System
   (DNS) Resource Records (RRs) which provide public key based
   authentication of DNS requests and transactions.  SIGZERO is the
   RECOMMENDED option.  This document obsoletes RFC 2931.",https://datatracker.ietf.org/doc/draft-eastlake-dnssd-rfc2931bis-sigzero/,2026-08-05,
draft-fengfar-led-00,draft-fengfar-led,0,new-draft,adjacent_watchlist,ignored_after_review,2,none,Dealing with LLMs in IETF Discussions,"The rapid adoption of AI language tools has prompted concern across
   professional and technical communities, including the IETF, about
   authenticity, accountability, and the integrity of human
   contribution.  This document approaches the question from two
   directions: a critical reader's concerns about what AI use means for
   IETF discussion, and a practitioner's account of how AI is currently
   being used in IETF discussions.  We aim to explore some of the issues
   arising, and perhaps make some specific (but tentative)
   recommendations, but the main recommendation is that the IETF should
   develop guidelines for use of AI tooling when engaging in IETF
   discussions.",https://datatracker.ietf.org/doc/draft-fengfar-led/,2026-08-05,
draft-ferguson-gpt-00,draft-ferguson-gpt,0,new-draft,ignored_after_review,ignored_after_review,0,none,GPT: Generic Protocol Type,"This document specifies GPT (Generic Protocol Type), a convention by
   which an HTTP address publishes the JSON Schema of the action it
   accepts, and accepts that action as a request body validated against
   the same schema.  A client retrieves the schema at the moment of
   contact, produces a conforming value, and submits it unchanged.  No
   client library, prior registration, or separate description of the
   capability is required.  The schema serves as both the published
   description and the server-side check, so the two cannot diverge.",https://datatracker.ietf.org/doc/draft-ferguson-gpt/,2026-08-05,
draft-ferro-schrock-memory-projection-record-01,draft-ferro-schrock-memory-projection-record,1,new-draft,read_now,adjacent_watchlist,10,none,Signed Memory Projection Records for Verifiable AI Context Delivery,"Encrypted and signed memory objects can establish source integrity,
   authorship, and read-time trust without establishing which exact
   bytes a memory adapter selected and delivered to a downstream AI
   system.  This document specifies a provider-neutral signed Memory
   Projection Record.  The record commits to the recall request and
   selection policy, the read-time keyring snapshot, the ordered source
   objects and exact context fragments delivered, the complete
   projection bytes, and summarized exclusions.  It deliberately does
   not claim that a model received, used, or weighted the projection,
   that an action was authorized, or that an outcome occurred.
   ApertoMemory is one source profile; other memory formats can use the
   same projection boundary.",https://datatracker.ietf.org/doc/draft-ferro-schrock-memory-projection-record/,2026-08-05,
draft-flores-aidp-provenance-00,draft-flores-aidp-provenance,0,new-draft,read_now,core_identity,17,none,The AIDP Provenance Seal and Serving Register,"A response served by an inference provider carries no verifiable
   statement of what produced it.  A recipient cannot determine which
   model generated a given output, nor whether the endpoint that served
   it was authorized by the party whose name is on it.  Attribution
   today rests on the serving party's own account of events, offered
   after the fact and at its own discretion.

   This document specifies two mechanisms that together make that
   determination decidable by a recipient.  The Provenance Seal is a
   detached signature by which a provider binds a model identifier, its
   own identity, and a timestamp to the exact bytes of a served
   response.  The Serving Register is a signed document listing, for
   each provider, the endpoints authorized to serve its models, the
   public keys that validate its seals, and whether the provider
   declares that it seals every response.  A DNS record under the
   provider's own domain binds that domain to its register entry and to
   its declared sealing policy, so that a suppressed seal is detectable
   rather than merely absent.

   The design follows electronic mail authentication: the seal is
   patterned on DKIM, the register on SPF, and the declared sealing
   policy on the published policy record of DMARC.",https://datatracker.ietf.org/doc/draft-flores-aidp-provenance/,2026-08-05,
draft-fossati-seat-early-attestation-06,draft-fossati-seat-early-attestation,6,new-draft,monitor,core_identity,6,none,Using Attestation in Transport Layer Security (TLS) and Datagram Transport Layer Security (DTLS),"The TLS handshake protocol allows authentication of one or both peers
   using static, long-term credentials.  In some cases, it is also
   desirable to ensure that the peer runtime environment is in a secure
   state.  Such an assurance can be achieved using remote attestation
   which is a process by which an entity produces Evidence about itself
   that another party can use to appraise whether that entity is found
   in a secure state.  This document describes a TLS extension that
   enables the negotiation and binding of the TLS authentication key to
   a remote attestation session.  This enables an entity capable of
   producing attestation Evidence, such as a confidential workload
   running in a Trusted Execution Environment (TEE), or an IoT device
   that is trying to authenticate itself to a network access point, to
   present a more comprehensive set of security metrics to its peer.
   This extension has been designed to allow the peers to use any
   attestation technology, in any remote attestation topology, and to
   use them mutually.",https://datatracker.ietf.org/doc/draft-fossati-seat-early-attestation/,2026-08-05,
draft-gao-grow-bmp-config-monitor-tlv-01,draft-gao-grow-bmp-config-monitor-tlv,1,new-draft,ignored_after_review,ignored_after_review,0,none,BMP Extension for Configuration Monitoring TLV,"This document defines two types of BMP extended TLV, which are used
   to carry configuration information and configuration effective time
   related to BGP route changes.  Through this extension, the BGP
   monitoring platform can associate various BGP events with
   configuration operations, providing traceable evidence for
   identifying network failures caused by configuration changes.",https://datatracker.ietf.org/doc/draft-gao-grow-bmp-config-monitor-tlv/,2026-08-05,
draft-gazitt-oauth-authzen-issuance-00,draft-gazitt-oauth-authzen-issuance,0,new-draft,read_now,authorization,11,none,AuthZEN Profile for OAuth 2.0 Token Issuance,"Numerous OAuth 2.0 specifications define a moment at which an
   authorization server decides whether to issue a security token, and
   each of them declares the decision itself to be a matter of local
   policy that is out of scope.  The result is that a decision common to
   every OAuth deployment has no interoperable expression.

   This document defines a profile for using the OpenID AuthZEN
   Authorization API to externalize that decision to a Policy Decision
   Point.  It specifies how the inputs to a token issuance request map
   onto AuthZEN's mandatory five-tuple, how a Policy Decision Point
   response may shape the issued token, and how the two parties discover
   each other's capabilities.

   The mapping is complete for grants whose request names a single party
   and a single target, including the authorization code and client
   credentials grants.  Companion documents bind the grant families that
   add structure this document does not model, the token exchange family
   first among them.",https://datatracker.ietf.org/doc/draft-gazitt-oauth-authzen-issuance/,2026-08-05,
draft-gazitt-oauth-authzen-token-exchange-00,draft-gazitt-oauth-authzen-token-exchange,0,new-draft,read_now,authorization,9,none,AuthZEN Binding for OAuth 2.0 Token Exchange,"OAuth 2.0 Token Exchange (RFC 8693) defines the moment at which an
   authorization server decides whether one party may obtain a token to
   act as, or on behalf of, another.  It states that the decision is
   governed by policy, and does not define that policy.  The
   specifications layered on top of it - identity chaining, identity
   assertion authorization grants, and transaction tokens - inherit the
   same seam.

   This document binds those flows to the AuthZEN profile for OAuth 2.0
   token issuance.  It specifies how a token exchange request is derived
   into AuthZEN evaluation requests, how the authority of the requesting
   party is expressed as a decision distinct from the authority being
   delegated, and what each of the token types layered on token exchange
   contributes to that mapping.",https://datatracker.ietf.org/doc/draft-gazitt-oauth-authzen-token-exchange/,2026-08-05,
draft-gondwana-email-header-maintenance-02,draft-gondwana-email-header-maintenance,2,new-draft,ignored_after_review,ignored_after_review,0,none,Maintenance of the IANA Message Header Field Registries,"The IANA ""Message Headers"" registries record, for each registered
   header field, the protocol it belongs to, its status, whether it is a
   trace field, and the document(s) that specify it.  These registries
   were populated incrementally by many documents over more than two
   decades, and the metadata that reached the registries is in several
   respects less complete than the metadata the registering documents
   supplied.  Most notably, the document that performed the single
   largest bulk registration, RFC 4021, gave IANA an explicit status and
   an explicit specification document for every one of the roughly
   ninety fields it registered, and neither was recorded: those entries
   carry a blank status and cite RFC 4021 itself rather than the
   specification.  Separately, the ""Trace"" column added to both
   registries by the ongoing revision of RFC 5322 was deliberately left
   empty for pre-existing entries, to be filled in later.

   This document reviews the initial definition of, and every subsequent
   update to, each registered header field, and gives IANA a single,
   coherent set of instructions for completing and correcting each
   registry entry.  Every recommended change, and every deliberate
   decision to leave a non-obvious entry unchanged, is justified by
   reference to the instructions already given by, or the clear intent
   of the authors of, the source documents in which the field was
   defined or modified.",https://datatracker.ietf.org/doc/draft-gondwana-email-header-maintenance/,2026-08-05,
draft-gravit-gevp-05,draft-gravit-gevp,5,new-draft,adjacent_watchlist,trust_infrastructure,3,none,Gravit Epistemic Verification Protocol (GEVP),"GEVP defines minimal protocol for epistemic convergence.  Renamed
   from VCP to avoid collision with draft-kamimura-scitt-vcp.  Invariant
   C_manip > C_val*2.0 as engineering heuristic.  Theta 0.73 RECOMMENDED
   pinned 7755f53.  Architecture stable per
   https://github.com/GravitOpenNetwork/gravit-canon.",https://datatracker.ietf.org/doc/draft-gravit-gevp/,2026-08-05,
draft-gutmann-pkcs15-05,draft-gutmann-pkcs15,5,new-draft,ignored_after_review,ignored_after_review,0,none,PKCS #15 Updates,"This document describes updates to the PKCS #15 standard made since
   the original publication of the standard.",https://datatracker.ietf.org/doc/draft-gutmann-pkcs15/,2026-08-05,
draft-gutmann-ssh-preauth-06,draft-gutmann-ssh-preauth,6,new-draft,adjacent_watchlist,core_identity,3,none,A Pre-Authentication Mechanism for SSH,"Devices running SSH are frequently exposed on the Internet, either
   because of operational considerations or through misconfiguration,
   making them vulnerable to the constant 3-degree background radiation
   of scanning and probing attacks that pervade the Internet.  This
   document describes a simple pre-authentication mechanism that limits
   these attacks with minimal changes to SSH implementations and no
   changes to the SSH protocol itself.",https://datatracker.ietf.org/doc/draft-gutmann-ssh-preauth/,2026-08-05,
draft-gutmann-tls-lts-18,draft-gutmann-tls-lts,18,new-draft,ignored_after_review,ignored_after_review,0,none,TLS 1.2 Update for Long-term Support (LTS),"This document specifies an update of TLS 1.2 for long-term support
   (LTS) on systems that can have multi-year or even decade-long update
   cycles, one that incoporates as far as possible what's already
   deployed for TLS 1.2 but with the security holes and bugs fixed.
   This document also recognises the fact that there is a huge amount of
   TLS use outside the web content-delivery environment with its
   resource-rich hardware and software that can be updated whenever
   required and provides a long-term stable, known-good version that can
   be deployed to systems that can't roll out ongoing changes on a
   continuous basis.",https://datatracker.ietf.org/doc/draft-gutmann-tls-lts/,2026-08-05,
draft-hawkins-x402-dns-discovery-01,draft-hawkins-x402-dns-discovery,1,new-draft,ignored_after_review,ignored_after_review,0,none,Discovering x402 Payment Capability via DNS and a Well-Known URI,"x402 is an application-level protocol for internet-native payments
   built on the HTTP 402 (Payment Required) status code.  This document
   defines how a domain publishes its x402 payment capability out-of-
   band, so that clients, autonomous agents, and indexers can discover
   it without prior configuration or a central directory.  It specifies
   a JSON capability manifest served at the well-known URI ""/.well-
   known/x402"" and an optional DNS TXT record at the underscored node
   name ""_x402"" that points to the manifest.  A consumer resolves a bare
   domain name to verified x402 capability with at most one DNS query
   and one HTTPS GET.",https://datatracker.ietf.org/doc/draft-hawkins-x402-dns-discovery/,2026-08-05,
draft-he-idr-bgp-flowspec-ifit-04,draft-he-idr-bgp-flowspec-ifit,4,new-draft,ignored_after_review,ignored_after_review,0,idr,BGP Extensions to Enable BGP FlowSpec based IFIT,"Border Gateway Protocol (BGP) Flow Specification (FlowSpec) is an
   extension to BGP that supports the dissemination of traffic flow
   specifications and resulting actions to be taken on packets in a
   specified flow.  In-situ Flow Information Telemetry (IFIT) denotes a
   family of flow-oriented on-path telemetry techniques, which can
   provide high-precision flow insight and real-time network issue
   notification.  This document defines BGP extensions to distribute BGP
   FlowSpec based traffic filtering carrying IFIT information.
   Therefore, IFIT behavior can be automatically applied to the matched
   flow to capture real-time network dynamics.",https://datatracker.ietf.org/doc/draft-he-idr-bgp-flowspec-ifit/,2026-08-05,
draft-helixar-hdp-agentic-delegation-01,draft-helixar-hdp-agentic-delegation,1,new-draft,read_now,agent_identity,24,none,Human Delegation Provenance Protocol (HDP): Cryptographic Chain-of-Custody for Agentic AI Systems,"Agentic AI systems operate on behalf of human principals, often
   delegating tasks through multi-step chains of AI agents.  There is
   currently no standard mechanism to record who authorized an agent to
   act, under what scope, and through what chain of delegation, in a way
   that can be verified offline, without a central registry, and without
   third-party trust anchors.

   This document specifies the Human Delegation Provenance Protocol
   (HDP) version 0.1, a lightweight token-based protocol that captures,
   structures, cryptographically signs, and verifies human delegation
   context in agentic AI systems.  An HDP token binds a human
   authorization event to a session, records each agent's delegation
   action as a signed hop in an append-only chain, and enables any
   participant to verify the full provenance record using only the
   issuer's Ed25519 public key and the current session identifier.
   Verification is fully offline.  No registry lookup, no network call,
   and no third-party trust anchor is required.

   HDP's distinguishing contribution is a signed, tamper-evident record
   of each agent's declared action at each hop, an execution audit trail
   that complements, rather than replaces, capability-based delegation
   formats such as UCAN and ZCAP-LD.  The underlying append-only,
   offline-verifiable chain-of-custody mechanism is payload-agnostic;
   human-authorized agentic delegation is the reference profile
   specified in this document.",https://datatracker.ietf.org/doc/draft-helixar-hdp-agentic-delegation/,2026-08-05,
draft-helmprotocol-tttps-08,draft-helmprotocol-tttps,8,new-draft,adjacent_watchlist,core_identity,3,none,The TLS TimeToken Secure Protocol (tttps),"This document specifies a Proof-of-Time record: a transport-
   independent object in which an issuer asserts that a payload with a
   stated digest was presented to it at a stated time, relative to a
   stated set of time sources and with an explicit error bound, and
   which cannot afterwards be altered without detection.  The record is
   produced by an issuer that is not a party to the session in which the
   record is later presented, and it can be evaluated by a third party
   who observed neither endpoint and who evaluates it after that session
   has closed.  Evaluation additionally requires the issuer's public key
   and the context identifier, both obtained out of band: the record is
   self-contained with respect to the transport that carries it, not
   with respect to those inputs.  This document defines the record
   format, an extensible integrity algorithm registry whose mandatory-
   to-implement member is unkeyed SHA-256, a binding of a record to a
   TLS 1.3, QUIC, or HTTP/3 session and to the party entitled to present
   it, and the associated IANA registrations.",https://datatracker.ietf.org/doc/draft-helmprotocol-tttps/,2026-08-05,
draft-howard-virp-06,draft-howard-virp,6,new-draft,read_now,core_identity,15,none,VIRP: Verified Infrastructure Response Protocol,"The Verified Infrastructure Response Protocol (VIRP) defines a trust
   framework for operators -- human or autonomous -- acting on live
   network infrastructure.  As operations shift toward agentic and
   automated systems that can autonomously configure, audit, and
   remediate production environments, the absence of a verifiable chain
   of custody for observations and actions introduces fundamental risks:
   fabricated telemetry, unauthorized state changes, and the inability
   to distinguish legitimate operations from compromise.  VIRP routes
   every observation and every authorization decision through a
   designated collection-and- verification boundary that the requesting
   party does not control.  Observations are authenticated at collection
   time using HMAC-SHA256; in session-bound mode (Section 6.4)
   authentication uses a per-session key and binds the response to
   session, device, sequence, and a command-digest field.  Validating
   the command binding additionally requires trusted request context
   from which the verifier recomputes the command digest.  A two-channel
   architecture separates read-only Observation from write-intent
   Intent, and trust tiers (GREEN/YELLOW/RED/BLACK) govern action
   authorization with human-in-the-loop controls for elevated
   operations.

   VIRP's observation and chain-integrity guarantees are symmetric and
   explicitly scoped by key role; approval and federation records use
   asymmetric Ed25519 signatures.  Distinct key roles authenticate
   observations, chain entries, intents, approvals, and federation
   records (Section 6.1), though the reference implementation currently
   reuses one key across the v1-observation and v2-derivation roles; a
   holder of a symmetric key can both verify and forge within that key's
   scope, so VIRP does not provide publicly verifiable observation
   origin and does not defend a record against an adversary holding the
   relevant key or controlling the collection boundary.  Authentication
   does not certify that a response reflects the managed device's true
   state, only that the boundary obtained and authenticated those bytes
   for that recorded request.  Asymmetric proof of origin and external
   anchoring of the chain are distinct, independent items of future work
   (Section 17).",https://datatracker.ietf.org/doc/draft-howard-virp/,2026-08-05,
draft-ietf-avtcore-rtcp-green-metadata-15,draft-ietf-avtcore-rtcp-green-metadata,15,new-draft,ignored_after_review,ignored_after_review,0,avtcore,RTP Control Protocol (RTCP) Messages for Temporal-Spatial Resolution,"The RTCP message formats specified in this document enables receivers
   to provide feedback to the senders and thus allows for short-term
   adaptation and feedback-based energy efficient mechanisms to be
   implemented.  The message formats have broad applicability in point-
   to-point real-time video communication services.  Specifically, it
   can be used to convey the video decoder feedback metadata to the
   encoder to adapte the decoder energy consumption as defined in the
   ISO/IEC International Standard 23001-11, known as Energy Efficient
   Media Consumption (Green metadata), developed by the ISO/IEC JTC
   1/SC29/WG3 MPEG Systems.",https://datatracker.ietf.org/doc/draft-ietf-avtcore-rtcp-green-metadata/,2026-08-05,
draft-ietf-bess-ebgp-dmz-11,draft-ietf-bess-ebgp-dmz,11,new-draft,ignored_after_review,ignored_after_review,0,bess,BGP link bandwidth extended community use cases,"BGP link bandwidth extended community provides a way to signal a
   value along with a BGP path that can be used to perform weighted
   load-balancing in multipath scenarios.  This document details various
   use cases of the BGP link bandwidth extended community.  It also
   describes local mechanisms to dynamically adjust the BGP link
   bandwidth value or the multipath weights based on different
   considerations.",https://datatracker.ietf.org/doc/draft-ietf-bess-ebgp-dmz/,2026-08-05,
draft-ietf-calext-jscalendar-icalendar-25,draft-ietf-calext-jscalendar-icalendar,25,new-draft,ignored_after_review,ignored_after_review,0,calext,JSCalendar: Converting from and to iCalendar,"This document defines how to convert calendaring information between
   the JSCalendar and iCalendar data formats.  It considers every
   JSCalendar and iCalendar element registered at IANA at the time of
   publication.  It defines conversion rules for all elements that are
   common to both formats, as well as how convert arbitrary or unknown
   JSCalendar and iCalendar elements.  This document updates RFC 5545
   (""iCalendar"") and jscalendarbis (""JSCalendar"") by defining new
   properties and parameters for JSCalendar and iCalendar conversion.",https://datatracker.ietf.org/doc/draft-ietf-calext-jscalendar-icalendar/,2026-08-05,
draft-ietf-calext-jscalendarbis-18,draft-ietf-calext-jscalendarbis,18,new-draft,adjacent_watchlist,adjacent_watchlist,3,calext,JSCalendar 2.0: A JSON Representation of Calendar Data,"This specification defines version ""2.0"" of JSCalendar, a data model
   and JSON representation of calendar data that can be used for storage
   and data exchange in a calendaring and scheduling environment.  This
   document obsoletes RFC 8984, also referred to as version ""1.0"" in
   this document.  The newly defined version ""2.0"" aims to improve
   interoperability with existing iCalendar-based systems.  It also
   aligns its definitions with JSContact, such as the IANA registry
   policy, validation requirements, and versioning scheme.",https://datatracker.ietf.org/doc/draft-ietf-calext-jscalendarbis/,2026-08-05,
draft-ietf-cbor-serialization-08,draft-ietf-cbor-serialization,8,new-draft,ignored_after_review,ignored_after_review,0,cbor,CBOR Serialization and Determinism,"This document defines two CBOR serializations: ""preferred-plus
   serialization"" and ""deterministic serialization.""  It also introduces
   the term ""general serialization"" to name the complete set of all
   serializations defined in RFC 8949.  Together, these three form a set
   of serializations that cover the majority of CBOR serialization use
   cases.

   These serializations are largely compatible with those widely
   implemented by the CBOR community.",https://datatracker.ietf.org/doc/draft-ietf-cbor-serialization/,2026-08-05,
draft-ietf-ccamp-client-signal-yang-18,draft-ietf-ccamp-client-signal-yang,18,new-draft,adjacent_watchlist,adjacent_watchlist,3,ccamp,A YANG Data Model for Transport Network Client Signals,"A transport network is a server-layer network to provide connectivity
   services to its client.  The topology and tunnel information in the
   transport layer has already been defined by generic Traffic-
   engineered models and technology-specific models (e.g., OTN, WSON).
   However, how the client signals are accessing to the network has not
   been described.  These information is necessary to both client and
   provider.

   This draft describes how the client signals are carried over
   transport network and defines YANG data models which are required
   during configuration procedure.  More specifically, several client
   signal (of transport network) models including ETH, STM-n, FC and so
   on, are defined in this draft.",https://datatracker.ietf.org/doc/draft-ietf-ccamp-client-signal-yang/,2026-08-05,
draft-ietf-ccwg-ratelimited-increase-08,draft-ietf-ccwg-ratelimited-increase,8,new-draft,ignored_after_review,ignored_after_review,0,ccwg,Increase of the Congestion Window when the Sender Is Rate-Limited,"This document specifies how transport protocols increase their
   congestion window when the sender is rate-limited, and updates RFCs
   4341, 5681, 9002, 9260, and 9438.  Such a limitation can be caused by
   the sending application not supplying data or by receiver flow
   control.",https://datatracker.ietf.org/doc/draft-ietf-ccwg-ratelimited-increase/,2026-08-05,
draft-ietf-cose-cmac-01,draft-ietf-cose-cmac,1,new-draft,read_now,core_identity,9,cose,AES-CMAC for COSE,"The CBOR Object Signing and Encryption (COSE) specification defines
   structures for generating, conveying, and verifying Message
   Authentication Code (MAC) tags.  This document registers code points
   for using the Advanced Encryption Standard (AES) block cipher in
   Cipher-based Message Authentication Code (CMAC) mode within those
   COSE structures.  Specifically, these uses are for computing MAC tag
   values with no additional parameters.",https://datatracker.ietf.org/doc/draft-ietf-cose-cmac/,2026-08-05,
draft-ietf-dmm-tn-aware-mobility-31,draft-ietf-dmm-tn-aware-mobility,31,new-draft,ignored_after_review,ignored_after_review,0,dmm,Mapping 5G slice to Transport Network slice with UDP Source Ports,"Network slicing in 5G enables logical networks for communication
   services of multiple 5G customers to be multiplexed over the same
   infrastructure.  While 5G slicing covers logical separation of
   various aspects of 5G infrastructure and services, user's data plane
   packets over the Radio Access Network (RAN) and Core Network (5GC)
   use IP in many segments of an end-to-end 5G slice.  When end-to-end
   slices in a 5G System use network resources, they are mapped to
   corresponding Transport Network (TN) slice(s) which in turn provide
   the bandwidth, latency, isolation, and other criteria required for
   the realization of a 5G slice.

   This document describes mapping of 5G slices to TN slices using UDP
   source port number of the GTP-U bearer when the TN slice provider is
   separated by an ""attachment circuit"" from the networks in which the
   5G network functions are deployed, for example, 5G functions that are
   distributed across data centers.  The slice mapping defined here is
   supported transparently when a 5G user device moves across 5G
   attachment points and session anchors.",https://datatracker.ietf.org/doc/draft-ietf-dmm-tn-aware-mobility/,2026-08-05,
draft-ietf-dnsop-filtering-transparency-00,draft-ietf-dnsop-filtering-transparency,0,new-draft,monitor,trust_infrastructure,4,dnsop,DNS Filtering Transparency,"[I-D.ietf-dnsop-structured-dns-error] introduces structured error
   data for DNS responses that have been filtered.  This specification
   allows more specific details of filtering incidents to be conveyed.

Discussion Venues

   This note is to be removed before publishing as an RFC.

   Source for this draft and an issue tracker can be found at
   https://github.com/mnot/public-resolver-errors.",https://datatracker.ietf.org/doc/draft-ietf-dnsop-filtering-transparency/,2026-08-05,
draft-ietf-dnsop-structured-dns-error-27,draft-ietf-dnsop-structured-dns-error,27,new-draft,ignored_after_review,ignored_after_review,0,dnsop,Structured Error Data for Filtered DNS,"DNS filtering is widely deployed for various reasons, including
   network security and policy enforcement.  However, filtered DNS
   responses lack structured information for end users to understand the
   reason for the filtering.  Existing mechanisms to provide explanatory
   details to end users cause harm especially if the blocked DNS
   response is for HTTPS resources.

   This document updates RFC 8914 by signaling client support for
   structuring the EXTRA-TEXT field of the Extended DNS Error to provide
   details on the DNS filtering.  Such details can be parsed by the
   client and displayed, logged, or used for other purposes.",https://datatracker.ietf.org/doc/draft-ietf-dnsop-structured-dns-error/,2026-08-05,
draft-ietf-dtn-bpsec-cose-17,draft-ietf-dtn-bpsec-cose,17,new-draft,adjacent_watchlist,verifiable_claims,3,dtn,Bundle Protocol Security (BPSec) COSE Context,"This document defines a security context suitable for using CBOR
   Object Signing and Encryption (COSE) algorithms within Bundle
   Protocol Security (BPSec) integrity and confidentiality blocks.  A
   profile for COSE, organized by algorithm families, and for public key
   certificates are included for BPSec interoperation.

   This document updates BPSec RFC 9172 by providing Concise Data
   Definition Language (CDDL) rules for extensible security block
   content.",https://datatracker.ietf.org/doc/draft-ietf-dtn-bpsec-cose/,2026-08-05,
draft-ietf-ediint-rfc4130bis-02,draft-ietf-ediint-rfc4130bis,2,new-draft,adjacent_watchlist,core_identity,3,ediint,AS2 Specification Modernization,"This document provides an applicability statement (RFC 2026,
   Section 3.2) describing how to securely exchange structured business
   data over HTTP.  Structured business data may be XML; Electronic Data
   Interchange (EDI) in either the American National Standards Committee
   (ANSI) X12 format or the UN Electronic Data Interchange for
   Administration, Commerce, and Transport (UN/EDIFACT) format; or other
   structured data formats.  The data is packaged using standard MIME
   structures.  Authentication and data confidentiality are obtained by
   using Cryptographic Message Syntax with S/MIME security body parts
   (see Section 10.1).  Authenticated acknowledgements make use of
   multipart/signed Message Disposition Notification (MDN) responses to
   the original HTTP message.  This applicability statement is
   informally referred to as ""AS2"" because it is the second
   applicability statement, produced after ""AS1"" (RFC 3335).  This
   document obsoletes RFC 4130 and stands on its own without reference
   to AS1 or SMTP, except where required for IANA registry updates.

   This document also updates IANA registries originally created by RFC
   3335 and RFC 4130.",https://datatracker.ietf.org/doc/draft-ietf-ediint-rfc4130bis/,2026-08-05,
draft-ietf-httpbis-no-vary-search-07,draft-ietf-httpbis-no-vary-search,7,new-draft,adjacent_watchlist,adjacent_watchlist,3,httpbis,The No-Vary-Search HTTP Caching Extension,"This specification defines an extension to HTTP Caching, changing how
   the URI query component impacts caching.  It introduces the ""No-Vary-
   Search"" response header field, which allows origin servers to signal
   to caches that certain parts of the query component do not
   semantically affect the served response and can be ignored for cache
   matching purposes.",https://datatracker.ietf.org/doc/draft-ietf-httpbis-no-vary-search/,2026-08-05,
draft-ietf-idr-bgp-ls-sr-epe-over-l2bundle-09,draft-ietf-idr-bgp-ls-sr-epe-over-l2bundle,9,new-draft,ignored_after_review,ignored_after_review,0,idr,Segment Routing BGP Egress Peer Engineering over Layer 2 Bundle Members,"This document specifies how to support Segment Routing BGP Egress
   Peer Engineering over Layer 2 bundle members.  It updates RFC 9085 to
   allow the L2 Bundle Member Attributes TLV in the BGP-LS Attribute of
   the BGP-LS Link NLRI for a BGP peering link.  For SR-MPLS, it updates
   RFC 9085 and RFC 9086 to allow the PeerAdj SID TLV as a sub-TLV of
   the L2 Bundle Member Attributes TLV.",https://datatracker.ietf.org/doc/draft-ietf-idr-bgp-ls-sr-epe-over-l2bundle/,2026-08-05,
draft-ietf-idr-rt-derived-community-10,draft-ietf-idr-rt-derived-community,10,new-draft,ignored_after_review,ignored_after_review,0,idr,Extended Communities Derived from Route Targets,"This document specifies a way to derive an Extended Community from a
   Route Target and describes some example use cases.",https://datatracker.ietf.org/doc/draft-ietf-idr-rt-derived-community/,2026-08-05,
draft-ietf-idr-ts-flowspec-srv6-policy-13,draft-ietf-idr-ts-flowspec-srv6-policy,13,new-draft,ignored_after_review,ignored_after_review,0,idr,Traffic Steering using BGP FlowSpec with SR Policy,"BGP Flow Specification (FlowSpec) (as defined in RFC 8955, RFC 8956
   and RFC 9117) has been proposed to distribute BGP (RFC 4271) FlowSpec
   NLRI to FlowSpec clients to mitigate (distributed) denial-of-service
   attacks, and to provide traffic filtering in the context of a BGP/
   MPLS VPN service.  Recently, traffic steering applications in the
   context of SR-MPLS and SRv6 using FlowSpec are being used in
   networks.  This document introduces the usage of BGP Flow
   Specification to steer packets into an SR Policy.",https://datatracker.ietf.org/doc/draft-ietf-idr-ts-flowspec-srv6-policy/,2026-08-05,
draft-ietf-ipsecme-ikev2-pqc-auth-11,draft-ietf-ipsecme-ikev2-pqc-auth,11,new-draft,adjacent_watchlist,core_identity,3,ipsecme,Signature Authentication in the Internet Key Exchange Version 2 (IKEv2) using PQC,"Signature-based authentication methods are utilized in the Internet
   Key Exchange Version 2 (IKEv2).  The current version of the IKEv2
   protocol, specified in RFC 7296, supports traditional digital
   signatures.

   This document specifies a generic mechanism for integrating post-
   quantum cryptographic (PQC) digital signature algorithms into the
   IKEv2 protocol.  The approach allows for seamless inclusion of any
   PQC signature scheme within the existing authentication framework of
   IKEv2.  Additionally, it outlines how Module-Lattice-Based Digital
   Signatures (ML-DSA) and Stateless Hash-Based Digital Signatures (SLH-
   DSA), can be employed as authentication methods within the IKEv2
   protocol, as they have been standardized by US NIST.",https://datatracker.ietf.org/doc/draft-ietf-ipsecme-ikev2-pqc-auth/,2026-08-05,
draft-ietf-jmap-mail-sharing-02,draft-ietf-jmap-mail-sharing,2,new-draft,ignored_after_review,ignored_after_review,0,jmap,JMAP Mail Sharing,"This document specifies an extension to the JSON Meta Application
   Protocol (JMAP) for Mail to enable sharing of mailboxes between
   users.  Building upon the JMAP Sharing framework defined in
   [RFC9670], this specification extends the Mailbox data type defined
   in [RFC8621] with properties necessary to configure and manage access
   permissions for shared mailboxes.  The extension introduces a new
   capability that indicates server support for mailbox sharing and
   defines the additional properties required to share mailboxes with
   other principals, including the ability to control which users may
   access a mailbox and what permissions they possess.",https://datatracker.ietf.org/doc/draft-ietf-jmap-mail-sharing/,2026-08-05,
draft-ietf-lsr-distoptflood-14,draft-ietf-lsr-distoptflood,14,new-draft,ignored_after_review,ignored_after_review,0,lsr,IS-IS Distributed Flooding Reduction,"In dense topologies (such as data center fabrics based on the Clos
   and butterfly though not limited to those; in fact any large topology
   or one with relatively high degree of connectivity qualifies here)
   IGP flooding mechanisms designed originally for rather sparse
   topologies can ""overflood"", or in other words generate too many
   identical copies of same information arriving at a given node from
   other devices.  This normally results in longer convergence times and
   higher resource utilization to process and discard the superfluous
   copies.  Flooding algorithm extensions that restrict the amount of
   flooding performed can be constructed and can reduce resource
   utilization significantly, while improving convergence performance.

   One such flooding modification (based on previous art) optimized for
   operational considerations, described further in Section 2, is
   described in this document.",https://datatracker.ietf.org/doc/draft-ietf-lsr-distoptflood/,2026-08-05,
draft-ietf-lsr-flood-reduction-arch-02,draft-ietf-lsr-flood-reduction-arch,2,new-draft,ignored_after_review,ignored_after_review,0,lsr,IGP Flooding Reduction Algorithms Framework,"This document introduces a framework making it possible to deploy
   multiple flood reduction algorithms within the same IGP domain in an
   interoperable fashion.",https://datatracker.ietf.org/doc/draft-ietf-lsr-flood-reduction-arch/,2026-08-05,
draft-ietf-lsr-l2-bundle-member-remote-id-03,draft-ietf-lsr-l2-bundle-member-remote-id,3,new-draft,ignored_after_review,ignored_after_review,0,lsr,Advertisement of Remote Interface Identifiers for Layer 2 Bundle Members,"In networks where Layer 2 (L2) interface bundles (such as a Link
   Aggregation Group (LAG) as defined in IEEE 802.1AX) are deployed, a
   controller may need to collect the connectivity relationships between
   bundle members for traffic engineering (TE) purposes.  For example,
   when performing topology management and bidirectional path
   computation for TE, it is essential to know the connectivity
   relationships among bundle members.

   This document describes how OSPF and IS-IS would advertise the remote
   interface identifiers for Layer 2 bundle members.  The corresponding
   extension of BGP-LS is also specified.",https://datatracker.ietf.org/doc/draft-ietf-lsr-l2-bundle-member-remote-id/,2026-08-05,
draft-ietf-manet-inet-gap-analysis-04,draft-ietf-manet-inet-gap-analysis,4,new-draft,ignored_after_review,ignored_after_review,0,manet,MANET Internetworking: Problem Statement and Gap Analysis,"[RFC2501] defines a MANET as ""an autonomous system of mobile nodes.
   The system may operate in isolation, or may have gateways to and
   interface with a fixed network"" (such as the global public Internet).
   This document presents a MANET Internetworking problem statement and
   gap analysis.",https://datatracker.ietf.org/doc/draft-ietf-manet-inet-gap-analysis/,2026-08-05,
draft-ietf-masque-connect-udp-listen-14,draft-ietf-masque-connect-udp-listen,14,new-draft,adjacent_watchlist,adjacent_watchlist,3,masque,Proxying Bound UDP in HTTP,"The mechanism defined in ""Proxying UDP in HTTP"" (RFC 9298) only
   allows each UDP proxying request to transmit to a specific host and
   port.  This is well suited for UDP client-server protocols such as
   HTTP/3, but is not sufficient for some UDP peer-to-peer protocols
   like WebRTC.  This document defines an extension to that mechanism
   that enables such use cases.",https://datatracker.ietf.org/doc/draft-ietf-masque-connect-udp-listen/,2026-08-05,
draft-ietf-mlcodec-opus-dred-07,draft-ietf-mlcodec-opus-dred,7,new-draft,ignored_after_review,ignored_after_review,0,mlcodec,Deep Audio Redundancy (DRED) Extension for the Opus Codec,"This document proposes a mechanism for embedding very low bitrate
   deep audio redundancy (DRED) within the Opus codec (RFC6716)
   bitstream.",https://datatracker.ietf.org/doc/draft-ietf-mlcodec-opus-dred/,2026-08-05,
draft-ietf-mpls-mna-ioam-09,draft-ietf-mpls-mna-ioam,9,new-draft,ignored_after_review,ignored_after_review,0,mpls,"Supporting In Situ Operations, Administration, and Maintenance Using MPLS Network Actions","In situ Operations, Administration, and Maintenance (IOAM), defined
   in RFC 9197, collects operational and telemetry information in the
   packet using IOAM data fields while the packet traverses a path
   between two points in the network.  Several IOAM Option-Types are
   available, for example, Pre-allocated Trace, Proof-of-Transit, Edge-
   to-Edge, and Incremental Trace, that can be used to collect
   information for calculating various performance metrics.

   RFC 9326 defines the IOAM Direct Export (IOAM-DEX) Option-Type in
   which the operational state and telemetry information are collected
   according to the specified profile and exported in a manner and
   format defined by a local policy on each node along the path.

   MPLS Network Actions (MNA) techniques indicate actions to be
   performed on any combination of Label Switched Paths, MPLS packets,
   and the node itself, and to transport data needed for these actions.
   This document employs the MNA mechanisms to collect and transport the
   operational state and telemetry information using IOAM data fields as
   well as Direct Export.",https://datatracker.ietf.org/doc/draft-ietf-mpls-mna-ioam/,2026-08-05,
draft-ietf-mpls-mna-ps-hdr-16,draft-ietf-mpls-mna-ps-hdr,16,new-draft,ignored_after_review,ignored_after_review,0,mpls,MPLS Network Action (MNA) Post-Stack Header Specification,"This document specifies the MPLS Network Action (MNA) Post-Stack
   Header encoding and procedures for carrying Network Action encodings
   and Ancillary Data after the MPLS label stack, based on the MNA Sub-
   Stack including In-Stack Network Actions and Data specified in RFC
   9994.  MPLS Network Actions can be used to influence packet
   forwarding decisions, carry additional Operations, Administration,
   and Maintenance information in the MPLS packet, or perform user-
   defined operations.  This document follows the framework specified in
   RFC 9789.

   This document updates RFC 9994: the ""Network Action Opcodes"" registry
   fields, the Post-Stack MNA applicability of the opcodes, MNA scope,
   and Unknown action handling.",https://datatracker.ietf.org/doc/draft-ietf-mpls-mna-ps-hdr/,2026-08-05,
draft-ietf-mpls-on-path-telemetry-flag-02,draft-ietf-mpls-on-path-telemetry-flag,2,new-draft,ignored_after_review,ignored_after_review,0,mpls,MPLS On-Path Telemetry Network Action Flag for OAM,"This document describes postcard-based on-path telemetry with packet
   marking (PBT-M) using an MPLS Network Actions (MNA) flag to support
   Operations, Administration, and Maintenance (OAM) in MPLS networks.
   The scheme uses a single flag bit carried in a Flag-Based Network
   Action Indicator (Opcode 1) of the MNA Sub-Stack as defined in RFC
   9994.  In addition to addressing the protocol requirements for
   applying PBT-M, this document provides comprehensive operational,
   manageability, and security considerations.",https://datatracker.ietf.org/doc/draft-ietf-mpls-on-path-telemetry-flag/,2026-08-05,
draft-ietf-netconf-udp-notif-26,draft-ietf-netconf-udp-notif,26,new-draft,adjacent_watchlist,adjacent_watchlist,3,netconf,UDP-based Transport for Configured Subscriptions,"This document describes a UDP-based transport for YANG notifications
   to collect data from network nodes within a controlled environment.
   A shim header is defined to facilitate the data streaming directly
   from a publishing process on a network device to telemetry receivers.
   Such a design enables higher frequency updates and less performance
   overhead on publisher and receiver processes compared to already
   established notification mechanisms.  A YANG data model is also
   defined for management of the described UDP-based transport.",https://datatracker.ietf.org/doc/draft-ietf-netconf-udp-notif/,2026-08-05,
draft-ietf-nfsv4-internationalization-17,draft-ietf-nfsv4-internationalization,17,new-draft,ignored_after_review,ignored_after_review,0,nfsv4,Internationalization for the NFSv4 Protocols,"This document describes the handling of internationalization for all
   NFSv4 protocols, including NFSv4.0, NFSv4.1, NFSv4.2 and extensions
   thereof, and future minor versions.

   It updates RFC7530 and RFC8881.",https://datatracker.ietf.org/doc/draft-ietf-nfsv4-internationalization/,2026-08-05,
draft-ietf-nmop-network-incident-yang-13,draft-ietf-nmop-network-incident-yang,13,new-draft,adjacent_watchlist,adjacent_watchlist,3,nmop,A YANG Data Model for Network Incident Management,"This document defines a YANG Module for the network incident
   lifecycle management.  This YANG module is meant to provide a
   standard way to report, diagnose, and help reduce troubleshooting
   tickets and resolve network incidents for the sake of network service
   health and probable cause analysis.",https://datatracker.ietf.org/doc/draft-ietf-nmop-network-incident-yang/,2026-08-05,
draft-ietf-oauth-sd-jwt-vc-18,draft-ietf-oauth-sd-jwt-vc,18,new-draft,read_now,verifiable_claims,16,oauth,SD-JWT-based Verifiable Digital Credentials (SD-JWT VC),"This specification describes data formats as well as validation and
   processing rules to express Verifiable Digital Credentials with JSON
   payloads with and without selective disclosure based on the SD-JWT
   format.",https://datatracker.ietf.org/doc/draft-ietf-oauth-sd-jwt-vc/,2026-08-05,
draft-ietf-oauth-transaction-tokens-11,draft-ietf-oauth-transaction-tokens,11,new-draft,read_now,core_identity,15,oauth,Transaction Tokens,"Transaction Tokens (Txn-Tokens) are designed to maintain and
   propagate user identity, workload identity and authorization context
   throughout the Call Chain within a trusted domain during the
   processing of external requests (e.g. such as API calls) or requests
   initiated internally within the Trust Domain.  Txn-Tokens ensure that
   this context is preserved throughout the Call Chain thereby enhancing
   security and consistency in complex, multi-service architectures.",https://datatracker.ietf.org/doc/draft-ietf-oauth-transaction-tokens/,2026-08-05,
draft-ietf-opsawg-discardmodel-16,draft-ietf-opsawg-discardmodel,16,new-draft,adjacent_watchlist,adjacent_watchlist,3,opsawg,Information and Data Models for Packet Discard Reporting,"This document defines an Information Model and specifies a
   corresponding YANG data model for packet discard reporting.  The
   Information Model provides an implementation-independent framework
   for classifying packet loss by its cause (e.g., errors, congestion,
   or policy).  This classification enables operators to determine which
   losses are expected or intended and which are unintended, and to
   select appropriate mitigation actions, including automated mitigation
   of unintended packet loss.  The YANG data model specifies an
   implementation of this Information Model for network elements with a
   focus on interface, device, and control-plane discards.",https://datatracker.ietf.org/doc/draft-ietf-opsawg-discardmodel/,2026-08-05,
draft-ietf-regext-rdap-versioning-07,draft-ietf-regext-rdap-versioning,7,new-draft,ignored_after_review,ignored_after_review,0,regext,Versioning in the Registration Data Access Protocol (RDAP),"This document describes an RDAP extension for an extensible set of
   versioning types with the features of identifying the RDAP extension
   versions supported by the server, the RDAP extension versions
   included in an RDAP response, and enabling a client to specify the
   desired RDAP extension versions to include in the RDAP query and RDAP
   response.  In addition, this document defines a mechanism for
   communicating versioning and deprecation information that facilitates
   coordinated transitions between successive extension versions while
   minimizing the impact of breaking changes on deployed clients.",https://datatracker.ietf.org/doc/draft-ietf-regext-rdap-versioning/,2026-08-05,
draft-ietf-rtgwg-multisegment-sdwan-15,draft-ietf-rtgwg-multisegment-sdwan,15,new-draft,ignored_after_review,ignored_after_review,0,rtgwg,Multi-segment SD-WAN via Cloud DCs,"This document describes a method for seamlessly
   interconnecting geographically separated SD-WAN segments via
   a Cloud Backbone without requiring Cloud Gateways (GWs) to
   decrypt and re-encrypt traffic. By encapsulating IPsec-
   encrypted payloads within GENEVE headers (RFC 8926), the
   approach enables Cloud GWs to forward encrypted traffic
   directly between distant Customer Premises Equipment (CPEs).
   This reduces processing overhead, improves scalability, and
   preserves the confidentiality of enterprise data while
   ensuring secure and efficient multi-segment SD-WAN
   connectivity.",https://datatracker.ietf.org/doc/draft-ietf-rtgwg-multisegment-sdwan/,2026-08-05,
draft-ietf-rtgwg-vrrp-p2mp-bfd-15,draft-ietf-rtgwg-vrrp-p2mp-bfd,15,new-draft,ignored_after_review,ignored_after_review,0,rtgwg,Applicability of Bidirectional Forwarding Detection (BFD) for Multi-point Networks in Virtual Router Redundancy Protocol (VRRP),"This document specifies the applicability of Bidirectional Forwarding
   Detection in multipoint networks to support sub-second failure
   detection for Virtual Router Redundancy Protocol Router Role
   election.  The mechanism enables faster determination of the Active
   Router without requiring any modification to the protocol behavior or
   message formats defined in RFC 9568.",https://datatracker.ietf.org/doc/draft-ietf-rtgwg-vrrp-p2mp-bfd/,2026-08-05,
draft-ietf-scone-protocol-06,draft-ietf-scone-protocol,6,new-draft,ignored_after_review,ignored_after_review,0,scone,Standard Communication with Network Elements (SCONE) Protocol,"This document describes a protocol where on-path network elements can
   communicate their perspective on the maximum sustainable throughput
   for QUIC flows to endpoints.  This throughput advice suggests an
   upper bound on long-term average throughput, independent of and
   complementary to real-time congestion control signals.",https://datatracker.ietf.org/doc/draft-ietf-scone-protocol/,2026-08-05,
draft-ietf-sidrops-aspa-profile-29,draft-ietf-sidrops-aspa-profile,29,new-draft,read_now,authorization,9,sidrops,A Profile for Autonomous System Provider Authorization,"This document defines a Cryptographic Message Syntax (CMS) protected
   content type for Autonomous System Provider Authorization (ASPA)
   objects for use with the Resource Public Key Infrastructure (RPKI).
   An ASPA is a digitally signed object through which the issuer (the
   holder of an Autonomous System identifier), can authorize one or more
   other Autonomous Systems (ASes) as its transit providers.  When
   validated, an ASPA's eContent can be used for detection and
   mitigation of route leaks.",https://datatracker.ietf.org/doc/draft-ietf-sidrops-aspa-profile/,2026-08-05,
draft-ietf-tcpm-tcp-ao-algs-06,draft-ietf-tcpm-tcp-ao-algs,6,new-draft,adjacent_watchlist,core_identity,3,tcpm,Cryptographic Algorithms That Produce 128-bit MACs For Use With TCP-AO,"RFC5926 creates a list of cryptographic algorithms that can be used
   with TCP-AO.  This document expands that list, adding two Message
   Authentication Code (MAC) algorithms, HMAC-SHA256-128 and
   KMAC256-128.  For each MAC algorithm, a corresponding Key Derivation
   Function (KDF) is also added.

   The MAC algorithms described by this document produce 128-bit (i.e.,
   16-byte) MACs.  When 16-byte MACs are encoded in TCP-AO, the TCP-AO
   consumes 20 of the 40 bytes available for TCP options.",https://datatracker.ietf.org/doc/draft-ietf-tcpm-tcp-ao-algs/,2026-08-05,
draft-ietf-tcpm-tcp-ghost-acks-09,draft-ietf-tcpm-tcp-ghost-acks,9,new-draft,ignored_after_review,ignored_after_review,0,tcpm,Improve TCP Handling of Out-of-Window Packets to Mitigate Ghost ACKs,"Historically, TCP as specified in RFC 793 was threatened by the blind
   data injection attack because of the loose SEG.ACK value validation,
   where the SEG.ACK value of a TCP segment is considered valid as long
   as it does not acknowledge data ahead of what has been sent.  RFC
   5961 improved the input validation by shrinking the range of
   acceptable SEG.ACK values in a TCP segment.  Later, RFC 9293
   incorporated the updates proposed by RFC 5961 as a TCP stack
   implementation option.
   However, an endpoint that follows the RFC 9293 specifications can
   still accept a TCP segment containing an SEG.ACK value acknowledging
   data that the endpoint has never sent.  This document specifies small
   modifications to the way TCP verifies incoming TCP segments' SEG.ACK
   value to prevent TCP from accepting such invalid SEG.ACK values.",https://datatracker.ietf.org/doc/draft-ietf-tcpm-tcp-ghost-acks/,2026-08-05,
draft-ietf-teas-actn-poi-assurance-05,draft-ietf-teas-actn-poi-assurance,5,new-draft,ignored_after_review,ignored_after_review,0,teas,Applicability of Abstraction and Control of Traffic Engineered Networks (ACTN) for Packet Optical Integration (POI) service assurance,"This document extends the analysis of the applicability of
   Abstraction and Control of TE Networks (ACTN) architecture to Packet
   Optical Integration (POI) to cover multi-layer service assurance
   scenarios.  Specifically, the ACTN architecture supports service
   assurance through the detection and correlation of failures across
   the optical and packet layers, with failure handling performed
   through the relevant PNC.  The MDSC can also request health checks
   for IP services across multi-domain paths for SLA conformance
   assessment.  The PNCs may also be configured with thresholds so that
   alerts are reported when relevant service or network conditions
   exceed defined limits.  It is assumed that the underlying transport
   optical network carries end-to-end IP services such as L2VPN or L3VPN
   connectivity services, with specific Service Level Agreement (SLA)
   requirements.

   Existing IETF protocols and data models are identified for each
   multi-layer (packet over optical) service assurance scenario with a
   specific focus on the MPI (Multi-Domain Service Coordinator to
   Provisioning Network Controllers Interface) in the ACTN architecture.",https://datatracker.ietf.org/doc/draft-ietf-teas-actn-poi-assurance/,2026-08-05,
draft-ietf-teas-network-slice-topology-yang-04,draft-ietf-teas-network-slice-topology-yang,4,new-draft,adjacent_watchlist,adjacent_watchlist,3,teas,IETF Network Slice Topology YANG Data Model,"An RFC 9543 network slice customer may utilize intent-based
   topologies to express resource reservation intentions within the
   provider's network.  These customer-defined intent topologies allow
   customers to request shared resources for future connections that can
   be flexibly allocated and customized.  Additionally, they provide an
   extensive level of control over underlay service paths within the
   network slice.

   This document describes a YANG data model for expressing customer
   intent topologies which can be used to enhance the RFC 9543 Network
   Slice Services in specific use cases, such as Network wholesale
   scenarios, where both topology and connectivity intents need to be
   expressed.",https://datatracker.ietf.org/doc/draft-ietf-teas-network-slice-topology-yang/,2026-08-05,
draft-ietf-teas-ns-controller-models-08,draft-ietf-teas-ns-controller-models,8,new-draft,ignored_after_review,ignored_after_review,0,teas,IETF Network Slice Controller and its Associated Data Models,"This document describes an approach for structuring the IETF Network
   Slice Controller as well as how to use different data models being
   defined for IETF Network Slice Service provision (and how they are
   related).  It is not the purpose of this document to standardize or
   constrain the implementation of the IETF Network Slice Controller.",https://datatracker.ietf.org/doc/draft-ietf-teas-ns-controller-models/,2026-08-05,
draft-ietf-v6ops-6mops-08,draft-ietf-v6ops-6mops,8,new-draft,ignored_after_review,ignored_after_review,0,v6ops,IPv6-mostly Networks: Deployment and Operations Considerations,"This document discusses a deployment scenario called ""an IPv6-mostly
   network"", when IPv6-only and IPv4-enabled endpoints coexist on the
   same network (network segment, VLAN, SSID etc).  The proposed
   approach enables smooth and incremental transition from dual-stack to
   IPv6-only network by allowing IPv6-capable devices to remain
   IPv6-only while the network is seamlessly supplying IPv4 to those
   that require it.",https://datatracker.ietf.org/doc/draft-ietf-v6ops-6mops/,2026-08-05,
draft-ietf-v6ops-ipv6-only-01,draft-ietf-v6ops-ipv6-only,1,new-draft,ignored_after_review,ignored_after_review,0,v6ops,IPv6-Only and IPv6-Mostly Terminology Definitions,"This document defines the terminology regarding the usage of
   expressions such as ""IPv6-Only"" and ""IPv6-Mostly"", in order to avoid
   confusions when using them in IETF and other documents.  The goal is
   that a reference to ""IPv6-Only"" describes the actual functionality
   being used in a given scope, not the installed protocol support.",https://datatracker.ietf.org/doc/draft-ietf-v6ops-ipv6-only/,2026-08-05,
draft-ietf-v6ops-nat64-wkp-1918-06,draft-ietf-v6ops-nat64-wkp-1918,6,new-draft,ignored_after_review,ignored_after_review,0,v6ops,Using the Well-Known IPv6 Prefix to Represent Non-Global IPv4 Addresses,"This document modifies the requirement introduced in Section 3.1 of
   RFC6052 that IPv4/IPv6 Translators MUST NOT use the Well-Known Prefix
   64:ff9b::/96 to represent non-globally reachable IPv4 addresses, such
   as those defined in RFC1918 or listed in Section 2.2.2 of RFC6890.
   The proposed change enables IPv6-only nodes to reach IPv4-only
   services with specific non-globally reachable addresses by leveraging
   the Well-Known Prefix.

   This document updates Section 3.1 of RFC6052 (""Restrictions on the
   Use of the Well-Known Prefix"") to allow packets in which an address
   is composed of the Well-Known Prefix and specific non-globally
   reachable IPv4 addresses to be translated.",https://datatracker.ietf.org/doc/draft-ietf-v6ops-nat64-wkp-1918/,2026-08-05,
draft-ietf-v6ops-rfc6146-bis-11,draft-ietf-v6ops-rfc6146-bis,11,new-draft,ignored_after_review,ignored_after_review,0,v6ops,Stateful NAT64: Network Address and Protocol Translation from IPv6 Clients to IPv4 Servers,"This document describes stateful NAT64 translation, which allows
   IPv6-only clients to contact IPv4 servers using unicast UDP, TCP, or
   ICMP.  One or more public IPv4 addresses assigned to a stateful NAT64
   translator are shared among several IPv6-only clients.  When stateful
   NAT64 translation is used in conjunction with DNS64, no changes are
   required in either the IPv6 client or the IPv4 server.

   This document obsoletes RFC 6146.",https://datatracker.ietf.org/doc/draft-ietf-v6ops-rfc6146-bis/,2026-08-05,
draft-ietf-wimse-http-signature-06,draft-ietf-wimse-http-signature,6,new-draft,read_now,core_identity,14,wimse,WIMSE Workload-to-Workload Authentication with HTTP Signatures,"The WIMSE architecture defines authentication and authorization for
   software workloads in a variety of runtime environments, from the
   most basic ones to complex multi-service, multi-cloud, multi-tenant
   deployments.  This document defines one of the mechanisms to provide
   workload authentication, using HTTP Signatures.  While only
   applicable to HTTP traffic, the protocol provides end-to-end
   protection of requests (and optionally, responses), even when service
   traffic is not end-to-end encrypted, that is, when TLS proxies and
   load balancers are used.  Authentication is based on the Workload
   Identity Token (WIT).",https://datatracker.ietf.org/doc/draft-ietf-wimse-http-signature/,2026-08-05,
draft-intra-handshake-fail-02,draft-intra-handshake-fail,2,new-draft,adjacent_watchlist,trust_infrastructure,3,none,Intra-handshake Attestation Considered Harmful (CVE-2026-33697 of CVSS 7.5),"The draft aims to provide technical details of CVE-2026-33697 and
   EUVD-2026-16488 (https://euvd.enisa.europa.eu/enisa/EUVD-2026-16488),
   which is substantial technical evidence of how *intra*-handshake
   attestation fails in practice, even _without phyical access_.
   Moreover, since continuous attestation is required, *intra*-handshake
   attestation adds *unnecessary complexity*. The results are backed by
   the research [Intra-handshake.fail] and the ProVerif artifacts
   [Intra-handshake.fail-repo] under Apache-2.0 license for
   reproducibility, and have been acknowledged by the relevant
   stakeholders.",https://datatracker.ietf.org/doc/draft-intra-handshake-fail/,2026-08-05,
draft-irtf-cfrg-vdaf-21,draft-irtf-cfrg-vdaf,21,new-draft,monitor,adjacent_watchlist,5,cfrg,Verifiable Distributed Aggregation Functions,"This document describes Verifiable Distributed Aggregation Functions
   (VDAFs), a family of multi-party protocols for computing aggregate
   statistics over user measurements.  These protocols are designed to
   ensure that, as long as at least one aggregation server executes the
   protocol honestly, individual measurements are never seen by any
   server in the clear.  At the same time, VDAFs allow the servers to
   detect if a malicious or misconfigured client submitted an invalid
   measurement.  Two concrete VDAFs are specified, one for general-
   purpose aggregation (Prio3) and another for heavy hitters (Poplar1).

   This document is a product of the Crypto Forum Research Group (CFRG)
   in the IRTF.",https://datatracker.ietf.org/doc/draft-irtf-cfrg-vdaf/,2026-08-05,
draft-jacobs-web4-sovereign-entity-comprehension-00,draft-jacobs-web4-sovereign-entity-comprehension,0,new-draft,adjacent_watchlist,core_identity,3,none,Web4 Sovereign Entity Comprehension: Requirements and External Conformance Framework,"This document defines requirements and an external conformance
   framework for sovereign Machine Entity Comprehension (MEC) systems
   operating in Internet-connected or Internet-capable environments.

   MEC is defined as an externally observable capability.  A conforming
   system preserves entity identity across changing contexts,
   distinguishes similar but separate entities, determines relevant
   relationships and constraints, responds appropriately to material
   changes, handles contradictory assertions, and produces repeatable
   outcomes under equivalent declared conditions.

   The framework evaluates behavior through controlled inputs, pre-
   registered reference outcomes, declared system state, and observable
   outputs.  It does not prescribe or disclose internal representations,
   implementation algorithms, source code, deployment architecture,
   confidential operational methods, or other implementation-specific
   mechanisms.

   The document also defines operational-sovereignty requirements for
   systems intended to remain under operator control and retain declared
   core capabilities without dependence on an external intelligence
   service.  A minimal, implementation-neutral conformance record
   supports comparable reporting across heterogeneous systems.",https://datatracker.ietf.org/doc/draft-jacobs-web4-sovereign-entity-comprehension/,2026-08-05,
draft-jeong-nmrg-security-management-automation-01,draft-jeong-nmrg-security-management-automation,1,new-draft,ignored_after_review,ignored_after_review,0,none,An I2NSF Framework for Security Management Automation in Cloud-Based Security Systems,"This document describes a Framework for Interface to Network Security
   Functions (I2NSF) in [RFC8329] for Security Management Automation
   (SMA) in Cloud-Based Security Systems.  This security management
   automation facilitates Closed-Loop Security Control, Security Policy
   Translation, and Security Audit.  To support these three features in
   SMA, this document specifies an extended architecture of the I2NSF
   framework with new system components and new interfaces.  Thus, the
   SMA in this document can facilitate Intent-Based Security Management
   with Intent-Based Networking (IBN) in [RFC9315].",https://datatracker.ietf.org/doc/draft-jeong-nmrg-security-management-automation/,2026-08-05,
draft-jovancevic-vdac-03,draft-jovancevic-vdac,3,new-draft,read_now,core_identity,12,none,Verifiable Data Access Contract (VDAC),"This document specifies the Verifiable Data Access Contract (VDAC),
   a protocol for cryptographically verifiable bilateral agreement
   between a content publisher and an automated agent regarding the
   terms of programmatic data access. VDAC defines the mechanism by
   which a site issues an access offer, an agent accepts that
   offer, both parties sign the resulting contract, and per-request
   references bind individual interactions to agreed terms.

   VDAC is the protocol-layer realization of the bilateral commitment
   principle introduced in Section 6.6 of the Verifiable Identity
   Claims and Delegation Model [VICDM] and operates as a companion
   specification to the Signed Agent Identity Protocol [SAIP].

   This document defines mechanism, not content: VDAC verifies the
   existence and integrity of an agreement; the substance of what is
   agreed remains entirely between the contracting parties.",https://datatracker.ietf.org/doc/draft-jovancevic-vdac/,2026-08-05,
draft-jovancevic-vicdm-09,draft-jovancevic-vicdm,9,new-draft,read_now,core_identity,19,none,Verifiable Identity Claims and Delegation Model (VICDM),"This document defines a conceptual framework for handling identity
   assertions in application-layer protocols. It introduces a model
   in which identity on the Internet is optional, but any asserted
   identity MUST be verifiable.

   It further defines a delegation mechanism that allows entities to
   authorize third-party infrastructure to act on their behalf in a
   verifiable and transparent manner.

   The goal is to reduce identity misrepresentation while fully
   preserving the ability for anonymous and pseudonymous interaction.
   This document does not define a protocol; it defines the principles
   that protocol specifications SHOULD follow when addressing agent
   identity.

   A concrete protocol implementation of these principles is defined
   in [SAIP].",https://datatracker.ietf.org/doc/draft-jovancevic-vicdm/,2026-08-05,
draft-jurkovikj-json-three-way-merge-00,draft-jurkovikj-json-three-way-merge,0,new-draft,monitor,core_identity,6,none,Deterministic Three-Way Merge for JSON Values,"For a fixed, disclosed resource policy, this document defines a
   deterministic three-way merge operation for a restricted JSON value
   domain.  Given a shared base value and two independently derived
   values, called source and target, the operation produces either one
   complete merged JSON value or an ordered set of structured conflicts.

   The operation defines strict JSON input processing, finite binary64
   number normalization, scalar and object merge laws, explicit missing-
   member semantics, RFC 6901 conflict paths, typed conflict kinds, a
   fail-closed result for arrays, and bounded failure behavior.  It is
   independent of HTTP and does not define array merge semantics,
   application-specific semantic resolution, content identity, or
   authorization policy.",https://datatracker.ietf.org/doc/draft-jurkovikj-json-three-way-merge/,2026-08-05,
draft-kamimura-scitt-refusal-events-03,draft-kamimura-scitt-refusal-events,3,new-draft,read_now,trust_infrastructure,7,none,Verifiable AI Refusal Events using SCITT,"This document defines a claim set for recording AI content refusal
   events.  The claim set specifies the semantic content and correlation
   rules for refusal audit trails, independent of any particular
   serialization format.  The claims are designed to be carried within
   SCITT Signed Statements and verified using SCITT Receipts.

   This specification addresses claim semantics and verification
   requirements; it does not mandate a specific encoding.  A CDDL
   definition is provided for CBOR-based implementations, and equivalent
   JSON representations are shown in an appendix for illustration.

   This specification provides auditability of logged refusal decisions.
   It does not define content moderation policies, classification
   criteria, or what AI systems should refuse.",https://datatracker.ietf.org/doc/draft-kamimura-scitt-refusal-events/,2026-08-05,
draft-khrabrov-dnsop-aname-axfr-00,draft-khrabrov-dnsop-aname-axfr,0,new-draft,ignored_after_review,ignored_after_review,0,none,Address-specific DNS Aliases (ANAME) and Zone Transfer,"This document defines the ANAME DNS resource record.  ANAME provides
   name-to-name indirection for address queries while allowing other
   resource record types to exist at the same owner name.  It is
   therefore usable at a zone apex.

   This document also defines authoritative processing, TTL and failure
   behavior, DNSSEC considerations, and interoperable transport of ANAME
   records in full and incremental zone transfers.  In particular, each
   ANAME-capable authoritative server resolves the transferred target
   independently.  This avoids treating transient, synthesized address
   records as the portable source of zone data.",https://datatracker.ietf.org/doc/draft-khrabrov-dnsop-aname-axfr/,2026-08-05,
draft-kohbrok-mls-two-party-profile-01,draft-kohbrok-mls-two-party-profile,1,new-draft,ignored_after_review,ignored_after_review,0,none,A two-party profile for MLS,TODO Abstract,https://datatracker.ietf.org/doc/draft-kohbrok-mls-two-party-profile/,2026-08-05,
draft-lcurley-moq-cluster-00,draft-lcurley-moq-cluster,0,new-draft,ignored_after_review,ignored_after_review,0,none,MoQ Cluster Extension,"This document defines a clustering extension for MoQ Transport
   [moqt], used to build a mesh of relays.  Each namespace advertisement
   carries the ordered list of Hop IDs it has traversed, starting with
   the original publisher, plus the accumulated cost of that path.  A
   receiver uses the list to detect routing loops and to identify which
   advertisements come from the same publisher, and the cost to choose
   between paths.  Each endpoint declares its own Hop ID during setup,
   and the peer uses it to avoid advertising or serving a path that
   already passed through that endpoint.",https://datatracker.ietf.org/doc/draft-lcurley-moq-cluster/,2026-08-05,
draft-lcurley-moq-hang-02,draft-lcurley-moq-hang,2,new-draft,ignored_after_review,ignored_after_review,0,none,Media over QUIC - Hang,"Hang is a real-time conferencing protocol built on top of moq-lite.
   A room consists of multiple participants who publish media tracks.
   All updates are live, such as a change in participants or media
   tracks.",https://datatracker.ietf.org/doc/draft-lcurley-moq-hang/,2026-08-05,
draft-lcurley-moq-timestamp-01,draft-lcurley-moq-timestamp,1,new-draft,adjacent_watchlist,verifiable_claims,1,none,MoQ Object Timestamp Extension,"This document specifies the transport-level use of the TIMESTAMP and
   TIMESCALE properties registered by [loc], independent of the LOC
   container itself.  A track-level Timescale property establishes the
   units, and an object-level Timestamp property carries the
   presentation time of each object.  Exposing media time to the
   transport lets relays make consistent age-based decisions (e.g.
   dropping stale objects) without parsing the media container, and it
   remains consistent across hops regardless of buffering or jitter.  No
   new code points are requested: an endpoint implementing this document
   is on the wire indistinguishable from a LOC endpoint that carries
   only these two properties.",https://datatracker.ietf.org/doc/draft-lcurley-moq-timestamp/,2026-08-05,
draft-lcurley-qmux-websocket-00,draft-lcurley-qmux-websocket,0,new-draft,ignored_after_review,ignored_after_review,0,none,QMux over WebSocket,"QMux [qmux] is a polyfill that runs QUIC applications over an
   ordered, reliable byte-stream transport such as TCP with TLS.  This
   document defines a binding for QMux over WebSocket [RFC6455].  A
   WebSocket binding lets QUIC applications reach environments where UDP
   is blocked and where only an HTTP/WebSocket stack is available,
   including web browsers that lack WebTransport.",https://datatracker.ietf.org/doc/draft-lcurley-qmux-websocket/,2026-08-05,
draft-leopizzi-fulmen-00,draft-leopizzi-fulmen,0,new-draft,adjacent_watchlist,core_identity,3,none,FULMEN 1.0,"This document specifies FULMEN version 1.0, an event-based, bi-
   directional client-server communication protocol with a binary wire
   format.  Within a FULMEN connection, both the client and the server
   can send events.  An event is a message frame identified by a
   sequential identifier and addressed by a UTF-8 path used for routing
   and dispatching; its sender can request an acknowledgment, a response
   correlated to the event that carries a status code describing the
   outcome of its processing.  Events and acknowledgments can carry a
   binary payload, either inline within the frame or delivered
   incrementally in chunks through a stream.  The protocol version in
   use is negotiated during the connection handshake.  FULMEN also
   defines an extension mechanism, based on typed data units attached to
   protocol messages, through which additional functionality can be
   introduced without changes to the wire format.",https://datatracker.ietf.org/doc/draft-leopizzi-fulmen/,2026-08-05,
draft-liang-tcp-provenance-option-02,draft-liang-tcp-provenance-option,2,new-draft,monitor,core_identity,6,none,TCP Provenance Identifier Option,"This document describes a TCP option that carries a Provenance
   Identifier (ProvID) to enable correlation of TCP connections when
   transport-layer identifiers change along the path.",https://datatracker.ietf.org/doc/draft-liang-tcp-provenance-option/,2026-08-05,
draft-lingga-nmrg-analytics-interface-dm-01,draft-lingga-nmrg-analytics-interface-dm,1,new-draft,adjacent_watchlist,adjacent_watchlist,3,none,A YANG Data Model for Analytics Interface in Interface to Network Security Functions (I2NSF),"This document describes an information model and a YANG data model
   for the Analytics Interface between an Interface to Network Security
   Functions (I2NSF) Analyzer and a Security Controller in an I2NSF
   framework.  I2NSF Analyzer collects the monitoring data from Network
   Security Functions (NSF), and analyzes them with Machine Learning
   (ML) algorithms.  This Analytics Interface is used for I2NSF Analyzer
   to deliver analysis results (e.g., policy reconfiguration and
   feedback message) to Security Controller for Closed-Loop Security
   Control in the I2NSF Framework in
   [I-D.jeong-nmrg-security-management-automation].  The YANG data model
   described in this document is based on the YANG data models of the
   I2NSF NSF-Facing Interface [I-D.ietf-i2nsf-nsf-facing-interface-dm]
   and the I2NSF Monitoring Interface
   [I-D.ietf-i2nsf-nsf-monitoring-data-model].",https://datatracker.ietf.org/doc/draft-lingga-nmrg-analytics-interface-dm/,2026-08-05,
draft-liu-idr-bgp-ls-sr-policy-spray-state-00,draft-liu-idr-bgp-ls-sr-policy-spray-state,0,new-draft,ignored_after_review,ignored_after_review,0,none,BGP-LS Extension for SR Policy Packet Spray State,"This document proposes an extension to BGP-LS that allows a headend
   node, when reporting SR Policy state information via BGP-LS, to carry
   a new state flag at the candidate path level.  This flag indicates
   whether the candidate path is currently being used for packet
   spraying.  The information can be consumed by external controllers
   for path optimization, operations management or other purposes.",https://datatracker.ietf.org/doc/draft-liu-idr-bgp-ls-sr-policy-spray-state/,2026-08-05,
draft-liu-moq-feedback-00,draft-liu-moq-feedback,0,new-draft,adjacent_watchlist,adjacent_watchlist,3,none,MoQ Feedback,"This document defines an extension to Media over QUIC Transport
   (MOQT) that enables MoQ receivers to report delivery quality
   information for media Objects to senders.  The MoQ layer synthesizes
   MMF feedback and local congestion control (CC) output to compute
   control decisions such as bitrate, frame rate, and pacing, and inform
   the CC algorithm module via a cross-layer control interface.  This
   mechanism reuses the MOQT Track/Object data model without introducing
   new control message types.  While QUIC ACK and reception timestamp
   extensions continue to provide per-packet CC signals; this mechanism
   adds per-Object media semantic feedback when the MMF extension is
   negotiated and enabled.",https://datatracker.ietf.org/doc/draft-liu-moq-feedback/,2026-08-05,
draft-lohmann-qikvrt-effect-ack-03,draft-lohmann-qikvrt-effect-ack,3,new-draft,monitor,authorization,6,none,QIK-VRT Effect Acknowledgement: Separating Receipt from Authorization for Downstream Effect,"Transport acknowledgements establish technical receipt; they do not
   establish that a received information unit is understood, policy-
   compliant, or authorized to produce a downstream effect.  This
   document defines an Experimental application-layer control record,
   called EFFECT_ACK, that separates receipt from effect authorization.

   The protocol has five closed version-1 outcomes.  Ordinary downstream
   release is permitted only for EFFECT_ACK_DONE and only after
   validation of the record, its policy and evidence bindings, its
   freshness, and its authenticated origin.  This document specifies the
   state-selection algorithm, version handling, a deterministic JSON
   representation, hash chaining, timeout behavior, conformance
   requirements, and security and privacy boundaries.

   This protocol does not modify TCP, QUIC, or the OSI model; does not
   solve the halting problem; and does not establish the truth of
   external evidence.  It provides a machine-checkable authorization
   boundary under explicitly stated deployment assumptions.",https://datatracker.ietf.org/doc/draft-lohmann-qikvrt-effect-ack/,2026-08-05,
draft-ma-dnssd-srp-service-routing-00,draft-ma-dnssd-srp-service-routing,0,new-draft,adjacent_watchlist,core_identity,3,none,Service Type Routing for DNS-SD Service Registration Protocol,"This document defines the _str._dns-sd._udp (Service Type Routing)
   metadata label, a backward-compatible extension for SRP registration.
   This mechanism relaxes the original single-registration-domain
   constraint, enabling clients to publish distinct service types to
   independent target DNS zones and dedicated SRP registrar instances.
   It supports fine-grained operational tuning, administrative isolation
   of heterogeneous services.  This extension only modifies SRP
   registration domain selection logic, fully preserves existing SRP
   wire format, authentication, leasing and discovery behaviors, and
   introduces no impact on DNS-SD service browsing operations.",https://datatracker.ietf.org/doc/draft-ma-dnssd-srp-service-routing/,2026-08-05,
draft-mccormack-ztip-00,draft-mccormack-ztip,0,new-draft,read_now,trust_infrastructure,11,none,"The Zero Trust Intelligence Protocol (ZTIP): Governed, Independently Verified AI Agent Transactions","The Zero Trust Intelligence Protocol (ZTIP) is an open, transport-
   neutral protocol for governed AI agent transactions.  It defines five
   immutable JSON envelope types and a transaction lifecycle under which
   every agent-initiated action is authorized by policy before
   execution, integrity-protected by hash over a canonical form, and --
   distinctively -- verified as complete by an authority independent of
   the actor that performed the work.  An executor's claim of success is
   treated as attestation, and attestation alone never satisfies a
   required verification check.  This document describes ZTIP version
   1.0-draft for the record; the full specification, JSON Schemas,
   examples, and a reference runtime are maintained in the open at the
   repository referenced herein.",https://datatracker.ietf.org/doc/draft-mccormack-ztip/,2026-08-05,
draft-mcguinness-oauth-id-continuation-assertion-00,draft-mcguinness-oauth-id-continuation-assertion,0,new-draft,read_now,authorization,15,none,Identity Continuation Assertion for OAuth 2.0 Token Exchange,"This document defines the Identity Continuation Assertion, a short-
   lived, sender-constrained JWT used as an OAuth 2.0 Token Exchange
   subject token.  It lets an Identity Provider (IdP) issue an onward
   Identity Assertion JWT Authorization Grant (ID-JAG) when a user's
   request crosses service boundaries after the user is no longer
   present.  The profile targets deployments in which several Resource
   Authorization Servers trust one IdP and use audience-local subject
   identifiers that only the IdP can resolve.  It complements offline
   attenuation for intra-domain fan-out that does not change the
   subject.",https://datatracker.ietf.org/doc/draft-mcguinness-oauth-id-continuation-assertion/,2026-08-05,
draft-melnikov-imap-rememberme-01,draft-melnikov-imap-rememberme,1,new-draft,adjacent_watchlist,core_identity,3,none,IMAP REMEMBERME extension for quick reauthentication token generation,"This document specifies an IMAP extension for generating quick
   reauthentication tokens that allow clients to re-login without user
   interaction, once authentication using a strong SASL mechanism is
   completed.",https://datatracker.ietf.org/doc/draft-melnikov-imap-rememberme/,2026-08-05,
draft-melnikov-imap-sasl2-profile-00,draft-melnikov-imap-sasl2-profile,0,new-draft,adjacent_watchlist,core_identity,3,none,IMAP SASL2 Profile,"This document specifies an IMAP extension for SASL2 authentication,
   which extends IMAP SASL (RFC 4422) Profile.",https://datatracker.ietf.org/doc/draft-melnikov-imap-sasl2-profile/,2026-08-05,
draft-melnikov-sasl2-03,draft-melnikov-sasl2,3,new-draft,adjacent_watchlist,core_identity,3,none,Extensible Simple Authentication and Security Layer (SASL),"The Simple Authentication and Security Layer (SASL) is a framework
   for providing authentication and data security services in
   connection-oriented protocols via replaceable mechanisms.  It
   provides a structured interface between protocols and mechanisms.
   The resulting framework allows new protocols to reuse existing
   mechanisms and allows old protocols to make use of new mechanisms.
   The framework also provides a protocol for securing subsequent
   protocol exchanges within a data security layer.

   This document describes how a SASL mechanism is structured, describes
   how protocols include support for SASL, and defines the protocol for
   carrying a data security layer over a connection.  This document also
   defines how servers can request fulfillment of extra authentication
   related tasks, such as two factor authentication and/or password
   change.",https://datatracker.ietf.org/doc/draft-melnikov-sasl2/,2026-08-05,
draft-meunier-privacypass-reverse-flow-07,draft-meunier-privacypass-reverse-flow,7,new-draft,adjacent_watchlist,privacy_security,3,none,Privacy Pass Reverse Flow,"This document specifies an instantiation of the Privacy Pass
   Architecture (RFC 9576) that allows for a ""reverse"" flow from the
   Origin to the Client.  It describes a method for an Origin to issue a
   state update to the Client in response to a request in which a token
   is redeemed.",https://datatracker.ietf.org/doc/draft-meunier-privacypass-reverse-flow/,2026-08-05,
draft-mih-agent-accountability-conformance-00,draft-mih-agent-accountability-conformance,0,new-draft,read_now,authorization,10,none,Agent Accountability: A Conformance and Verification Method,"An architecture for auditing agent-driven interactions (draft-
   kuehlewind-audit-architecture) identifies the record types an
   auditable agent system produces — interaction, action, delegation,
   and authorization-transition — and the role of an Auditor that
   determines whether recorded behaviour matched intent and the
   authorization in force.  That architecture does not specify how an
   Auditor, or any independent party, deterministically verifies that a
   set of such records — produced by different parties, in different
   profiles, and composed into one case — is internally consistent and
   correctly derives an audit conclusion.

   This document specifies a horizontal conformance and verification
   methodology for composed agent-accountability records.  It organizes
   conformance into three tiers: the payload-binding layer, per-record-
   type (per-slot) conformance, and composition (combination)
   conformance.  It defines the determinism boundary between what is
   mechanically derivable from the binding rules and the individual
   records, and what is irreducibly semantic; a conformance-vector
   discipline (positive, negative, and must-fail cases, checked in both
   directions) that any record profile reuses rather than reinvents; and
   a deterministic method for deriving composition-conformance vectors
   from binding rules, individual-record vectors, a composition
   manifest, and a set of cross-record predicates.  The methodology is
   profile-agnostic: it applies uniformly to any accountability record
   type and to any declared composition of them, whether those records
   are joined across parties or across attestation layers.  Its lower
   two tiers verify a single record, so the method applies where no
   composition is present and strengthens as records are composed.  It
   is intended as the composition-verification work item of the auditing
   architecture — the one its enumerated work items do not yet cover.",https://datatracker.ietf.org/doc/draft-mih-agent-accountability-conformance/,2026-08-05,
draft-moccia-dkim2-deployment-profile-07,draft-moccia-dkim2-deployment-profile,7,new-draft,read_now,core_identity,8,none,A Deployment Profile for DKIM2 via Milter Interface,"This document defines a deployment profile for DomainKeys Identified
   Mail v2 (DKIM2) that is implementable via the existing milter
   interface without modifications to Mail Transfer Agent (MTA) core
   software.  It identifies a mandatory core profile (DKIM2-core)
   covering envelope binding, chain of custody, header accountability,
   replay prevention and DSN authentication and an optional extended
   profile (DKIM2-extended) covering body recipes and Message-Instance
   headers.  The separation is motivated by deployment realism: the core
   profile addresses the primary threat models identified in the DKIM2
   motivation document and is deployable incrementally across
   heterogeneous infrastructure, including small operators, universities
   and research institutions, using the same milter-based deployment
   model that has proven effective for DKIM1 and ARC.

   The intent of this document is not to obstruct DKIM2 but to make it
   deployable.  DKIM2-core can be deployed incrementally across the
   heterogeneous ecosystem in a short timeframe.  DKIM2-extended
   requires significantly longer implementation cycles and may not be
   deployable in jurisdictions with stricter privacy requirements.  Both
   profiles are part of DKIM2 - the separation serves adoption, not
   opposition.",https://datatracker.ietf.org/doc/draft-moccia-dkim2-deployment-profile/,2026-08-05,
draft-moskowitz-ads-b-auth-01,draft-moskowitz-ads-b-auth,1,new-draft,monitor,core_identity,6,none,ADS-B Authentication,"The Automatic Dependent Surveillance – Broadcast (ADS-B) is a
   surveillance technology mandated in many airspaces.  It is now widely
   deployed but suffers a lack of security and privacy.  From a security
   point of view, it is relatively easy to spoof the ADS-B messages.
   With the appropriate readily available hardware and software.  From a
   privacy point of view, all the messages contain the aircraft’s
   assigned 24-bit ICAO address, which makes it easy to link to data
   about the aircraft, in particular to know when a particular aircraft
   has flown and where to.  In addition, the main transmission medium
   utilized for ADS-B, i.e. the 1090 MHz frequency used by Extended
   Squitter (1090ES), is approaching saturation in some parts of the
   world with ADS-B and other protocol messages, resulting in packet
   loss in certain areas [RF_Usage].

   This paper presents the IETF TESLA protocol along with X.509
   certificates issued by ICAO member states for each aircraft to
   authenticate all ADS-B messaging.  It leverages the 8PSK phase
   overlay (PO) scheme proposed in the Minimum Operational Performance
   Standards (MOPS) for ADS-B (RTCA [DO-260C]), which enables 1090ES
   ADS-B transmissions to convey three times more information, to
   support the transmission of the extra security information required
   by the authentication scheme.  By doing so, the impact of
   authentication on channel usage is negligible.  Beyond message
   authentication, this scheme protocol has two important additional
   benefits: 1) the possibility to implement a Flight Authorization
   scheme, allowing ATC and intercepting aircraft to not only
   authenticate an aircraft but to verify that it is authorizes to
   conduct that flight and 2) a methodology for adequately protecting
   the privacy by assigning rotating 24-bit identifiers to designated
   aircraft, while maintaining the possibility to (blindly) authenticate
   their ADS-B transmissions.",https://datatracker.ietf.org/doc/draft-moskowitz-ads-b-auth/,2026-08-05,
draft-norton-sdlp-interop-profile-03,draft-norton-sdlp-interop-profile,3,new-draft,read_now,trust_infrastructure,22,none,"SDLP Interoperability Profile for Ownership, Verification, and Provenance Evidence","This document defines an interoperability profile for the Secured
   Digital Lifecycle Protocol (SDLP). The profile specifies how SDLP
   canonical objects, identity, lineage, lifecycle state, and digests
   are composed with external verification, typed authority evaluation,
   and provenance evidence semantics. It introduces a transition vector
   model that carries canonical SDLP envelopes together with CAID
   projections, AEC evidence results, local authorization decisions, and
   AEB execution outcomes, without altering SDLP’s core object
   semantics.

   The profile defines how SDLP objects participate in multi-stage
   verification pipelines and how mutated candidate inputs, negative
   cases, and authority constraints are represented. It also specifies
   composition rules for integrating SDLP with provenance and
   transparency systems such as CAID, AEC, AEB, SCITT, and EMILIA, while
   preserving the separation of concerns between SDLP canonical
   semantics and ecosystem-specific admission and trust policies.",https://datatracker.ietf.org/doc/draft-norton-sdlp-interop-profile/,2026-08-05,
draft-norton-sdlp-lineage-03,draft-norton-sdlp-lineage,3,new-draft,read_now,core_identity,11,none,SDLP Lineage Specification,"This document defines the SDLP lineage model, which provides the
   canonical method for representing the ancestry of SDLP-governed
   objects. Lineage is a structural property that records how an object
   evolves through duplication and transformation events. The lineage
   model ensures that descendant objects remain uniquely identifiable
   and traceable across all lifecycle transitions.

   Lineage-03 aligns the lineage grammar with Identity-02, Lifecycle-02,
   and Object-Format-07, and defines deterministic ancestry extension
   rules that produce stable, verifiable lineage across all SDLP
   implementations. This revision incorporates BitDrop conditions for
   invalid lineage transitions and specifies normative validation
   requirements for relying parties. Together with Identity-02,
   Lifecycle-02, and Object-Format-07, this document provides the
   authoritative lineage model required for interoperable identity,
   lifecycle, and provenance processing.",https://datatracker.ietf.org/doc/draft-norton-sdlp-lineage/,2026-08-05,
draft-norton-sdlp-obj-format-07,draft-norton-sdlp-obj-format,7,new-draft,monitor,core_identity,6,none,SDLP Object Format Specification,"This document defines the canonical object format for the Secured
   Digital Lifecycle Protocol (SDLP). The object format specifies the
   normative byte-level representation used for hashing, signing,
   validation, and interoperability across SDLP implementations. All
   SDLP-governed objects MUST follow the canonical encoding, field
   ordering, and serialization grammar defined in this specification.

   Object-Format-07 freezes the canonical envelope grammar and provides
   a concrete example of a fully serialized SDLP object to illustrate
   how DigitalID, InstanceID, Lineage, Timestamp, and Body are encoded
   in practice. This revision also introduces brief application context
   describing how SDLP objects are used in provenance, auditability, and
   regulated-content workflows.

   This document updates and replaces draft-norton-sdlp-obj-format-06
   and provides the authoritative definition of the SDLP object format
   required for interoperable identity, lineage, and lifecycle
   processing.",https://datatracker.ietf.org/doc/draft-norton-sdlp-obj-format/,2026-08-05,
draft-nurpmeso-delivered-enc-01,draft-nurpmeso-delivered-enc,1,new-draft,ignored_after_review,ignored_after_review,0,none,Delivered-Enc Email Header Field,"Cryptographically protected email aims in hiding and protecting.
   Extending this to an uppermost extend also for trace headers, and/or
   the transport layer, so that only directly involved hops, which need
   to have a notion to ""know"", the sending system and/or the receiving
   system thus, can interpret certain header information, can be
   important.  This document ensures that only the receiving system, in
   its desire to prevent email loops, can interpret the real content of
   the delivery notice header.",https://datatracker.ietf.org/doc/draft-nurpmeso-delivered-enc/,2026-08-05,
draft-nurpmeso-dkim-access-control-diff-changes-12,draft-nurpmeso-dkim-access-control-diff-changes,12,new-draft,ignored_after_review,ignored_after_review,0,dkim,DKIM Access Control and Differential Changes,"This document specifies a DKIM (RFC 6376) iteration that allows
   cryptographical verification of SMTP (RFC 5321) envelope data, and of
   any signature along the message path, even beyond IMF (RFC 5322)
   message content changes.  It addresses existing security glitches,
   and introduces active mitigations to embrace collateral damage
   effects of email solutions of the younger past by a standardized
   solution, also by moving complexity away from lower network protocol
   layers, where problems cannot be solved.  It updates DKIM in certain
   aspects that reality has proven to be superfluous, incomplete, or
   obsoleted.",https://datatracker.ietf.org/doc/draft-nurpmeso-dkim-access-control-diff-changes/,2026-08-05,
draft-nurpmeso-smtp-tls-srv-08,draft-nurpmeso-smtp-tls-srv,8,new-draft,ignored_after_review,ignored_after_review,0,none,Secure SMTP/TLS SRV Announcement,"This specification defines a DNS (RFC 1035) SRV (RFC 2782) record
   that announces TLS (RFC 9325) secured SMTP (RFC 5321, RFC 3207),
   optionally including Implicit TLS.",https://datatracker.ietf.org/doc/draft-nurpmeso-smtp-tls-srv/,2026-08-05,
draft-nurpmeso-smtp-verp-03,draft-nurpmeso-smtp-verp,3,new-draft,ignored_after_review,ignored_after_review,0,none,SMTP VERP Service Extension,"This specification makes official D.  J.  Bernstein's Variable
   Envelope Return Paths: VERP.",https://datatracker.ietf.org/doc/draft-nurpmeso-smtp-verp/,2026-08-05,
draft-okutomi-session-bound-agent-identity-06,draft-okutomi-session-bound-agent-identity,6,new-draft,read_now,core_identity,13,none,A Verifier-Side Acceptance Profile for Channel-Bound Agent Identity and Authorization,"This document defines a verifier-side acceptance profile for channel-
   bound Agent identity and authorization.  It addresses context
   diversion, where cryptographically valid material is accepted for a
   different service, tenant, actor, task, target, delegation, or
   authority boundary than the verifier intended.

   A verifier accepts an actor only when a verified authority grant,
   holder-of-key proof, accepted channel instance, freshness and replay
   state, any required attestation result, and verifier-local policy all
   describe the same intended interaction.  Protocol-specific wire
   formats and deployment choices are left to binding profiles.",https://datatracker.ietf.org/doc/draft-okutomi-session-bound-agent-identity/,2026-08-05,
draft-ovidi-lip-4d-00,draft-ovidi-lip-4d,0,new-draft,read_now,core_identity,22,none,LIP-4D: An Intent Context and Authorization Dialogue Protocol for Autonomous Agents,"This document specifies LIP-4D, an experimental, transport-
   independent JSON protocol for expressing and evaluating the intent of
   autonomous software agents.  A LIP-4D exchange binds an authenticated
   agent to a requested action, purpose, execution context, rationale
   claims, evidence, time constraints, and an evolution history.  A
   policy enforcement component can challenge the agent for additional
   evidence and, after evaluation, issue a short-lived intent-bound
   authorization grant or deny the request.

   LIP-4D does not replace workload identity, cryptographic
   authentication, OAuth, or other authorization frameworks.  It
   supplies a structured intent and evidence layer that can be used with
   those systems.  The protocol deliberately excludes private model
   chain-of-thought and instead carries concise, reviewable claims and
   verifiable evidence.",https://datatracker.ietf.org/doc/draft-ovidi-lip-4d/,2026-08-05,
draft-pant-ai-mib-00,draft-pant-ai-mib,0,new-draft,monitor,core_identity,5,none,AI-MIB: A Management Information Base Extension for Artificial Intelligence Infrastructure in Telecommunications Networks,"The rapid proliferation of Artificial Intelligence (AI) and Graphics
   Processing Unit (GPU) infrastructure within telecommunications
   networks has exposed a fundamental gap in existing network management
   frameworks.  The Simple Network Management Protocol (SNMP), the de
   facto standard for network element monitoring since RFC 1157 (1990),
   provides no native support for monitoring AI accelerators, GPU
   clusters, high-bandwidth interconnects such as NVLink and InfiniBand,
   or AI workload telemetry.  This document proposes AI-MIB: a
   Management Information Base extension that defines a standardised
   Object Identifier (OID) tree for AI infrastructure management within
   the SNMP framework.  AI-MIB is designed to operate alongside existing
   Operations Support Systems and Business Support Systems (OSS/BSS) in
   telecommunications environments, preserving backward compatibility
   with SNMPv3 while extending the framework's scope to cover GPU
   health, accelerator interconnect metrics, AI workload performance
   indicators, and energy consumption.  This document also outlines two
   future extensions: a subscription-based streaming capability for
   SNMPv3 (informally designated SNMPv3+), and a schema-mapping
   specification for a SNMP-gNMI Translation Gateway that bridges SNMP/
   MIB and gNMI/YANG data models.",https://datatracker.ietf.org/doc/draft-pant-ai-mib/,2026-08-05,
draft-rabadan-bess-evpn-srv6-ar-00,draft-rabadan-bess-evpn-srv6-ar,0,new-draft,ignored_after_review,ignored_after_review,0,none,Applicability of EVPN Assisted Replication to SRv6 Tunnels,"Assisted Replication (AR) is an optimized ingress replication
   solution for Ethernet VPN (EVPN) Broadcast and Multicast (BM)
   traffic.  AR offloads the replication effort from ingress Network
   Virtualization Edge (NVE) devices onto Assisted Replication
   Replicators (AR-REPLICATORs).  The base AR specification is focused
   on Network Virtualization Overlay (NVO) networks that use IP tunnels,
   and it is typically deployed for Virtual eXtensible Local Area
   Network (VXLAN).  EVPN services can also be instantiated over Segment
   Routing over IPv6 (SRv6); however, the SRv6 EVPN transport
   specification supports only ingress replication for BUM traffic, and
   the AR procedures rely on IP-tunnel semantics (such as the tunnel
   source and destination IP addresses) that do not map exactly to an
   SRv6 data plane.  As a result, AR cannot be readily deployed over
   SRv6 tunnels.

   This document specifies the applicability of Assisted Replication to
   SRv6 tunnels, for EVPN BM traffic, for selective multicast based on
   Internet Group Management Protocol (IGMP) and Multicast Listener
   Discovery (MLD) proxy, and for EVPN IP multicast traffic based on
   Optimized Inter-Subnet Multicast (OISM).  It defines a new SRv6
   Endpoint behavior for the AR-REPLICATOR role and the associated
   control-plane procedures, so that the AR solution can be used with an
   SRv6 underlay.",https://datatracker.ietf.org/doc/draft-rabadan-bess-evpn-srv6-ar/,2026-08-05,
draft-ranjbar-dane-did-01,draft-ranjbar-dane-did,1,new-draft,read_now,core_identity,8,none,Rooting Decentralized Identifiers in DNSSEC: A DANE-EE Key-Binding Profile,"Several Decentralized Identifier (DID) methods root trust in a DNS
   name: did:web binds an identifier to a domain and today verifies its
   keys over the Web PKI, did:dns serves DID data from DNS resource
   records, and did:webvh retrieves its history from an HTTPS location
   derived from a name.  Each either depends on the Web PKI, treats
   DNSSEC as an optional recommendation, or does not bind the
   verification-method key to the name at all.  This document defines a
   single, normative DANE-EE key-binding profile that any DNS-anchored
   DID method can point at rather than reinventing: a verification
   method's public key is published as a TLSA record with certificate
   usage DANE-EE(3), selector SubjectPublicKeyInfo(1), and matching type
   SHA2-256(1) under a DNSSEC-signed name, so that a relying party can
   confirm the key from the DNS root of trust with no certificate
   authority and no fetch from the subject.  The profile binds a name to
   a key and the key to the specific DID document it signs, and no
   further; it states precisely what it does not cover, including
   continuity of holding, and points to where those answers live.",https://datatracker.ietf.org/doc/draft-ranjbar-dane-did/,2026-08-05,
draft-reece-wimse-cross-org-delegation-01,draft-reece-wimse-cross-org-delegation,1,new-draft,read_now,core_identity,18,none,Cross-Organizational Delegation for Workload and Agent Identity: Problem Statement and Requirements,"Autonomous software agents increasingly act on behalf of human
   principals by invoking tools, services, and other agents, frequently
   across organizational boundaries.  Existing workload and token-based
   authorization mechanisms were designed for a single trust domain and
   a small number of delegation hops.  They do not adequately express,
   constrain, or verify authority that is delegated recursively among
   agents and that crosses the boundary between independently
   administered organizations.  This document describes the problem of
   cross-organizational agent delegation, identifies the gaps in current
   mechanisms, and enumerates requirements that any solution within the
   scope of the Workload Identity in Multi-System Environments (WIMSE)
   working group should satisfy.  It does not specify a solution.",https://datatracker.ietf.org/doc/draft-reece-wimse-cross-org-delegation/,2026-08-05,
draft-reilly-aipref-compliance-00,draft-reilly-aipref-compliance,0,new-draft,monitor,adjacent_watchlist,4,none,Verifiable Compliance Records for AI Usage Preferences,"Work in the AI Preferences (AIPREF) Working Group defines a
   vocabulary for expressing preferences about how digital assets may be
   used by automated processing systems, together with mechanisms for
   attaching those preferences to content.  Neither component provides a
   way for a processing entity to demonstrate that it observed an
   expressed preference, nor for a publisher or auditor to verify such a
   demonstration after the fact.

   This document defines the AI Usage Compliance Record (AUCR), a
   structure that binds a retrieved asset, the preference expression in
   force at the moment of retrieval, and the usage category the
   processing entity assigned to that asset.  It defines an aggregation
   scheme that allows a processing entity to attest to very large
   numbers of records with a single signature, a proof mechanism that
   allows an individual publisher to audit only the records concerning
   its own assets, and a discovery mechanism for locating attestations
   and verification keys.  The mechanism is deliberately confined to
   evidence: it makes claims of compliance falsifiable and non-
   repudiable, and takes no position on the legal effect of any
   preference or any record.",https://datatracker.ietf.org/doc/draft-reilly-aipref-compliance/,2026-08-05,
draft-reilly-multilarity-00,draft-reilly-multilarity,0,new-draft,read_now,trust_infrastructure,8,none,The Multilarity: Plural Intelligence Growth Without Convergence,"Popular and technical discourse anticipates a technological
   Singularity: a point at which a single self-improving intelligence
   recursively surpasses all others, after which the trajectory of the
   system is determined by that one lineage.  This document describes a
   different inflection, termed the Multilarity: a condition in which
   the aggregate rate of intelligence growth becomes superhuman while
   the locus of intelligence remains irreducibly plural.  No single
   agent, model, operator, or lineage holds the frontier; capability
   accrues in the couplings between many participants, including
   humans.

   The Multilarity is presented here not as a forecast but as a design
   target.  A plural outcome is not the default result of many actors
   existing at once; apparent plurality collapses quietly into a
   concealed singleton unless specific substrate properties are
   maintained and verified.  This document defines the Multilarity,
   distinguishes it from singleton and multipolar framings, specifies
   five Multilarity Conditions (MC-1 through MC-5), defines measurable
   indicators including the Capability Concentration Ratio (CCR) and
   the Multilarity Index (MI), specifies the Multilarity Attestation
   Record (MAR) as an interoperable evidence format, and enumerates
   the convergence pathologies by which plurality is lost.",https://datatracker.ietf.org/doc/draft-reilly-multilarity/,2026-08-05,
draft-reilly-vsr-00,draft-reilly-vsr,0,new-draft,read_now,verifiable_claims,9,none,Verifiable Safeguards Records (VSR) for Nuclear Material Accountancy,"Nuclear material accountancy reporting flows from facility operators
   to State Systems of Accounting for and Control of nuclear material
   (SSACs), to regional inspectorates, and to the International Atomic
   Energy Agency.  The records exchanged are confidential, are held in
   separate databases that are rarely reconciled against one another,
   and rest on asserted rather than demonstrated integrity: a party
   holding a record can alter it after the fact without leaving evidence
   detectable by any other party.

   This document defines Verifiable Safeguards Records (VSR), a profile
   of COSE-signed statements and transparency-log registration that
   produces tamper-evident, independently verifiable evidence about
   accountancy declarations without disclosing their contents.  VSR
   specifies a commitment-based record format supporting selective
   disclosure to differently authorized inspectorates, a cross-party
   reconciliation procedure for transit matching and discrepancy
   notices, and a dual-layer anchoring scheme that preserves
   verifiability beyond the operational lifetime of any single registry
   -- the horizon required for spent fuel management, decommissioning,
   and geological repository closure.

   VSR is an evidence layer.  It does not verify physical measurements,
   detect undeclared material, or substitute for inspection.",https://datatracker.ietf.org/doc/draft-reilly-vsr/,2026-08-05,
draft-sayre-gendispatch-derivative-04,draft-sayre-gendispatch-derivative,4,new-draft,ignored_after_review,ignored_after_review,0,none,Clarification of Derivative Works Restrictions,"This document clarifies that only IETF Documents may contain legal
   limitations on derivative works.

About This Document

   This note is to be removed before publishing as an RFC.

   Status information for this document may be found at
   https://datatracker.ietf.org/doc/draft-sayre-gendispatch-derivative/.

   Discussion of this document takes place on the ipr-wg Working Group
   mailing list (mailto:ipr-wg@ietf.org), which is archived at
   https://mailarchive.ietf.org/arch/browse/ipr-wg/.  Subscribe at
   https://www.ietf.org/mailman/listinfo/ipr-wg/.",https://datatracker.ietf.org/doc/draft-sayre-gendispatch-derivative/,2026-08-05,
draft-schemacommons-areg-00,draft-schemacommons-areg,0,new-draft,read_now,adjacent_watchlist,13,none,Agent Registry (AREG),"The Agent Registry (AREG) is an open, vendor-neutral specification
   for publishing, discovering, and resolving artificial intelligence
   (AI) agent definitions.  An AREG registry entry is a lightweight
   metadata document that records where a specific version of an agent
   definition can be fetched, who published it, what version it is, and
   how consumers can verify its authenticity.  AREG also defines a REST
   API that conforming registry servers implement to expose search,
   resolution, and publication endpoints to consumers and publishers.

   AREG is the discovery and registry layer of the Schema Commons agent
   stack.  It is designed to compose with the Autonomous Agent
   Interchange Format (AAIF, SC-006), which defines the content of the
   agent definition document that an AREG entry points to, and with the
   Agent Capability and Profile Model (ACPM, SC-014), which provides
   richer capability, trust, cost, and service-level information that a
   registry entry can reference.  Neither AAIF nor ACPM is required for
   a conforming AREG implementation.",https://datatracker.ietf.org/doc/draft-schemacommons-areg/,2026-08-05,
draft-schrock-action-evidence-boundary-03,draft-schrock-action-evidence-boundary,3,new-draft,read_now,core_identity,17,none,The Action Evidence Boundary for Consequential Agent Effects,"Consequential agent actions can cross identity, transport,
   authorization, policy, and execution systems.  Each system can
   produce a valid artifact while the executor still lacks a safe rule
   for joining the artifacts to the exact effect, consuming one-time
   authority, and handling an uncertain outcome.  This document defines
   the Action Evidence Boundary (AEB), an executor-side processing model
   for that lifecycle.

   AEB requires native artifact verification, Canonical Action
   Identifier (CAID) matching, Authorization Evidence Chain (AEC)
   satisfaction, a separate local authorization decision, durable atomic
   consumption or reservation, invocation, closed effect outcomes, and
   authenticated reconciliation.  It defines no receipt or token format,
   no policy language, no universal evidence taxonomy, and no new
   registry.  Native workload credentials, message signatures, attested
   per-action tokens, permit records, authorization receipts, and status
   mechanisms retain their own semantics and verifiers.",https://datatracker.ietf.org/doc/draft-schrock-action-evidence-boundary/,2026-08-05,
draft-schrock-ep-authority-introduction-03,draft-schrock-ep-authority-introduction,3,new-draft,monitor,adjacent_watchlist,5,none,Authority Documents and Scoped Authority for Agent-Action Evidence,"Signature verification answers whether a key produced an artifact.
   It does not answer why a relying party accepts that key, or whether
   the key holder had authority for the action.  This document specifies
   two composable artifacts.  An Authority Document introduces and
   rotates an organization's evidence-issuing keys through a signed,
   hash-chained sequence.  A Scoped Authority Proof records the
   authority held by a subject at a registry snapshot, including role,
   action scope, material limits, policy binding, validity, and
   revocation status.  A relying party evaluates both artifacts under
   its own pinned trust inputs and policy.  The design does not make a
   self-presented key authoritative, does not turn log inclusion or
   domain control into automatic trust, and does not equate a valid
   signature with permission to act.  It also defines a source-
   resolution boundary: signing a statement does not give its underlying
   source data finer freshness or precision than that source actually
   provides.",https://datatracker.ietf.org/doc/draft-schrock-ep-authority-introduction/,2026-08-05,
draft-schrock-ep-authorization-evidence-chain-05,draft-schrock-ep-authorization-evidence-chain,5,new-draft,read_now,authorization,17,none,Authorization Evidence Chains: Composing Heterogeneous Agent-Action Evidence (EP-AEC),"Consequential agent actions can produce heterogeneous identity,
   delegation, policy, permit, approval, transparency, capability, and
   execution artifacts.  Each artifact can verify under its own
   specification while still referring to a different action, filling a
   different evidentiary role, or failing a relying party's freshness,
   status, or inter-artifact binding requirement.  This document defines
   the Authorization Evidence Chain (EP-AEC): a transport-agnostic
   composition object and a fail-closed evaluation algorithm that
   preserves native verification, establishes exact material-action
   matching, and evaluates a relying-party-pinned evidence requirement.

   AEC produces SATISFIED or UNSATISFIED and a replayable evaluation
   record.  SATISFIED means only that the presented evidence filled the
   relying party's named evidence requirement at the stated verification
   time.  It is not a universal authorization decision, a policy
   language for the protected application, or proof of execution or
   outcome.  The executor makes the separate local AUTHORIZED decision
   and controls consumption, invocation, and effect handling.
   Qualification evidence can fill a named evidence role but cannot
   authorize an action by itself.  AEC introduces no new component
   receipt type and does not replace any native verifier.",https://datatracker.ietf.org/doc/draft-schrock-ep-authorization-evidence-chain/,2026-08-05,
draft-schrock-ep-authorization-receipts-09,draft-schrock-ep-authorization-receipts,9,new-draft,read_now,core_identity,11,none,Authorization Receipts for High-Risk Agent Actions,"This document defines the EMILIA Protocol (EP) authorization receipt,
   an evidence artifact binding an enrolled approver key to one
   canonical action before execution.  An approver-held key signs an
   Authorization Context containing the action hash, policy reference,
   nonce, audience, and validity window.  A Trust Receipt carries the
   signed contexts, terminal consumption record, and Merkle inclusion
   material so a relying party can verify the recorded event offline
   under independently selected log, directory, policy, and approver
   trust inputs.

   The receipt establishes only the guarantees of the selected
   verification profile.  The mapping from an enrolled approver
   identifier to a natural person is asserted by the directory
   authority.  Offline verification does not establish current
   revocation status, global non-replay, comprehension, legality,
   safety, or execution.  Replay prevention requires an online atomic
   consumption store at the executor.  The state-machine invariants are
   machine-checked under the assumptions stated in this document.

   A receipt is evidence, not authorization.  This document does not
   treat a local user interaction as an authorization decision.
   Section 10.7 of [I-D.klrc-aiagent-auth] states that an agent MUST NOT
   treat local UI confirmation alone as sufficient authorization, and
   notes that additional specification or design work may be needed for
   user confirmation occurring mid-execution, since CIBA accounts only
   for client initiation.  This document defines one evidence artifact
   that an authorization architecture can use in such a flow: the signed
   Authorization Context is action-bound confirmation evidence an
   authorization server MAY validate and bind to the grant it issues.
   The resulting Trust Receipt records terminal consumption and remains
   evidence; neither object makes the authorization decision.  That
   decision remains with the authorization server.",https://datatracker.ietf.org/doc/draft-schrock-ep-authorization-receipts/,2026-08-05,
draft-schrock-ep-bounded-capability-receipts-01,draft-schrock-ep-bounded-capability-receipts,1,new-draft,read_now,authorization,7,none,Bounded Capability Receipts and Durable Spend Control for Agent Actions,"Agents sometimes need bounded authority to perform more than one
   consequential action without obtaining a new human approval for every
   operation.  A signed token alone cannot enforce a shared budget
   across replicas, survive retries safely, or distinguish an operation
   that never crossed an effect boundary from one whose outcome is
   unknown.

   This document defines a bounded capability receipt and a durable
   reserve-execute-commit protocol.  The receipt binds an issuance
   authorization, a closed action scope, a budget with explicit units, a
   holder proof, an expiry, and any parent capability.  The state
   protocol atomically refuses overspend and replay, fences concurrent
   owners, and charges an indeterminate operation when an external
   effect may have occurred.  Delegation transfers rather than copies
   authority: all direct child allocations are funded by committed
   parent operations before child registration, and their aggregate
   cannot exceed the parent balance within one authoritative atomic
   state domain.  It also defines narrowing-only delegation and evidence
   interfaces.  It does not make a bearer token into human approval,
   does not provide cross-domain or offline global double-spend
   prevention, and does not claim that an authorized action was safe,
   lawful, or successfully executed.",https://datatracker.ietf.org/doc/draft-schrock-ep-bounded-capability-receipts/,2026-08-05,
draft-schrock-ep-bounded-execution-program-00,draft-schrock-ep-bounded-execution-program,0,new-draft,read_now,authorization,11,none,Bounded Execution Programs for Consequential Agent Actions,"An authorization for one action does not by itself authorize an open-
   ended agent plan.  This document defines an Experimental profile for
   a signed, finite, versioned directed acyclic graph of consequential
   action occurrences.  The program binds a total retained-history
   ceiling.  Each node binds an exact action or a pinned action-matching
   profile, an action- specific Trust Program, outcome-specific
   dependencies, an occurrence ceiling, and fixed charges against
   aggregate attempt budgets.

   A conforming program-aware admission store evaluates reachability and
   budgets in the same linearizable transaction domain as the ordinary
   one-time execution right.  It uses store-owned authorizer trust
   roots, clock, authenticated profile-match verification, and current
   program status; seals a deterministic execution-program resource into
   the AdmissionSnapshot; and fences the program's independent
   authorization digest against ordinary-path admission.  The profile
   does not establish that natural-language intent was understood, that
   a plan is safe or lawful, that provider or effect evidence is true,
   or that every mutation path was mediated.",https://datatracker.ietf.org/doc/draft-schrock-ep-bounded-execution-program/,2026-08-05,
draft-schrock-ep-reliance-agreement-00,draft-schrock-ep-reliance-agreement,0,new-draft,monitor,authorization,6,none,Reliance Agreements: Signed Liability Terms Conditioned on Authorization-Evidence Sufficiency,"This document defines EP-RELIANCE-AGREEMENT-v1, a signed, machine-
   readable statement of terms conditioned on a specific relying-party
   evidence profile, and EP-RELIANCE-EVENT-v1, a signed per-action
   record joining one action, one reliance result, and one agreement.
   The agreement references the evidence condition by digest rather than
   restating or weakening it.  Every required party signs the same
   canonical bytes, and monetary amounts are represented as decimal
   strings.

   Verification establishes signatures, content integrity, scope, time,
   and digest bindings.  It does not authorize an action, re-evaluate
   the evidence packet, establish legal enforceability, issue insurance,
   determine coverage, allocate fault, prove solvency, reserve funds, or
   compel payment.  Those decisions remain with the relying party and
   the applicable prose agreement, law, and dispute forum.",https://datatracker.ietf.org/doc/draft-schrock-ep-reliance-agreement/,2026-08-05,
draft-schrock-model-to-matter-03,draft-schrock-model-to-matter,3,new-draft,monitor,authorization,6,none,Model-to-Matter: Authorization and Outcome Evidence for Model-Directed Physical Execution,"Advanced models can propose operations that produce physical effects.
   Model-to-Matter defines an executor-owned profile that composes
   model, safety, institutional, domain, screening, and human evidence
   over one canonical action before single-use execution.  This revision
   also profiles post-execution Outcome Binding.  An executor effect
   statement remains one source claim; required independent observers
   sign separately bound observations.  Missing outcome evidence is
   indeterminate, not success or failure.  The profile standardizes
   evidence custody and reconciliation; it does not perform screening,
   determine scientific safety, certify a facility, or establish
   physical truth.",https://datatracker.ietf.org/doc/draft-schrock-model-to-matter/,2026-08-05,
draft-sharif-x509-agent-identity-profile-03,draft-sharif-x509-agent-identity-profile,3,new-draft,read_now,agent_identity,18,none,X.509 Certificate Profile for Autonomous AI Agent Identity,"This document defines an X.509 certificate profile for identifying
   autonomous AI agents.  It specifies a new X.509v3 extension,
   AgentIdentity, that encodes agent-specific metadata within a
   standard X.509 certificate, including agent trust level,
   operational capabilities, delegation constraints, owner attribution,
   and revocation control endpoints.

   The profile enables certificate authorities (CAs) to issue
   interoperable agent identity certificates that any relying party
   can parse, validate, and enforce, regardless of the issuing CA or
   the platform that provisioned the agent.

   The design builds on existing PKI infrastructure (RFC 5280), SPIFFE
   Verifiable Identity Documents (SPIFFE SVIDs), and the MCPS
   cryptographic signing layer (draft-sharif-mcps-secure-mcp).  It
   does not require changes to X.509v3 certificate parsing or to
   existing CA issuance pipelines beyond supporting a new non-critical
   extension.",https://datatracker.ietf.org/doc/draft-sharif-x509-agent-identity-profile/,2026-08-05,
draft-sohail-urn-dnp-00,draft-sohail-urn-dnp,0,new-draft,adjacent_watchlist,core_identity,3,none,A Uniform Resource Name (URN) Namespace for Digital Nation Pakistan (DNP),"This document describes a Uniform Resource Name (URN) namespace for
   persistent, location-independent identification of normative and
   authoritative publications issued under the Digital Nation Pakistan
   (DNP) programme by the Pakistan Digital Authority (PDA), a federal
   statutory body of the Government of Pakistan established under the
   Digital Nation Pakistan Act, 2025.  The namespace covers policies,
   frameworks, technical standards, reference architectures,
   specifications, schemas, application programming interface contracts,
   registries and datasets that PDA issues or is statutorily designated
   to maintain.  This document requests registration of the formal
   Namespace Identifier ""dnp"" in accordance with RFC 8141.",https://datatracker.ietf.org/doc/draft-sohail-urn-dnp/,2026-08-05,
draft-song-ippm-ioam-ipv6-support-08,draft-song-ippm-ioam-ipv6-support,8,new-draft,ignored_after_review,ignored_after_review,0,none,Supporting IOAM in IPv6,"IOAM pre-allocated trace option data fields can be encapsulated in
   the IPv6 Hop-by-Hop (HbH) Options header as described in RFC 9486.
   However, due to the potentially large size of the trace data and the
   location of the HbH Options header in the IPv6 packet, this scheme
   creates practical challenges for implementation, especially when
   other extension headers, such as a routing header, are also present
   and require on-path processing.  In addition to IOAM Direct Export
   (DEX), this document proposes two alternative approaches to address
   this challenge: separating the IOAM incremental trace data from the
   IOAM instruction header, or applying the segment IOAM trace data
   export scheme, depending on the network scenario and application
   requirements.  We discuss the pros and cons of each approach.",https://datatracker.ietf.org/doc/draft-song-ippm-ioam-ipv6-support/,2026-08-05,
draft-song-network-aware-dns-09,draft-song-network-aware-dns,9,new-draft,ignored_after_review,ignored_after_review,0,none,The Architecture of Network-Aware Domain Name System (DNS),"This document describes a framework that extends the Domain Name
   System (DNS) to provide network awareness to applications.  The
   framework enables DNS responses that depend on communication service
   requirements such as QoS or path, without changes to the format of
   DNS protocol messages or to application programming interfaces
   (APIs).  The different enhancement methods and use cases are
   discussed.",https://datatracker.ietf.org/doc/draft-song-network-aware-dns/,2026-08-05,
draft-spaghetti-grow-downgrade-bgp-community-00,draft-spaghetti-grow-downgrade-bgp-community,0,new-draft,ignored_after_review,ignored_after_review,0,none,The DOWNGRADE BGP Community for Denial-of-Service Attack Mitigation,"This document outlines a method to mitigate Denial of Service (DoS)
   attacks by using a well-known BGP community named ""DOWNGRADE"" as
   signal to neighboring networks to treat traffic destined towards
   ""DOWNGRADE"" tagged IP prefixes with low precedence.  The ""downgrade""
   strategy offers an appealing alternative to Remote Triggered
   Blackhole (RTBH) filtering, because RTBH filtering completes the DoS
   attack and hampers the defender's ability to monitor whether the
   attack is still ongoing.",https://datatracker.ietf.org/doc/draft-spaghetti-grow-downgrade-bgp-community/,2026-08-05,
draft-templin-6man-aero-omni-amen-09,draft-templin-6man-aero-omni-amen,9,new-draft,ignored_after_review,ignored_after_review,0,none,AERO/OMNI Base Specification Amendments (Volume 1),"The Automatic Extended Route Optimization (AERO) and Overlay
   Multilink Network (OMNI) Interface functional specifications have
   reached a level of maturity ready for advancement in the RFC
   publication process.  Updates to the base specifications are
   documented in this first amendment and any additional future
   amendments as necessary.",https://datatracker.ietf.org/doc/draft-templin-6man-aero-omni-amen/,2026-08-05,
draft-templin-6man-mla-33,draft-templin-6man-mla,33,new-draft,adjacent_watchlist,ignored_after_review,2,none,IPv6 Addresses for Ad Hoc Networks,"Ad Hoc networks present an IPv6 addressing challenge due to the
   undetermined neighborhood properties of their interfaces.  IPv6 nodes
   must assign locally-unique and topology-independent IPv6 addresses
   when topology-oriented IPv6 address delegation services are either
   absent or only intermittently available.  This document introduces a
   new IPv6 address type (termed the ""Multilink Local Address (MLA)"")
   that nodes can autonomously assign to interfaces to support Ad Hoc
   network operations.",https://datatracker.ietf.org/doc/draft-templin-6man-mla/,2026-08-05,
draft-teppo-corporate-authenticated-dns-00,draft-teppo-corporate-authenticated-dns,0,new-draft,read_now,core_identity,15,none,Authenticated DNS Resolution (ADR) for Enterprise DNS,"This document defines Authenticated DNS Resolution (ADR), an
   enterprise query-plane model that augments DNS resolution with per-
   query identity, role-based authorization, and audit.  ADR preserves
   DNSSEC and public Internet DNS behavior while enabling enterprises to
   publish comprehensive internal naming without exposing sensitive
   topology.  ADR leverages existing enterprise authentication and
   identity systems to authorize and audit DNS queries without defining
   a new authentication protocol.",https://datatracker.ietf.org/doc/draft-teppo-corporate-authenticated-dns/,2026-08-05,
draft-thallapelly-oasnt-caid-01,draft-thallapelly-oasnt-caid,1,new-draft,adjacent_watchlist,core_identity,3,none,OASNT-CAID: Canonical Action Identifier Derivation and the Named-Human Binding,"This document profiles OASNT tokens for consumption by executor-side
   processing models.  It fixes one normative derivation of a Canonical
   Action Identifier (CAID) from the OASNT action digest, so that every
   executor checks the same derivation rather than each integration
   defining its own, and it specifies the semantics of the token's
   named-human binding, including a subject-to-enrollment check whose
   absence this profile makes a refusal.",https://datatracker.ietf.org/doc/draft-thallapelly-oasnt-caid/,2026-08-05,
draft-thallapelly-oasnt-enforce-00,draft-thallapelly-oasnt-enforce,0,new-draft,monitor,authorization,6,none,OASNT-ENFORCE: Request-Bound Enforcement of Attested Action Authorization,"This document profiles the enforcement of OASNT tokens at the point
   of execution.  It defines the OASNT-Token HTTP field, the rules by
   which an enforcement point derives the observed request from the
   octets it will itself forward, a verification procedure for relying
   parties that hold no request-to-action mapping, uniform refusal
   behavior, and the set of refusals a conforming enforcement point is
   required to produce.  An enforcement point conforming to this profile
   makes a human approval a precondition of execution for the requests
   it fronts, without any change to the protected service.",https://datatracker.ietf.org/doc/draft-thallapelly-oasnt-enforce/,2026-08-05,
draft-vso-cpp-core-03,draft-vso-cpp-core,3,new-draft,read_now,trust_infrastructure,27,none,Content Provenance Profile (CPP) Core,"The Content Provenance Profile (CPP) is an open specification for
   cryptographically verifiable media capture provenance.  This document
   defines the core data model, hashing conventions, Merkle tree
   construction rules, RFC 3161 Time-Stamp Authority (TSA) anchoring
   protocol, and offline verification procedures for CPP.

   CPP enables capture devices to produce tamper-evident provenance
   records that bind media content to external timestamps via trusted
   third parties.  Unlike self-attestation models, CPP requires
   independent timestamp verification through RFC 3161 TSA services,
   providing externally verifiable proof of when media was captured.

   CPP defines self-attested signer identity, hardware-backed key
   requirements, chain context for partial submission detection, a
   Completeness Invariant for omission detection, an OPTIONAL depth
   analysis extension for screen detection, and an OPTIONAL Pre-Publish
   Verification Extension.  It also defines interoperability mappings
   with the C2PA specification.

   This revision (-03) corrects a normative length constraint on the
   LeafHashMethod value, corrects the description of the relationship
   between the CPP Merkle construction and Certificate Transparency,
   adds a verifier obligation to cross-check TreeSize against the sealed
   event count, documents the limits of leaf-duplication padding, and
   positions CPP within the Verifiable AI Provenance Framework (VAP)
   profile family and relative to the SCITT architecture (RFC 9943).",https://datatracker.ietf.org/doc/draft-vso-cpp-core/,2026-08-05,
draft-vyncke-intarea-legacy-registries-03,draft-vyncke-intarea-legacy-registries,3,new-draft,ignored_after_review,ignored_after_review,0,intarea,Updates to Legacy IANA Registries,"IANA maintains several registries that were created for IPv4.  As the
   IPv4 core specification is no longer being extended and as some other
   registries do not have a defined IANA registration procedure, these
   registries need to be updated to indicate a registration procedure or
   to reflect the current practice that defining such extensions is not
   recommended.",https://datatracker.ietf.org/doc/draft-vyncke-intarea-legacy-registries/,2026-08-05,
draft-wang-dmsc-drisac-00,draft-wang-dmsc-drisac,0,new-draft,adjacent_watchlist,agent_identity,2,none,Distributed Registration and Information Synchronization of Agent Capabilities,"The large-scale deployment of autonomous AI Agents introduces
   challenges to capability description, registration, and discovery.
   Existing agent communication protocols mainly focus on application-
   layer interactions and typically rely on centralized registration and
   discovery mechanisms, which limit scalability, robustness, and
   semantic extensibility.  This document proposes a distributed and
   hierarchical capability registration and information synchronization
   mechanism for AI Agents.  The mechanism introduces a multi-level
   capability taxonomy, capability vectors, and globally unique Service
   Identifiers (Service IDs), and defines two functional entities: Agent
   Capability Registration Server (ACRS) and Agent Capability Access
   Server (ACAS).  A capability table is constructed and synchronized
   among ACRSs to enable semantic-based forwarding of capability-related
   requests.  Furthermore, capability registration and discovery
   procedure are specified, enabling precise selection of agents based
   on task requirements.  The proposed mechanism provides a scalable
   foundation for capability-aware routing and semantic collaboration in
   the Internet of Agents (IoA).",https://datatracker.ietf.org/doc/draft-wang-dmsc-drisac/,2026-08-05,
draft-wang-ring-load-aware-00,draft-wang-ring-load-aware,0,new-draft,adjacent_watchlist,adjacent_watchlist,3,none,Load-Adaptive Priority Migration Mechanism for Deterministic Switched Ethernet,"This document proposes a Load-Adaptive Priority Migration (LAPM)
   mechanism for deterministic switched Ethernet.  The mechanism
   classifies traffic into three criticality levels (TC0/TC1/TC2), which
   are logically equivalent to the foundational classification of
   network slicing.  An inverse M/D/1 queuing model is introduced to
   derive per-hop network utilization from measured forwarding delay,
   requiring no additional probe traffic.  A four-level load
   classification scheme with hysteresis logic drives dynamic remapping
   of the IEEE 802.1Q Priority Code Point (PCP), enabling traffic
   priority to adapt as network load changes.

   LAPM serves as a runtime complement to the scheduling framework
   defined by RFC 9320.  Existing DetNet queuing mechanisms (TAS, CBS,
   CQF, Guaranteed Service) rely on statically pre-configured offline
   parameters, whereas LAPM monitors utilization in real time and
   adaptively adjusts PCP when load levels cross pre-defined thresholds.
   This capability is particularly critical for deployment scenarios
   with time-varying traffic patterns, including automotive backbone
   networks, industrial automation, and professional audio/video
   systems.

   Experimental validation on a 5-node ring topology (1000BASE-T) across
   three traffic classes reveals the existence of three operationally
   distinct regions — normal, transitional, and saturated — where load
   bursts in the transitional region cannot be captured by the EWMA-
   smoothed utilization metric alone.  A cross-domain maximum
   aggregation mechanism coordinates load-level decisions across
   multiple VLANs via a shared global variable, ensuring consistent
   priority migration policy enforcement.

   In summary, the LAPM mechanism provides a means to guarantee low-
   latency transmission for critical flows through dynamic load-based
   priority control.",https://datatracker.ietf.org/doc/draft-wang-ring-load-aware/,2026-08-05,
draft-wendt-stir-tn-domain-binding-01,draft-wendt-stir-tn-domain-binding,1,new-draft,monitor,core_identity,6,none,Binding a Domain Identifier to Telephone Number Authority in STIR Certificates,"This document defines a mechanism for binding a domain identifier to
   telephone number authority within a STIR certificate.  A certificate
   produced under this mechanism carries, as a co-validated pair, the
   telephone numbers or service provider codes a subject is authorized
   for in a TNAuthList extension and a domain the subject controls in a
   SubjectAltName dNSName entry.  The binding is established at issuance
   by requiring proof of domain control and validation of a TNAuthList
   authority token within a single certificate issuance, such that the
   resulting certificate attests that the same entity holds both.  The
   mechanism applies to STIR certificates whose TNAuthList contains
   telephone number entries, service provider code entries, or both,
   allowing a domain to be bound to the right-to-use holder for a set of
   numbers or to the provider identified by a service provider code.
   This document defines the issuance conformance requirements and the
   relying party verification rule that together make the binding
   meaningful.  It does not define telephone number or service provider
   code authorization or domain validation, both of which are specified
   elsewhere and referenced here.",https://datatracker.ietf.org/doc/draft-wendt-stir-tn-domain-binding/,2026-08-05,
draft-wendt-stir-vesper-10,draft-wendt-stir-vesper,10,new-draft,read_now,core_identity,10,none,VESPER - Verifiable STI Presentation and Evidence for RTU,"This document defines VESPER (Verifiable STI Presentation and
   Evidence for RTU), a profile for the use of delegate certificates in
   STIR.  VESPER profiles the binding of telephone number authority to a
   domain identifier, the STIR certificate and PASSporT specifications,
   ACME-based authority token issuance, and certificate transparency
   into a delegate certificate that associates the right-to-use for a
   telephone number with the entity behind the number asserted in the
   PASSporT orig claim.  This document describes the certificate usage,
   a PASSporT usage profile for SIP signaling, and a portable Right-to-
   Use Token for use outside of SIP.",https://datatracker.ietf.org/doc/draft-wendt-stir-vesper/,2026-08-05,
draft-westerbaan-dnssec-mldsa-03,draft-westerbaan-dnssec-mldsa,3,new-draft,ignored_after_review,ignored_after_review,0,none,Module-Lattice Digital Signature Algorithm for DNSSEC,"This document describes how to specify Module-Lattice-Based Digital
   Signature Algorithm (ML-DSA) keys and signatures in DNS Security
   (DNSSEC).  It uses the ML-DSA-44 parameter set defined in FIPS 204.
   ML-DSA-44 is believed to be secure even against adversaries in
   possession of a cryptographically relevant quantum computer.",https://datatracker.ietf.org/doc/draft-westerbaan-dnssec-mldsa/,2026-08-05,
draft-wilder-scitt-physical-site-engage-receipt-00,draft-wilder-scitt-physical-site-engage-receipt,0,new-draft,read_now,trust_infrastructure,21,none,A SCITT Profile for Physical-Site Engagement Receipts,"This document defines a SCITT profile for _Physical-Site Engagement
   Receipts_ (PSER): tamper-evident, signed, offline-verifiable records
   that describe an autonomous or human-directed physical engagement at
   a specific real-world site governed by a defined operating envelope.
   Each receipt is a SCITT Signed Statement as defined by the SCITT
   architecture, encoded as a COSE Single Signer message, carrying a
   JCS-canonicalized JSON payload with a five-artifact vocabulary
   describing (1) the _Site_, (2) the _Operator_ and _Actor_, (3) the
   _Engagement Window_ and _Envelope_, (4) the _Attestation Evidence_
   from a Trusted Execution Environment (TEE), and (5) the _Adapter
   Write-In_ recording that the receipt was posted into an out-of-band
   operations layer.  A Physical-Site Engagement Receipt is registerable
   in any conforming SCITT Transparency Service to obtain non-
   equivocation and tail-truncation properties an issuer's own chain
   cannot provide alone.

   This profile deliberately makes a NARROW, checkable claim -- ""this is
   a tamper-evident, signature-verifiable record that a specific
   engagement occurred at a specific site under a specific envelope, and
   its evidence was sealed by a specific TEE"" -- and explicitly does NOT
   claim that the engagement was safe, correct, or wise, that the site
   conditions were as described, or that any downstream operational
   outcome followed.  Compliance verdicts derived from the receipt (SLA
   credit, insurance underwriting, regulatory audit) are the
   responsibility of the relying party and its policies, not of this
   profile.

   The profile is designed around a three-party trust model in which no
   single party can unilaterally forge or repudiate a receipt: the _site
   owner_ physically hosts and controls the TEE hardware (they own the
   box); the _TEE silicon vendor_ attests the key material inside the
   TEE through its hardware root of trust (silicon vouches for the key);
   and the _Issuer_ writes the vocabulary, registers Signed Statements
   with a Transparency Service, and posts the resulting receipt into the
   site's operations layer via a WRITE_ONLY adapter.  This separation is
   normative in this profile: implementations MUST NOT collapse these
   three roles into a single custodian, and relying parties MUST NOT
   trust a receipt that lacks any one of them.",https://datatracker.ietf.org/doc/draft-wilder-scitt-physical-site-engage-receipt/,2026-08-05,
draft-xiao-fann-fast-cnp-with-proxy-01,draft-xiao-fann-fast-cnp-with-proxy,1,new-draft,ignored_after_review,ignored_after_review,0,none,Fast Congestion Notification Packet (CNP) with Proxy,"This document describes the necessity and feasibility to introduce a
   proxy network node between the congested network node and the traffic
   sender.  The proxy network node is used to translate the congestion
   notification.  The congested network node sends the congestion
   notification to the proxy network node in a format defined in this
   document, and then the proxy network node translates the received
   congestion notification to a format known by the traffic sender and
   resends the translated congestion notification to the traffic sender.",https://datatracker.ietf.org/doc/draft-xiao-fann-fast-cnp-with-proxy/,2026-08-05,
draft-yl-bmwg-cats-05,draft-yl-bmwg-cats,5,new-draft,ignored_after_review,ignored_after_review,0,none,Benchmarking Methodology for Computing-aware Traffic Steering,"Computing-aware traffic steering (CATS) is a traffic engineering
   approach for steering service requests towards appropriate service
   instances based on the awareness of both computing and network
   information.  This document proposes benchmarking methodologies for
   CATS.",https://datatracker.ietf.org/doc/draft-yl-bmwg-cats/,2026-08-05,
draft-zerobankx-srl-core-03,draft-zerobankx-srl-core,3,new-draft,monitor,core_identity,6,none,Secure Resource Layer (SRL) Core,"This document defines the Secure Resource Layer (SRL), a global trust
   layer that evaluates digital resources before they are accessed.

   SRL introduces governance, verification, and revocation mechanisms
   that complement existing URL, QR code, barcode, RFID, and short URL
   systems.

   SRL is designed to be deployable incrementally through resolver-based,
   scanner-level, reader-level, and application-level integrations,
   without requiring changes to existing Internet standards, browsers,
   operating systems, or identifier formats.

   This revision extends the document with implementation testing and
   operational validation of hybrid resource identifiers in logistics
   and supply-chain environments. The testing combines QR codes,
   barcodes, and RFID-derived identifiers under a common SRL trust
   framework while preserving compatibility with existing operational
   systems.",https://datatracker.ietf.org/doc/draft-zerobankx-srl-core/,2026-08-05,
draft-zhu-oauth-async-delegation-05,draft-zhu-oauth-async-delegation,5,new-draft,read_now,authorization,13,none,Delegated Refresh Tokens for OAuth 2.0 Token Exchange,"OAuth 2.0 Token Exchange permits an authorization server to issue a
   refresh token when a client needs continued access after the original
   credential is no longer valid.  However, RFC 8693 does not define how
   a refresh token issued by a delegated Token Exchange preserves the
   subject, actor chain, resource restrictions, or other delegated
   authorization state.

   This specification profiles refresh tokens issued by delegated OAuth
   2.0 Token Exchange for asynchronous and long-running workflows.  It
   defines authorization-server metadata advertising profile support and
   a Token Exchange request signal by which a client requests delegated
   continuation, together with preservation of subject and actor
   relationships, client and actor binding, resource confinement, scope
   monotonicity, authorization re-evaluation, rotation, task-scoped
   revocation, and a bounded delegation lifetime.  The common discovery
   signal, request signal, and semantics enable autonomous agents and
   other product components to interoperate with independently
   implemented authorization servers across trust domains.

   Because a client generally cannot determine the effective lifetime of
   an opaque refresh token, this profile requires the client to request
   continuation only for an identified asynchronous task and to promptly
   revoke the refresh-token family when that task reaches a terminal
   state.  These requirements reduce unnecessary issuance and limit the
   period in which residual delegated authority can be abused.  The
   profile uses the existing OAuth refresh token response and grant and
   introduces no new token type or grant type.",https://datatracker.ietf.org/doc/draft-zhu-oauth-async-delegation/,2026-08-05,
