versioned_name,base_name,version,status,bucket,category,relevance_score,group_name,title,abstract,datatracker_url,date_seen,error
draft-ahuja-agent-routing-policy-00,draft-ahuja-agent-routing-policy,0,new-draft,read_now,authorization,7,none,A Policy Grammar for Inter-Domain Agent Routing,"Agent tasks are delegated across organizational boundaries.  Existing
   work specifies how agents are identified, discovered, and described,
   states requirements for cross-domain isolation and authorization, and
   identifies the absence of a mechanism for expressing capability
   policy as a gap.  This document defines four policy attributes for
   inter-domain agent delegation, the declarations each attribute
   carries, and a validity condition on delegation chains that no party
   establishes by observing the whole chain.  Whether independently
   chosen policies converge is analysed in separate work.",https://datatracker.ietf.org/doc/draft-ahuja-agent-routing-policy/,2026-09-18,
draft-bernardos-cats-anchoring-aiml-selection-01,draft-bernardos-cats-anchoring-aiml-selection,1,new-draft,adjacent_watchlist,ignored_after_review,2,none,AI/ML-Enabled Computing Aware Traffic Steering using IP address anchoring,"The IETF CATS WG addresses the problem of how the network
   infrastructure can steer traffic between clients of a service and
   sites offering the service, considering both network metrics (such as
   bandwidth and latency), and compute metrics (such as processing,
   storage capabilities, and capacity).

   This document describes solutions to enable the network to select the
   best site to instantiate a processing service (using distributed
   sensing as an application example), augmenting CATS enabled solutions
   that consider both connectivity and computing, to also consider AI/ML
   and data capabilities and governance policies.",https://datatracker.ietf.org/doc/draft-bernardos-cats-anchoring-aiml-selection/,2026-09-18,
draft-bernardos-cats-anchoring-service-mobility-05,draft-bernardos-cats-anchoring-service-mobility,5,new-draft,ignored_after_review,ignored_after_review,0,none,Service Mobility-Enabled Computing Aware Traffic Steering using IP address anchoring,"The IETF CATS WG addresses the problem of how the network
   infrastructure can steer traffic between clients of a service and
   sites offering the service, considering both network metrics (such as
   bandwidth and latency), and compute metrics (such as processing,
   storage capabilities, and capacity).

   This document defines new extensions and procedures for a terminal
   connected to a network infrastructure, to benefit from transparent
   service migration adapting to specific connectivity and computing
   requirements, so traffic is always steered to an instance meeting
   both requirements.  Both CATS-aware and -unaware terminals are
   considered.  Exemplary signaling control messages and operation
   extending the well-known Proxy Mobile IPv6 protocol are also defined.",https://datatracker.ietf.org/doc/draft-bernardos-cats-anchoring-service-mobility/,2026-09-18,
draft-bernardos-cats-anchoring-terminal-mobility-02,draft-bernardos-cats-anchoring-terminal-mobility,2,new-draft,ignored_after_review,ignored_after_review,0,none,Terminal Mobility-Enabled Computing Aware Traffic Steering using IP address anchoring,"The IETF CATS WG addresses the problem of how the network
   infrastructure can steer traffic between clients of a service and
   sites offering the service, considering both network metrics (such as
   bandwidth and latency), and compute metrics (such as processing,
   storage capabilities, and capacity).

   This document defines new extensions and procedures for a terminal
   connected to a network infrastructure, to benefit from transparent
   mobility management adapting to specific connectivity and computing
   requirements, so traffic is always steered to an instance meeting
   both requirements.  Both CATS-aware and -unaware terminals are
   considered.",https://datatracker.ietf.org/doc/draft-bernardos-cats-anchoring-terminal-mobility/,2026-09-18,
draft-bernardos-cats-ip-address-anchoring-05,draft-bernardos-cats-ip-address-anchoring,5,new-draft,ignored_after_review,ignored_after_review,0,none,Computing Aware Traffic Steering using IP address anchoring,"The IETF CATS WG addresses the problem of how the network
   infrastructure can steer traffic between clients of a service and
   sites offering the service, considering both network metrics (such as
   bandwidth and latency), and compute metrics (such as processing,
   storage capabilities, and capacity).

   This document defines new extensions for a terminal connected to a
   network infrastructure, to request a service with specific
   connectivity and computing requirements, so traffic is steered to an
   instance meeting both requirements.  Both CATS-aware and -unaware
   terminals are considered.  Exemplary signaling control messages and
   operation extending the well-known Proxy Mobile IPv6 protocol are
   also defined.",https://datatracker.ietf.org/doc/draft-bernardos-cats-ip-address-anchoring/,2026-09-18,
draft-bernardos-nmrg-agentic-network-optimization-01,draft-bernardos-nmrg-agentic-network-optimization,1,new-draft,adjacent_watchlist,agent_identity,2,none,Solutions for enabling agentic sensing with network optimization,"Integrated Sensing and Communications (ISAC) represents a paradigm
   shift in wireless networks, where sensing and communication functions
   are jointly designed and optimized.  By leveraging the same spectral
   and hardware resources, ISAC enables advanced capabilities such as
   environment perception, object tracking, and situational awareness,
   while maintaining efficient and reliable data transmission.  There
   are sensing scenarios and use cases that involve a distributed
   sensing task, in which multiple sensors participate and contribute
   with (raw or pre-processed) sensing data, which is processed by a
   sensing service (e.g., fusing sensing measurements from the different
   sensors).  This sensing service needs to be executed on some kind of
   sensing processing/computing function which receives raw (or
   preprocessed) data from multiple sources, potentially of different
   (heterogeneous) kinds (e.g., RF and non-RF sensing, or RF from
   different radio technologies).  This processing might impose time
   synchronization constraints on the reception of the different parts
   of data, as well as potentially specific computing and/or AI/ML
   capabilities on the processing node.

   The joint selection of sensing entities, processing locations, and
   network configuration under time-varying conditions results in a
   large, coupled, and non-stationary decision space.  These
   characteristics motivate the use of agentic AI to enable distributed,
   closed-loop configuration and reconfiguration of sensing and
   networking resources.

   This document presents initial considerations and potential solution
   directions for an architecture that enables the use of agentic AI for
   sensing (as an exemplary use case) supporting network optimization.",https://datatracker.ietf.org/doc/draft-bernardos-nmrg-agentic-network-optimization/,2026-09-18,
draft-bertoldi-regext-rdap-reliability-scoring-03,draft-bertoldi-regext-rdap-reliability-scoring,3,new-draft,ignored_after_review,ignored_after_review,0,none,RDAP Extension for Structured Reliability Assessment Metadata,"This document proposes an extension to the Registration Data Access
   Protocol (RDAP) that enables the representation and exchange of
   structured reliability assessment metadata for registrars and domain
   names.  The extension defines a structured assessment envelope
   through which an RDAP server can expose assessment results produced
   by a registry, registrar, or third-party assessor in a common,
   machine-readable format within RDAP responses.

   The extension standardizes how assessment results are transported and
   referenced, not how they are computed.  Scoring methodologies,
   thresholds, criteria, and governance frameworks are intentionally
   left to the operational and policy layer.  This document does,
   however, place requirements on the specification of any scheme whose
   results are intended for publication through RDAP, because publishing
   an evaluative judgement about an identified party without safeguards
   for notification, remediation, and contestation is not a safe
   practice.",https://datatracker.ietf.org/doc/draft-bertoldi-regext-rdap-reliability-scoring/,2026-09-18,
draft-besleaga-sustainability-wellknown-07,draft-besleaga-sustainability-wellknown,7,new-draft,ignored_after_review,ignored_after_review,0,none,The 'sustainability-data' Well-Known URI,"This document defines the ""sustainability-data"" well-known URI, at
   which a web origin publishes a single JSON document declaring the
   energy consumption, carbon footprint, and related environmental
   metrics of a reporting subject, typically the origin itself.  The
   declaration is described by formal schemas and located at a fixed
   path, so that it can be retrieved, validated, and ingested
   automatically.  It carries an optional embedded signature, may
   reference the declarations of upstream providers from which its
   figures derive, links to a methodology, and may link to third-party
   attestations.  The metrics are self-asserted claims of the publisher.
   This document registers the well-known URI and the media type
   application/sustainability-data+json.",https://datatracker.ietf.org/doc/draft-besleaga-sustainability-wellknown/,2026-09-18,
draft-bormann-jwp-modular-bbs-03,draft-bormann-jwp-modular-bbs,3,new-draft,read_now,verifiable_claims,14,none,BBS and Modular Sub-proofs with JSON Web Proofs,"This document defines a digital credential format that uses JSON Web
   Proofs (JWP) as its container format and Blind BBS Signatures as its
   signature scheme combined with a modular framework for attaching
   zero-knowledge sub-proofs.  This allows a Holder to reveal some
   attributes directly while proving predicates such as range or
   equality over the ones they keep hidden.  A credential can
   additionally be bound to a Holder-held device key, with possession of
   the key proven in every presentation without revealing the public key
   or signature.  Concrete sub-proof and device-binding constructions
   are not defined in this document, only the core serialization.  The
   credential type definition and data model follow SD-JWT VC.",https://datatracker.ietf.org/doc/draft-bormann-jwp-modular-bbs/,2026-09-18,
draft-bu-agentproto-security-principal-binding-07,draft-bu-agentproto-security-principal-binding,7,new-draft,read_now,core_identity,15,none,Security Principal and Verifier Binding for Agent Communication Protocols,"Agent communication protocols often carry claims about user
   authority, agent instance identity, tool or external-resource
   identity, delegation state, session continuity, and action evidence.
   These claims have different verifiers, freshness requirements,
   failure modes, and security consequences.  If they are collapsed into
   a single token, identity label, session identifier, or audit record,
   protocol text can accidentally imply more authority or accountability
   than the receiver can actually verify.

   This document defines a verifier-facing model for separating those
   claims.  It provides a reusable matrix format that protocol authors
   can use to state, for each security-relevant claim, which field
   carries it, which party verifies it, what binding or freshness rule
   applies, what failure behavior is required when the claim is absent,
   stale, inconsistent, or not verifiable, and what constrained result
   an application may consume after successful verification.  It also
   separates specification status, implementation status, and evidence
   type so that reviewers can distinguish current protocol text,
   implementation evidence, inherited mechanisms, and architectural
   assumptions.  The document is protocol-neutral.  It is intended to
   help compare candidate agent communication drafts and to provide
   security-considerations and requirements text for agent session and
   delegation binding.

   The document also defines row-outcome semantics and dependency-
   closure rules for composed mappings.  These rules prevent a composite
   result from becoming stronger than its verified inputs, distinguish
   failed checks, unsupported verifier capabilities, checks skipped
   after a failed prerequisite, and unavailable or ambiguous inputs,
   propagate transitive dependency failures, and make cyclic, stale,
   downgraded, or revision-incoherent dependencies visible to reviewers.",https://datatracker.ietf.org/doc/draft-bu-agentproto-security-principal-binding/,2026-09-18,
draft-cao-savnet-ipfix-sav-00,draft-cao-savnet-ipfix-sav,0,new-draft,ignored_after_review,ignored_after_review,0,none,Export of Source Address Validation (SAV) Information in IPFIX,"This document specifies the IP Flow Information Export Information
   Elements to export the context and outcome of Source Address
   Validation enforcement data.  These SAV-specific Information Elements
   provide detailed insight into why packets are identified as spoofed
   by capturing the specific SAV rules that triggered validation
   decisions.  This operational visibility is essential for network
   operators to observe SAV enforcement behavior and analyze source
   address spoofing events detected by SAV.",https://datatracker.ietf.org/doc/draft-cao-savnet-ipfix-sav/,2026-09-18,
draft-carpenter-anima-otp-casa-02,draft-carpenter-anima-otp-casa,2,new-draft,adjacent_watchlist,core_identity,3,none,One-time Pad for Authorizing Device Identity,"This document describes how devices joining an autonomic control
   plane as defined in RFC 8994 may use the BRSKI onboarding mechanism
   defined in RFC 8995, even if they cannot provide a manufacturer-
   installed X.509 IDevID certificate.  Instead, such devices may
   generate a self-signed certificate embedding a unique token selected
   from a one-time pad.",https://datatracker.ietf.org/doc/draft-carpenter-anima-otp-casa/,2026-09-18,
draft-carpenter-anima-quads-grasp-04,draft-carpenter-anima-quads-grasp,4,new-draft,ignored_after_review,ignored_after_review,0,none,Quick and Dirty Secure Autonomic Control Plane for GRASP,"A secure substrate known as the Autonomic Control Plane (ACP) is
   required by the Generic Autonomic Signaling Protocol (GRASP) used by
   Autonomic Service Agents.  This document describes QUADS, a QUick And
   Dirty Secure ACP using symmetric cryptography and preconfigured key
   material.  It also describes a secure mechanism for providing the
   prefconfigured key material to enrolled ACP nodes via EST.",https://datatracker.ietf.org/doc/draft-carpenter-anima-quads-grasp/,2026-09-18,
draft-cassandres-hacp-agency-arch-00,draft-cassandres-hacp-agency-arch,0,new-draft,monitor,authorization,5,none,Human Agency Continuity Protocol (HACP) Architecture,"This document describes the architecture of the Human Agency
   Continuity Protocol (HACP): a pre-execution authorization contract
   for tool-using agents.  HACP separates human intent, deterministic
   evaluation, cryptographic decision binding, and enforcement so that
   an agent cannot silently reinterpret authorized action after a
   decision is issued.

   This document is Informational.  It is not an Internet Standard.  It
   does not activate Enforcement revision 2 and does not claim general
   URI-normalization conformance.

   The acronym HACP in this series means Human Agency Continuity
   Protocol.  A separately posted individual Internet-Draft, draft-
   sunyi-hacp-protocol, uses the same four letters for a different
   protocol (Hardware Agent Capability Protocol) by a different author.
   The present author has no affiliation with that document.",https://datatracker.ietf.org/doc/draft-cassandres-hacp-agency-arch/,2026-09-18,
draft-cassandres-hacp-agency-core-00,draft-cassandres-hacp-agency-core,0,new-draft,monitor,trust_infrastructure,6,none,Human Agency Continuity Protocol (HACP) Core,"This document specifies the HACP-Core decision contract:
   IntentEnvelope, ProposedAction, AgencyDecision, DecisionToken,
   provenance events, revocation, and the ordered evaluate() algorithm.
   Implementations MUST fail closed.  Decisions MUST be deterministic
   and MUST NOT require a language model on the evaluation path.

   The published executable baseline is the 38-vector HACP-Core v0.9.2
   suite.  Wire object field hacp_version remains ""0.9"".  Specification
   release 1.0.0 does not change that field.",https://datatracker.ietf.org/doc/draft-cassandres-hacp-agency-core/,2026-09-18,
draft-chuang-dkim2-sender-policy-01,draft-chuang-dkim2-sender-policy,1,new-draft,ignored_after_review,ignored_after_review,0,none,DKIM2 Sender Policy,"This document updates DMARC RFC9989 for DKIM2.  In particular DKIM2
   verification supports MTA relay forwarding with message modifications
   through multiple MTAs, so this updates DMARC to support those
   scenarios as well.  While DMARC defines a RFC5322 From alignment
   constraint with an enforcement policy if validation fails, this
   generalizes and separates enforcement policy from constraint
   validation policies.  This provides a mechanism for MTAs to declare
   support for DKIM2 through the DMARC DNS policy record that helps
   secure DKIM2 from downgrade attacks.",https://datatracker.ietf.org/doc/draft-chuang-dkim2-sender-policy/,2026-09-18,
draft-cmcc-asrp-08,draft-cmcc-asrp,8,new-draft,ignored_after_review,ignored_after_review,0,none,Available Session Recovery Protocol,"This document describes an experimental protocol named the Available
   Session Recovery Protocol (ASRP).  The protocol is designed to
   optimize high-availability network cluster architectures, providing a
   superior high-availability solution for clusters offering stateful
   network services such as load balancing and Network Address
   Translation (NAT [RFC4787]).  ASRP defines the procedures for session
   backup and recovery, as well as the message formats used during these
   interactions, enabling efficient and streamlined session state
   management.

   In contrast to traditional high-availability techniques that back up
   session state within the cluster itself, the core innovation of ASRP
   lies in its distributed backup of state information to the client or
   server side.  This approach offers multiple advantages: theoretically
   unlimited elastic scaling capacity; support for rapid recovery from
   multi-point failures; reduction of resource redundancy through the
   elimination of centralized backup nodes; and significant
   simplification of cluster implementation complexity.

   The ASRP protocol provides a standardized method for constructing
   elastic service clusters, facilitating broader participation from
   software and hardware developers in building elastic cloud network
   service clusters.",https://datatracker.ietf.org/doc/draft-cmcc-asrp/,2026-09-18,
draft-cmcc-tcp-sro-02,draft-cmcc-tcp-sro,2,new-draft,monitor,core_identity,5,none,The Session Recovery (SR) Option for TCP,"This document defines the Session Recovery (SR) option for TCP.  The
   option lets the endpoints of a connection exchange identifiers:
   during the handshake each endpoint carries its own identifier, and
   designated segments afterwards carry the identifier of the peer.
   This places the knowledge of which endpoint a connection belongs to
   inside the TCP header, where network functions on the path - load
   balancers, NAT gateways, firewalls - can read it without per-flow
   state and without payload inspection.  The primary use is session
   recovery in SNAT and load-balancing clusters; further uses include
   reduced-state forwarding, connection-tracking recovery, and per-
   backend telemetry.  The option is carried in the SYN, the SYN-ACK,
   and retransmitted segments, or in every segment when so configured;
   the default adds no overhead to normal data segments.  Endpoints that
   do not support it behave as if the option did not exist.",https://datatracker.ietf.org/doc/draft-cmcc-tcp-sro/,2026-09-18,
draft-codere-ldapsyntax-11,draft-codere-ldapsyntax,11,new-draft,ignored_after_review,ignored_after_review,0,none,Lightweight Directory Access Protocol (LDAP): Additional Syntaxes,"This document registers additional syntax definitions for use in
   Lightweight Directory Access Protocol (LDAP) directory and Directory
   services series X.500.  This includes widely used datatypes and
   syntaxes.",https://datatracker.ietf.org/doc/draft-codere-ldapsyntax/,2026-09-18,
draft-correctover-ccs-09,draft-correctover-ccs,9,new-draft,read_now,core_identity,11,none,Correctover Conformance Shape (CCS): Runtime Verification for AI Agent Tool Calls,"This document defines the Correctover Conformance Shape (CCS), a
   runtime verification framework for AI agent tool calls.  CCS
   specifies seven verification dimensions (Structure, Schema, Latency,
   Cost, Identity, Integrity, Security) that tool calls and results must
   conform to at runtime.  The framework defines a receipt format with
   Ed25519 signatures, three verdict values (allow, deny, escalate) and
   four executor lifecycle states (confirmed, dispatched, indeterminate,
   unknown), and normative requirements for implementations.

   This revision makes the document self-contained for publication: the
   related AEB and CAID specifications are reclassified as Informative
   References, and the native artifact requirements they motivate are
   restated normatively in this document so that no conformance
   requirement depends on an unreferenced work in progress.  It also
   corrects the implementation-experience description (one reference
   implementation in two deployment forms, plus one independently
   developed third-party interoperability profile), clarifies the
   relationship to SCITT-based agent evidence work, and updates the
   author contact address.  The detached Ed25519 signature construction
   over RFC 8785 canonical JSON and the receipt lifecycle and signing-
   algorithm conformance are unchanged from draft-08.",https://datatracker.ietf.org/doc/draft-correctover-ccs/,2026-09-18,
draft-das-actuation-bound-execution-finality-00,draft-das-actuation-bound-execution-finality,0,new-draft,read_now,authorization,29,none,Command Accepted Is Not Actuation Authorized: Execution Finality for Cyber-Physical and Industrial Control Systems,"Cyber-physical and industrial systems increasingly accept commands
   from cloud services, AI agents, remote operators, enterprise
   applications, and distributed control software.  A high-consequence
   failure can occur even when identity, authorization, message
   integrity, platform attestation, and functional-safety mechanisms are
   individually correct: a digitally valid command can remain apparently
   acceptable while the target actuator, command parameters, machine
   mode, process state, safety/interlock state, authority state, or
   effectuation path has changed.  The consequence is no longer merely
   an incorrect API call.  It can be drive energization, robotic motion,
   valve or pump actuation, material release, process transition, or
   another physical effect.  No token forgery, cryptographic break, or
   defeat of the safety protocol is necessarily required; the failure
   can be a loss of continuity between earlier digital authority and the
   exact physical act that becomes effective.

   Existing industrial mechanisms already solve major parts of this
   problem.  IEC 61508 and IEC 61511 define mature functional-safety
   engineering and Safety Instrumented Systems; IEC 62443 defines
   cybersecurity requirements for industrial automation and control
   components; OPC UA provides industrial security mechanisms, while OPC
   UA Safety defines a functional-safety communication layer; ACE-OAuth
   [RFC9200] provides authorization for constrained IoT environments;
   RATS [RFC9334] provides trusted platform Evidence and Attestation
   Results; and existing safety PLCs/controllers from Siemens, Rockwell
   Automation, Schneider Electric, ABB, and other vendors provide mature
   safety logic and output control.  These are complementary precedents,
   not examples of missing safety engineering.  Where an existing safety
   controller or protected actuator boundary already makes exact command
   authority, current safety/process state, and final output mediation
   non-bypassable, that deployment already satisfies the core property
   described here.

   The residual gap exists only where one of those mechanisms stops at a
   boundary upstream of the first physical effect or does not carry the
   complete cyber-authority predicate required by the deployment.  IEC
   functional-safety mechanisms can correctly enforce safety functions
   without necessarily expressing the provenance and exact scope of an
   AI-, cloud-, or enterprise-originated command.  IEC 62443 controls
   can correctly protect identity, use, integrity, and information flow
   without by themselves defining the final application's exact
   actuation predicate.  OPC UA Safety can correctly deliver SafetyData
   while the receiving safety application still determines whether a
   cyber-originated act is applicable.  ACE can correctly authorize a
   constrained resource while current machine/process/safety state may
   be evaluated later.  RATS can correctly attest the controller while
   platform trust is not authorization for a particular torque, motion,
   valve transition, or output.  Current application-layer action-
   evidence work [SOKOLOV-AEP] can strengthen accountability while
   remaining distinct from pre-actuation non-completability.  If any
   existing deployment already composes these properties at the true
   output boundary, no residual gap remains for that deployment.

   This document therefore proposes a narrower actuation-bound
   execution-finality invariant.  A Candidate Act remains in a Non-
   Effective State until a protected Actuation Finality Boundary (AFB)
   verifies the exact pending command, current execution authority,
   target actuator identity, freshness and replay state, required
   current machine/process/safety predicates, and authorized
   effectuation path immediately before or atomically with the physical
   output becoming effective.  The AFB is an architectural role, not a
   mandatory new appliance: an existing safety PLC, safety controller,
   protected drive, robot controller, SIS function, secure I/O stage, or
   device controller can already be the AFB when it enforces the
   required invariant.

   Prevention is claimed only where the protected physical effect cannot
   occur without those checks and where existing functional-safety
   controls remain authoritative rather than being bypassed or replaced.
   Execution-finality logic MUST NOT convert an existing safety DENY
   into ALLOW.  If enforcement is upstream-only, mutable context is
   stale, path coverage is incomplete, or the mechanism merely records
   what occurred, the result is mitigation, detection, or auditability
   rather than the same prevention guarantee.  The architecture
   complements functional safety; it does not replace hazard analysis,
   define a safe state, certify an unsafe controller, or claim that an
   IETF mechanism establishes SIL or PL.

   The problem is industrially relevant to robotics and motion control,
   process plants, manufacturing and warehouse automation, power and
   critical infrastructure, and other systems where remote or AI-
   generated commands can cross several cyber layers before becoming
   physical.  Siemens Safety Integrated, Rockwell GuardLogix, Schneider
   Electric Modicon M580 Safety, ABB AC500-S, and OPC UA Safety are
   cited politely as mature safety precedents and potential integration
   points.  No vulnerability, deficiency, non-conformance, affiliation,
   or endorsement is asserted.  Criticism, corrections, counterexamples,
   prior art, real-time implementation experience, and evidence that
   existing safety or authorization mechanisms already provide the full
   invariant are explicitly invited.",https://datatracker.ietf.org/doc/draft-das-actuation-bound-execution-finality/,2026-09-18,
draft-das-ai-factory-silicon-finality-01,draft-das-ai-factory-silicon-finality,1,new-draft,read_now,trust_infrastructure,24,none,"Execution Finality for AI-Factory Silicon and Accelerated Infrastructure: Enforcement Profiles for GPUs, Chiplets, Memory Fabrics, DPUs, RDMA, CXL, and Photonic Boundaries","AI factories and AI-native network infrastructure are becoming
   heterogeneous hardware systems rather than isolated model-serving
   applications.  A single consequential operation may traverse CPU
   control planes, GPUs or NPUs, high-bandwidth memory, chiplets,
   coherent memory fabrics, CXL or PCIe paths, IOMMUs, DMA and RDMA
   engines, SmartNICs or DPUs, accelerator fabrics, model-serving
   runtimes, optical interconnects, storage systems, and physical power
   or cooling controllers.  At these layers, a computation can be valid
   and a component can be authenticated while the resulting tensor
   transfer, memory exposure, queue activation, model load, routing
   change, optical emission, partition transition, firmware update, or
   physical actuation is still not authorized to become effective.

   This document describes a silicon-oriented execution-finality
   architecture for preserving that distinction.  A consequential
   hardware or infrastructure operation is represented as a Candidate
   Act and remains in a Non-Effective State until a Protected
   Enforcement Domain establishes a machine-verifiable act descriptor,
   validates applicable authority predicates, updates or consumes
   protected state, and commits Protected Validation Evidence.  A scoped
   non-bearer capability is then bound to the exact Candidate Act,
   relevant descriptor or digest, protected evidence, protected state,
   freshness and policy conditions, permitted scope, execution-finality
   boundary, and applicable Finality Sink.  Possession of the capability
   alone is insufficient.

   The Finality Sink is the hardware, firmware, protected-runtime,
   fabric, controller, or adjacent enforcement role that has mandatory
   control over the consequence.  Depending on the profile, it may be a
   memory controller, HBM gate, GPU scheduler, accelerator partition
   controller, IOMMU or SMMU, DMA or RDMA engine, DPU or SmartNIC,
   fabric switch, chiplet link controller, CXL component, cache-
   coherence controller, model loader, token-emission gate, optical
   modulator or wavelength controller, eFPGA configuration gate, rack
   power controller, or another protected effectuation point.  The
   Candidate Act becomes effective only after sink-local verification
   confirms that the actual pending operation still corresponds to the
   validated act and current protected state.

   The document provides 83 detailed Enforcement Profiles.  Sixty-three
   translate the supplied GPU, silicon, chiplet, memory-fabric, and AI-
   factory source set; twelve supplementary profiles map the same
   execution-finality model onto current hyperscale and Arm-based
   infrastructure directions; and eight additional profiles selectively
   adapt non-duplicative mechanisms from the companion DAS Protocols V,
   VI, and VIII disclosures for silicon and AI-factory use.  The
   catalogue covers GPU and accelerator egress, rack-scale AI fabrics,
   sparse expert routing, coherent and disaggregated memory, collective
   communication, DPUs and SmartNICs, RDMA and GPU-direct access, model
   and KV-cache lifecycle state, accelerator partitioning, arithmetic-
   mode control, AI-factory scheduling, storage, telemetry, firmware,
   power and cooling, digital-twin actuation, in-network compute,
   federated-learning egress, neural-waveform release, silicon
   photonics, optical lanes and wavelengths, chiplet admission and UCIe
   control, CXL memory pools, RAS and memory quarantine, eFPGA
   configuration, reconfigurable optical accelerator topologies,
   accelerator-pod membership, compiler-to-silicon executable
   activation, confidential-realm memory ownership, secure device
   attachment, coherent-mesh admission, confidential offload-device
   attachment, network and storage offload queues, isolated management-
   controller actions, host-independent cloud-offload actions,
   UltraServer-scale accelerator-fabric membership, distributed EFA/RDMA
   endpoint admission, protected neural-state proofs, hardware-isolated
   shadow auditing, cross-committed collection-time and execution-time
   validation, attested measurement paths, distributed partial-share
   finality, separate compute-enable and produced-output authority,
   output-derived digest binding, and effectuation-enabling-resource
   withholding.  Profile identifiers retain the source numbering for
   traceability; gaps are intentional.

   The architecture is intended to complement, not replace, existing
   work in accelerated computing, AI networking, confidential computing,
   chiplet and coherent-memory systems, accelerator fabrics, optical I/
   O, attestation, authorization, and hardware isolation.  In
   particular, the profiles are directly relevant to public technology
   directions associated with NVIDIA, AMD, Intel, Google, Amazon Web
   Services (AWS), Microsoft, Broadcom, Marvell, and Arm, whose current
   infrastructure spans GPUs and AI accelerators, custom AI silicon,
   high-bandwidth memory, CPU-to-accelerator coherence, chiplets, CXL
   and PCIe-class fabrics, DPUs and infrastructure offload, RDMA and
   high-speed AI networking, rack-scale accelerator systems, optical and
   silicon-photonic interconnects, hardware roots of trust, and large-
   scale AI-factory orchestration.  Additional industry relationships
   with Qualcomm, Meta, Cisco, HPE, Nokia, Ericsson, Samsung, Huawei,
   AT&T, Verizon, Orange, and Deutsche Telekom are discussed in the body
   of the document where AI-native networking, RAN, 6G, edge compute,
   and operator-controlled infrastructure create related effectuation
   boundaries.  These references identify technical complementarity and
   possible enforcement locations; they do not imply that any named
   organization has reviewed, endorsed, adopted, or lacks equivalent
   mechanisms.

   The IETF relevance is principally the cross-layer security
   relationship among identity, attestation, evidence, cryptographic
   binding, workload authorization, protected state, replay resistance,
   delegation, and the final effectuation boundary.  The hardware
   protocols themselves remain within the remit of the appropriate
   hardware, semiconductor, telecommunications, optical, and system
   standards bodies.  The common invariant is: computation may produce a
   Candidate Act, but computation is not authority for consequence.",https://datatracker.ietf.org/doc/draft-das-ai-factory-silicon-finality/,2026-09-18,
draft-das-attestation-interconnect-finality-00,draft-das-attestation-interconnect-finality,0,new-draft,read_now,authorization,14,none,When Attestation Is Not Enough: Execution Finality for High-Assurance Resource Transitions,"Modern infrastructure increasingly allows memory, accelerators,
   device interfaces, storage regions, and other resources to move
   dynamically between hosts, tenants, virtual machines, and security
   domains.  Existing mechanisms can authenticate devices, attest
   software and firmware state, protect communication, and authorize
   resource operations.  However, these properties do not necessarily
   establish that the exact resource transition that becomes effective
   is still the transition that was evaluated and authorized.

   This distinction becomes security-critical when a change in
   addressability, ownership, routing, or device assignment itself
   exposes protected state.  For example, a dynamically reassigned
   memory extent may become accessible to a new tenant even though the
   device is authentic and the transport is protected, if sanitization,
   ownership state, allocation generation, destination binding, or other
   required conditions are no longer valid at the moment of
   reassignment.

   This document describes an execution-finality model in which a
   proposed transition remains non-effective until a protected
   enforcement boundary verifies the concrete operation immediately
   before effectuation.  Authorization is bound to the exact resource,
   source, destination, generation, security state, freshness
   conditions, and required preconditions, with replay and alternate-
   path protections.

   The problem is particularly relevant to high-assurance AI and
   composable-compute environments, including NVIDIA NVLink-based
   confidential multi-GPU systems, Arm Confidential Compute Architecture
   (CCA) and Realm Management Extension (RME) systems, UALink
   accelerator fabrics, CXL pooled-memory systems, and confidential-
   computing deployments operated by cloud providers.  These names
   identify published industry directions and alignment points; they are
   not assertions that any named implementation is vulnerable or non-
   conformant.

   The model complements attestation, confidential computing, secure
   transport, and device-assignment mechanisms rather than replacing
   them.  Its central security invariant is that a trusted component
   does not, by itself, imply a trusted transition.",https://datatracker.ietf.org/doc/draft-das-attestation-interconnect-finality/,2026-09-18,
draft-das-composite-execution-finality-01,draft-das-composite-execution-finality,1,new-draft,read_now,trust_infrastructure,18,none,Partial Commit Is Not Finality: Composite Candidate Acts Across Multiple Finality Sinks,"An agent, a payment orchestrator, or a control-plane applicator often
   intends one Candidate Act that would become real only as several
   consequences: a settlement post, a ledger write, a tool invoke, a
   notification, a radio enable.  [DAS-HANDLE] specifies verify,
   consume, and receipt at one Finality Sink.  It does not say what ""the
   act was permitted"" means when sink S1 has consumed and posted and
   sink S2 has rejected, timed out, or committed a different digest.

   Existing distributed-transaction tools already address adjacent
   problems.  Two-phase commit, XA, sagas, TCC, transactional outbox,
   and workflow engines coordinate steps.  OAuth, WIMSE, RATS, and SCITT
   still name identity, environment, and signed statements.  None of
   them, by themselves, bind N sink-local Execution Handles to one
   composite Act Digest and require that no child consequence become
   externally effective unless every required child reaches a defined
   terminal state.

   This document specifies Composite Candidate Acts, child handles, a
   coordinator that may only prepare, a two-phase consume rule, and the
   distinction between prevention (no child commits unless the composite
   closes) and mitigation (compensate after a partial post).
   Compensation is itself a Candidate Act.  It is not a silent undo and
   not a license to skip verify on the original child.

   The join is closed by a durable, linearizable Composite Decision Log
   holding one value per composite: empty, COMMIT, or ABORT, written
   only by compare-and-swap so that the first writer wins.  The
   coordinator MUST win the log before sending a decision to any child.
   A prepared child whose reservation timer expires MUST consult the
   log: it commits if COMMIT is recorded, releases if ABORT is recorded,
   attempts its own compare-and-swap of ABORT if the log is empty, and
   holds its reservation (HOLD) only if the log is unreachable.  No
   child acts on silence alone.

   This is not a new consensus protocol and not a claim that XA is
   obsolete.  Profiles that cannot obtain prepare-from-every-sink, or
   cannot reach a durable linearizable decision log, MUST NOT claim all-
   or-none prevention.

   Three rejections are expected and are treated as design constraints.
   ""Saga plus handle is enough"" is accepted when each saga step already
   reconstructs the live child, consumes a child handle, and cannot log
   SUCCESS after a required child rejects; this draft then shrinks to
   join fields.  Prepare across N sinks is a latency tax only if
   consume-state is global; it is per child handle, and a no_prepare
   mail or MCP child must use the mitigation profile rather than pretend
   2PC.  Child sinks reconstruct only their own pending effect, not a
   mesh-wide CAD.  Reviewers who would reject on saga, performance, or
   reconstruction grounds are asked to read those sections before
   discarding the document.  Criticism, including ""this should stay a
   note in the handle draft,"" remains invited.",https://datatracker.ietf.org/doc/draft-das-composite-execution-finality/,2026-09-18,
draft-das-consequence-path-completeness-00,draft-das-consequence-path-completeness,0,new-draft,read_now,authorization,27,none,When the Gate Can Be Bypassed: Consequence-Path Completeness for Execution Finality,"A perfectly correct authorization or security gate does not prevent a
   protected consequence if the same effect remains technically
   reachable through another path.  High-consequence systems commonly
   place authentication, authorization, policy, attestation, or
   execution-finality checks at identified API, gateway, Resource
   Server, operating-system, service-perimeter, or hardware boundaries.
   The vulnerability examined here is therefore a coverage failure: the
   protected gate can be sound while the effect can go around it.  This
   deserves high attention where the bypass can produce irreversible,
   financial, safety-relevant, privacy-sensitive, sovereign, or mission-
   critical consequences.

   Existing security architecture already addresses important parts of
   this problem.  The reference-monitor concept requires complete
   mediation, tamper resistance, and verifiability; OAuth Resource
   Servers validate authorization for requests they receive; gateways,
   service meshes, cloud policy systems, and service perimeters mediate
   configured flows; RATS provides trust evidence for components; and
   confidential-computing or hardware isolation can provide protected
   enforcement locations.  If any existing mechanism actually mediates
   every route capable of producing the defined consequence under the
   stated threat model, that deployment already satisfies the core
   property described here and no additional component is required
   merely for duplication.

   The residual problem arises when enforcement coverage is narrower
   than the consequence: for example, when an approved API hands work to
   a queue or database with other ingress paths, a service perimeter
   covers selected services while another interface remains effect-
   capable, or a software gate coexists with administrative, recovery,
   device, DMA, storage, or management-plane routes.  This document
   introduces a consequence-oriented execution-finality formulation: a
   Protected Consequence K, an Effectuation Domain D, a generation-
   indexed directed Effectuation Graph G_g, an Effectuation Path Set
   P_g(K,D), a Finality Cut Set F, and a protected Path-Set Generation
   g.  Prevention is claimed only when removal of the valid enforcement
   set F disconnects every admissible source from the consequence node,
   every member of F enforces an equivalent load-bearing finality
   predicate, and topology changes cannot silently inherit an older
   completeness claim.

   Where path discovery is incomplete, enforcement is bypassable,
   topology state is stale, or only selected interfaces are covered, the
   mechanism is mitigation or detection rather than the same prevention
   guarantee.  The model is relevant to AI-agent tool execution, cloud
   authorization, service meshes, financial and database commits,
   operating-system and device actions, confidential computing,
   accelerator/DPU/SmartNIC infrastructure, and industrial control.
   Microsoft Azure Policy, Amazon Verified Permissions/Cedar, Google
   Cloud VPC Service Controls, NVIDIA attestation, and Arm CCA are cited
   only as complementary industrial comparison or integration points,
   not as assertions of vulnerability, deficiency, non-conformance,
   affiliation, or endorsement.

   The proposed delta is not invention of complete mediation.  It is an
   explicit, testable mapping of complete-mediation reasoning to a
   protected consequence across heterogeneous distributed software and
   hardware paths, with coverage bound to a topology generation and to
   effectuation-time finality.  Criticism, corrections, counterexamples,
   prior-art pointers, evidence of equivalent existing mechanisms, and
   cases where path completeness cannot be established at acceptable
   cost are explicitly invited.",https://datatracker.ietf.org/doc/draft-das-consequence-path-completeness/,2026-09-18,
draft-das-cvid-enforcement-profiles-00,draft-das-cvid-enforcement-profiles,0,new-draft,read_now,core_identity,10,none,Capability-Validated Inbound Descriptors: Catalogue of Enforcement Profiles,"A destination identifier, an API credential, a completed computation,
   and an attested execution environment are each routinely treated as
   if they carried authority for consequence.  This document argues that
   none of them does, and catalogues fifty-nine enforcement profiles of
   the Capability-Validated Inbound Descriptor (CVID) architecture, in
   which an attempted act is a Candidate Act with no external effect
   until a protected enforcement domain validates a conjunctive
   predicate set and releases the capability the effect requires.

   The profiles span inbound communication; network capability exposure
   and intent-driven network programming; AI-native radio access,
   network slicing and packet core; distributed inference and digital
   twins; ultra-reliable low-latency operation; cross-border and
   sovereignty-bound execution; satellite, non-terrestrial and direct-
   to-device networks; optical inter-satellite links; immersive and
   semantic media; machine swarms; ambient IoT and backscatter;
   reconfigurable intelligent surfaces; device paging and wake; offline
   central bank digital currency settlement; lawful disclosure through
   escrow; platform neutrality measurement; network energy expenditure;
   and enforcement in silicon at accelerator output paths, DMA and RDMA
   boundaries, interconnects, and die-to-die interfaces.

   Three authorities commonly conflated are separated: authority to
   consume resources, authority to compute, and authority to cause an
   external effect.  From that separation follows the treatment of
   energy as an enforceable security resource rather than only an
   efficiency metric, with a low-energy admission tier deciding whether
   a candidate may activate expensive baseband, accelerator, or radio
   paths at all.  The document compares this position with published 6G
   energy work from Ericsson, Nokia, Qualcomm, and Huawei, states what
   the author believes is new, and sets out the limitations of the
   approach.

   Profiles are reproduced in the structural form in which they were
   drafted, including system and method variants of the same mechanism.
   The architecture itself, its terminology, and its protocol mappings
   are described in a companion document.  This document is published
   for discussion and comment; it is not a product of an IETF Working
   Group, and corrections are invited.",https://datatracker.ietf.org/doc/draft-das-cvid-enforcement-profiles/,2026-09-18,
draft-das-drip-uas-act-finality-01,draft-das-drip-uas-act-finality,1,new-draft,read_now,trust_infrastructure,24,none,Cleared to Fly or Drive Is Not Cleared to Act: Actuator-Level Execution Finality and Compact Act Evidence for UAS and Autonomous Vehicles,"Problem: Unmanned Aircraft System (UAS) trust infrastructure answers
   two questions well.  Remote Identification (RID), strengthened by the
   Drone Remote ID Protocol (DRIP), answers ""who is this aircraft?"", and
   UAS Traffic Management (UTM), U-space, and geo-awareness answer ""may
   this flight take place here and now?"".  Neither answers the question
   that decides physical consequence: may this specific act -- arming
   motors, crossing into a newly restricted volume, releasing a delivery
   payload, activating a camera over a protected area, emitting on a
   radio band, or joining a coordinated multi-aircraft manoeuvre --
   become effective at this actuator, at this instant, under the
   airspace and revocation state that is current now?  Authorizations
   are granted before or at take-off, while acts are executed
   continuously by mission computers and autonomy stacks that can be
   compromised, misled, coerced with validly signed commands, or cut off
   from their authorities.  Observers on the ground, in turn, can verify
   an aircraft's identity but not whether what it is doing was
   authorized before it happened.

   Solution: The IETF-facing contribution of this document is Compact
   Broadcast Act Evidence: 16-octet per-act decision records
   authenticated with a TESLA-style one-way key chain sealed inside a
   Protected Enforcement Domain and anchored to the aircraft's DRIP
   identity.  This lets an Observer verify, after a short disclosure
   delay and within the 25-octet Broadcast RID message budget, that the
   protected enforcement domain made an allow, deny, or safe-state
   decision before the corresponding evidence key was disclosed, without
   requiring a public-key signature on every act.  The evidence
   mechanism is coupled to an execution-finality profile in which each
   safety-significant or externally consequential act remains non-
   effective as a Candidate Act until the Protected Enforcement Domain
   verifies an act-bound, sink-bound Execution Handle against live
   trusted context, consumes current authority state atomically, commits
   a Finality Receipt, and only then releases the physical enablement
   condition at the Finality Sink.  The profile also specifies act
   classes and sinks, self-contained object fields, sink processing
   pseudocode, envelope handles for high-rate control, a boundary-
   proximity revalidation policy, bounded offline operation, and
   composite multi-aircraft semantics.  For constrained onboard, air-to-
   air, telemetry, or other small-frame links, the profile also defines
   an optional Beacon Proof Capsule (BPC): a compact act-bound and sink-
   bound execution-proof representation using an Authority Reference,
   freshness and generation state, a context commitment, a keyed binding
   commitment, explicit truncation-risk sizing, authenticated multi-
   frame reconstruction when necessary, and fail-closed resolver
   semantics.  A BPC is an input to execution verification; the AER/KDR/
   Anchor mechanism is output evidence of the PED decision, and the two
   roles are intentionally non-interchangeable.

   Additional profiles: This document also describes three narrowly
   scoped execution-finality embodiments: conflict-set-bound Detect-and-
   Avoid (DAA) resolution finality for UAS, emergency-scene temporary
   authority finality for autonomous road vehicles as an informative
   cross-domain application, and atomic control-authority handover with
   monotonic authority epochs for autonomous motion platforms.  These
   profiles preserve the same rule: an authenticated or correctly
   computed instruction remains a Candidate Act until the current
   effectuation boundary independently verifies the state on which that
   instruction depends.  In an autonomous road vehicle, that boundary
   may be a protected motion-admission gate rather than a motor or ESC
   gate, so the architecture can coexist with the vehicle's existing
   perception, planning, braking, steering, and minimal-risk-control
   functions.

   Industrial context and complementarity: The mechanism complements,
   and does not replace, Broadcast and Network RID, DRIP Entity Tags and
   authentication, DET resolution through DNS, UTM and U-space services,
   geo-awareness, Detect-and-Avoid, flight-control safety logic,
   automotive ADAS/autonomy stacks, remote-assistance systems, and
   authenticated command channels.  Publicly described examples of the
   kinds of software-defined or autonomy-enabled platforms to which this
   boundary can be complementary include Tesla driver-assistance
   systems, BYD DiPilot and related intelligent-driving platforms, DJI
   enterprise drone automation, Boeing autonomous and uncrewed aircraft
   systems, and Lockheed Martin/Sikorsky autonomous aircraft systems.
   These names are illustrative only: this document does not state or
   imply that any named organization uses, endorses, requires, or has
   evaluated this profile.  Their existing perception, planning,
   stabilization, DAA, ADAS, command-and-control, and safety mechanisms
   remain in place; the proposed finality layer operates later, at a
   protected motion-admission or actuator boundary, to verify the
   concrete pending act against current protected authority and state
   before effectuation.  The scope of this document remains strictly
   civil and excludes weapon release, targeting, and counter-UAS
   engagement.  This is an individual Informational Internet-Draft, not
   a DRIP WG work item.  In short, its IETF/IRTF relevance is to DRIP
   (DET-anchored compact act evidence for Observers), RATS (attestation
   of the protected enforcement domain), COSE/CBOR (deterministic
   compact objects), ACE (constrained scoped authorization as input
   rather than effectuation), SCITT (later audit of receipts), and T2TRG
   (constrained Things with multiple authorities).  No WG adoption or
   code-point allocation is requested in this version; the draft is
   offered for technical discussion in those communities and in UAS,
   Remote ID, constrained-security, autonomous-vehicle, and aviation
   standards forums.",https://datatracker.ietf.org/doc/draft-das-drip-uas-act-finality/,2026-09-18,
draft-das-ef-registries-01,draft-das-ef-registries,1,new-draft,read_now,trust_infrastructure,25,none,"Illustrative Codes Are Not a Namespace: Registries for Execution-Finality Consequence Classes, Sink Types, Act Types, Failure Codes, Profiles, and Media Types","The execution-finality family uses a shared vocabulary: Candidate
   Act, Execution Handle, Finality Sink, consume, and Finality Receipt
   [DAS-HANDLE] [DAS-PROTOCOL].  Each profile currently invents
   overlapping labels for the same ideas — FINANCIAL, SETTLEMENT, EF-
   005, SINGLE_USE — and then states that the codes are illustrative and
   not IANA assignments.  Two implementations can therefore emit the
   same token string with different meaning, or different strings for
   the same deny reason.

   Existing IANA registries already name adjacent objects.  JWT and CWT
   claim names [RFC7519] [RFC8392], OAuth parameters [RFC6749]
   [RFC7591], HTTP problem types [RFC9457], media types, RATS EAT
   claims, and SCITT statement types [RFC9943] solve identity, token,
   and transparency naming.  They do not allocate consequence class,
   sink type, act type, handle reuse policy, execution-finality failure
   code, or finality-profile identifiers.

   This document proposes those registries and an initial allocation
   drawn from the family drafts.  It does not decide which acts should
   be authorized.  It does not replace OAuth error codes, HTTP status
   codes, or application problem types.  A registered code is a shared
   name for a machine-readable condition; it is not a legal
   classification and not evidence that any named product implements the
   condition.

   Until IANA action occurs, codes in this document and in companion
   drafts remain provisional.  Implementations MUST treat foreign
   namespaces as distinct.  Criticism of the registry split, the initial
   code list, the registration policy, and the claim that a new
   namespace is required at all is explicitly invited.",https://datatracker.ietf.org/doc/draft-das-ef-registries/,2026-09-18,
draft-das-enterprise-ai-enforcement-profiles-00,draft-das-enterprise-ai-enforcement-profiles,0,new-draft,read_now,authorization,21,none,Securing the Enterprise Future: Technical Non-Joinability for Enterprise AI,"Enterprise artificial-intelligence systems are increasingly connected
   to multiple organizational repositories, applications, tools, memory
   systems, and workflow interfaces.  Representative industrial
   deployment classes include OpenAI ChatGPT and ChatGPT Work, Anthropic
   Claude, Google Gemini Enterprise, xAI Grok for Business, Microsoft
   Copilot and Copilot Studio, Amazon Q Business, Salesforce Agentforce,
   ServiceNow AI Agents, and comparable enterprise or privately deployed
   AI systems.  These names are cited only as publicly described
   examples of the broader deployment class.  Their inclusion does not
   assert that any named product implements, lacks, requires, infringes,
   endorses, or is vulnerable to the mechanisms described here, does not
   characterize undisclosed internal architectures, and does not imply
   that equivalent functionality is absent from an existing product or
   specification.

   The security problem considered here is not limited to theft of a
   pre-existing database.  An enterprise-AI workload may be individually
   authorized to retrieve information from customer, engineering,
   financial, source-code, supplier, scheduling, communication, memory,
   and operational systems while the combination of those sources
   reveals a sensitive relationship or future enterprise state that no
   single repository contains.  Conventional access control, encryption,
   network segmentation, database separation, confidential computing,
   and source-level authorization remain important, but storage
   separation alone does not prevent such reconstruction where the same
   effective authority can obtain the constituent values and freely
   resolve the relationships among them.

   The mechanism described here therefore separates not only protected
   data but also the authority required to create protected semantic
   relationships among that data.  Identity components, substantive
   content, relationship-mapping information, reconstruction-enablement
   state, and authorization state may be maintained under independently
   controlled protection domains.  A processing request establishes a
   bounded reconstruction authorization tied to the actual workload,
   execution context, session, permitted fields, permitted
   relationships, processing purpose, and output conditions.  Each
   required protection domain independently determines whether its
   component may participate.  Approved components may remain session
   bound, cryptographically wrapped, capability restricted, opaque, or
   accessible only through a mandatory mediated path.  Only the
   specifically authorized relationships are resolved inside a protected
   reconstruction environment, which constructs a temporary minimum-
   necessary view without providing the AI workload with unrestricted
   authority over the underlying stores.

   This creates a technical distinction between authority to access
   information and authority to associate information.  Access to an
   identity component and access to a content component do not, by
   themselves, authorize every relationship between them.  The same
   distinction applies after computation: successful reconstruction,
   inference, or generation does not automatically authorize disclosure,
   persistence, transmission, tool invocation, database modification,
   payment, downstream-model use, or another external consequence.  A
   resulting output or proposed act can remain technically non-
   releasable while current session, execution, association, provenance,
   destination, recipient, policy, revocation, and disclosure conditions
   are verified.  Protected evidence of successful verification is
   committed before scoped release authority is created and checked at
   the actual consequence boundary.

   This document presents 79 Enforcement Profiles that apply the same
   underlying architecture to different enterprise-AI enforcement
   points, including multi-domain information separation, independent
   association authority, session-bound reconstruction, protected
   provenance, runtime behavioral verification, agentic tool invocation,
   prompt and input mediation, streaming disclosure, lifecycle
   restrictions, distributed policy enforcement, and multi-authority
   consequence control.  Each profile is expressed in terms of the
   problem being addressed, the technical enforcement mechanism, and its
   relationship to existing technology so that the underlying
   engineering concept can be evaluated independently of specialized
   terminology.

   This document is related to the earlier [DAS-ENTERPRISE-OUTPUT],
   which introduced the broader enterprise-future-reconstruction threat,
   protected reconstruction, and output-finality architecture.  The
   principal new contribution here is the systematic decomposition of
   that architecture into 79 concrete enforcement profiles, together
   with a more explicit treatment of Technical Non-Joinability as a
   separately enforceable property governing when independently
   accessible enterprise information may be semantically associated.

   The common engineering principle is that access to components is not
   necessarily authority to join them, and completion of computation is
   not necessarily authority to make the resulting consequence
   externally effective.",https://datatracker.ietf.org/doc/draft-das-enterprise-ai-enforcement-profiles/,2026-09-18,
draft-das-enterprise-ai-output-finality-03,draft-das-enterprise-ai-output-finality,3,new-draft,read_now,authorization,11,none,"The Missing Piece for High-Value Confidential Enterprise AI: Non-Joinable Vaults and Output-Release Finality for Banking, Defence, and Public-Sector Deployments","This profile is specified for high-risk, multi-system enterprise and
   public-sector AI — assistants and agents that can see several
   independently authorized stores and then send, write, or invoke.  It
   is not specified for consumer chat.  In industrial terms that
   describes enterprise assistant and agent seats of the kind offered by
   Anthropic, OpenAI, Google Gemini, and xAI Grok, together with self-
   hosted open-weight deployments; these names are used with respect, as
   publicly described deployment classes only, and imply no claim about
   any vendor's internals and no vendor endorsement of this profile.

   A 2020 breach stole what was already stored: a server image, a
   database dump, user rows.  After 2025 a compromised assistant can do
   what a dump cannot.  In minutes it can join mail, tickets, code,
   finance, and memory into a map of launch plans, targets, defects, and
   negotiation room — strategy that was never one record — and that map
   can be sold to a competitor.  There is no credential rotation for a
   future that has already been read.  Traditional access control still
   answers who may touch each store.  It does not answer whether those
   fragments may be joined into that meaning, or whether that meaning
   may leave.

   This document specifies an architectural framework and metadata
   profile for that gap.  Technical Non-Joinability is enforced by a
   session-bound Reconstruction Authorization Object (RAO) that limits
   relational binding.  Technical Non-Completability is enforced by an
   Output Release Boundary that requires committed validation evidence
   before a generated token or tool invocation can take external effect.
   The specification defines the authorization objects, cryptographic
   bindings, and boundary validation sequences required to isolate
   reconstruction domains without modifying the underlying datastores.

   A published runnable reference implementation is provided so that the
   profile can be executed and tested, not only read as theory.  That
   implementation is an architectural reference for the state machine,
   not a claim of production isolation.  The architecture introduces
   bounded evaluation on the path that can intercept unauthorized join
   or release.  That latency is accepted where the asset is high-
   consequence enterprise or public-sector intelligence and raw speed is
   subordinate to preventing reconstruction and release.  The author
   states that trade-off explicitly: this profile is for deployments
   that choose that priority.  It is not offered as a design for
   consumer chat or other paths that optimize only for speed.

   Readers are respectfully encouraged to review Section 4 and Section 5
   in full, as those sections set out the complete problem description
   and motivating scenarios and should not be skipped.",https://datatracker.ietf.org/doc/draft-das-enterprise-ai-output-finality/,2026-09-18,
draft-das-execution-finality-ai-boundary-00,draft-das-execution-finality-ai-boundary,0,new-draft,read_now,authorization,8,none,An Execution Interlock at the AI Model-to-External-Effect Boundary,"An AI system's ability to compute an operation is not the same as
   authorization for that operation to take effect outside the system.
   This document defines an enforcement boundary at which an operation
   produced by an AI system is verified against the effect it will
   actually produce, rather than against the effect that was requested
   or approved upstream, and specifies that the operation carries no
   external consequence until that verification succeeds.

   The boundary is complementary to alignment, sandboxing, monitoring,
   and interpretability, which reduce the likelihood that an unsafe
   operation is produced.  This document addresses the separate question
   of what prevents a produced operation from becoming effective.  The
   mechanism functions as a safety interlock: it does not restrict what
   the system may compute, only whether a specific computed operation
   may take effect.  The invariant is that computation is not authority.",https://datatracker.ietf.org/doc/draft-das-execution-finality-ai-boundary/,2026-09-18,
draft-das-execution-finality-enforcement-profiles-01,draft-das-execution-finality-enforcement-profiles,1,new-draft,read_now,trust_infrastructure,38,none,"Execution Finality at External-Effect Boundaries: Enforcement Profiles for 6G, AI-Native RAN, RF, ISAC, Accelerated Compute, Devices, and Autonomous Systems","AI-native and autonomous infrastructure is increasingly able to
   generate, optimize, schedule, route, transmit, disclose, render,
   allocate, encrypt, modify network state, control radio resources, and
   initiate physical or machine actions without a human decision at
   every step.  An agentic AI system may generate a tool call or machine
   instruction; an AI-native RAN may compute a beam, handover, power,
   spectrum, routing, slicing, or topology change; an integrated sensing
   and communication (ISAC) system may generate sensing information for
   release or fusion; an O-RAN xApp or rApp may generate a network-
   control instruction; an accelerator may produce a routing,
   scheduling, inference, or resource-allocation result; or an
   autonomous controller may prepare a cyber-physical actuation.
   Successful computation, authentication, attestation, access
   authorization, credential possession, or execution inside a trusted
   environment does not, by itself, establish authority for the
   resulting operation to become externally effective.

   This document describes a protected execution-finality architecture
   in which that distinction is machine-enforced.  A proposed
   consequential operation is represented as a Candidate Act and remains
   in a Non-Effective State while a Protected Enforcement Domain
   establishes a machine-verifiable act descriptor, validates applicable
   machine-verifiable authority predicates, and performs, consumes,
   advances, or references applicable protected state.  The resulting
   state is represented by an applicable protected-state representation,
   and Protected Validation Evidence is committed before, or atomically
   with, authorization of availability of a scoped non-bearer
   capability.  The capability is machine-verifiably or
   cryptographically bound to the specific Candidate Act, the act
   descriptor or its digest, the committed validation evidence,
   applicable protected state, freshness constraints, permitted
   effectuation scope, the relevant execution-finality boundary, and the
   applicable Finality Sink.

   The Finality Sink is positioned at or before the point at which the
   Candidate Act would first acquire an externally meaningful
   consequence.  Before effectuation, the Finality Sink performs a
   machine-enforced capability-validity check and permits the Candidate
   Act to cross the execution-finality boundary only when the required
   bindings, protected state, validation evidence, freshness conditions,
   and effectuation scope remain valid.  Absence, expiry, revocation,
   exhaustion, replay, staleness, mismatch, timeout, unverifiability,
   indeterminacy, scope failure, binding failure, or failure of a
   required preceding protected operation causes the architecture to
   fail closed, leaving the Candidate Act non-effective.

   The document provides 132 detailed Enforcement Profiles that
   instantiate this common architecture at materially different
   consequence boundaries.  The profiles cover agentic AI tool calls and
   machine instructions; AI-native RAN and RF control; integrated
   sensing and communication (ISAC); sensing-result, location,
   telemetry, and metadata release; restricted-content delivery,
   decryption, decoding, recommendation, and rendering; derivative,
   transformed, synthetic, and AI-modified content; VPN, proxy,
   encrypted-DNS, encrypted-session, and tunnel establishment; cyber-
   physical, robotic, vehicle, industrial, and actuator control; network
   exposure, CAPIF, northbound APIs, and operator-controlled
   capabilities; distributed, edge, joint communication-compute, and in-
   network compute; shared AI-RAN accelerators and deterministic
   resource isolation; O-RAN xApp, rApp, A1, E2, and O1 control paths;
   cloud-native and virtualized RAN; network slicing, routing, topology,
   service-function-chain, and autonomous-network operations; ambient,
   passive, batteryless, backscatter, and zero-energy IoT; device wake
   and RF-energy admission; dynamic spectrum occupancy and spectrum
   authorization; RF, millimetre-wave, sub-THz, and future-band
   emission; reconfigurable intelligent surfaces; cooperative and
   distributed radio; post-quantum and hybrid cryptographic activation;
   RAN AI-model mutation; hardware-controlled location release;
   speculative decoding and target-model reconciliation; persistent and
   vector memory; deferred, scheduled, recurring, and trigger-
   conditioned acts; tool, plug-in, MCP-server, and external-agent
   supply-chain re-attestation; neural-state descriptors and privacy-
   preserving neural proofs; neural Candidate Act fragments; neural
   trust segmentation and influence-threshold enforcement; hardware-
   isolated neural-influence shadow auditing; multimodal sensory
   provenance; distributed multi-GPU neural execution and secure
   interconnect binding; unknown-agent marketplace recruitment and trust
   establishment; two-instance collection-time and execution-time cross-
   committed validation with independent protected enforcement domains;
   boundary-local reconstruction of the actual pending operation;
   attested measurement paths; atomic verify-and-effectuate and compare-
   and-commit enforcement; distributed partial-share finality without
   centralized authority reconstruction; sink-rooted finality evidence
   for dependent operations; readable-data operational inertness; cross-
   committed multi-agent delegation chains; autonomous cloud-control-
   plane and telco-cloud commit control; AI-mediated voice, video,
   recording, call-transfer, and communication-response control;
   separate computation authority and produced-output finality
   authority; produced-output canonicalization and output-derived digest
   binding; effectuation-enabling-resource withholding and execution-
   substrate technical non-completability; first-usable, location-
   neutral effectuation-boundary control; output grounding-to-
   effectuation correspondence; and accelerator, DMA, RDMA, memory,
   interconnect, SmartNIC, DPU, and other hardware-egress boundaries.
   Each profile identifies the relevant Candidate Act, authority
   predicates, protected state, capability scope, Finality Sink,
   execution-finality boundary, and externally effective consequence
   while inheriting the common execution-finality model.

   The architectural question addressed here is complementary to, rather
   than a replacement for, current industry work on AI-native and future
   communications.  Publicly described work from Qualcomm, Nokia,
   NVIDIA, Samsung, Ericsson, and Huawei is relevant to areas covered by
   these profiles, including AI-native 6G, AI-RAN, accelerated and
   shared compute, programmable and autonomous RAN control, RF and
   spectrum operation, ISAC, cloud-native networking, energy
   optimization, and increasingly autonomous network-management loops.
   The present document addresses a narrower enforcement question that
   arises at or immediately before consequence: after an AI model,
   network function, accelerator, application, controller, or autonomous
   agent has successfully computed or prepared an operation, what
   machine-verifiable authority must exist at the exact external-effect
   boundary before that specific operation is allowed to take effect?
   The named organizations are referenced solely to identify publicly
   relevant technical directions; no affiliation, review, adoption,
   approval, endorsement, or participation by any named organization is
   implied.

   The common invariant across all profiles is therefore: computation
   may produce a Candidate Act, but computation is not authority for
   consequence.

   Profiles 184 through 213 add package-interconnect acceptance,
   exception-path and fault-report egress, transmission-quota grant,
   asserted-prior-authorization, non-transfer coherence visibility,
   runtime capacity arrival, PHY link-state, in-path component, post-
   attestation interface-protection, test-path egress, electrical and
   clock prerequisite, and virtual-channel admission finality, together
   with commercially mapped profiles for multi-accelerator tensor
   egress, CXL extent assign-and-reclaim, DPU host-bypass denial,
   produced-inference-output release, accelerator tenant rebind,
   destination-jurisdiction egress, agentic tool-call dispatch, key-
   value-cache admission, model-weight activation, co-packaged optical-
   lane enablement, training-contribution admission, secret unwrap,
   streaming-token release, retrieved-context admission, on-device
   sensor binding, radio and UPF emission, cross-application on-device
   assistant capability, and telemetry or debug egress.  The silicon-
   layer extension profiles additionally cover CXL-class coherent memory
   pooling and ownership transitions; UCIe-class chiplet attach and die-
   to-die manageability; accelerator scale-up-fabric remote load, store,
   atomic, and route operations; confidential accelerator contexts and
   secret provisioning; IOMMU/SMMU, PASID, ATS, DMA-aperture, and peer-
   to-peer translation state; HBM4-class memory-region reassignment and
   residual-state control; DPU/SuperNIC host-independent network and
   storage data paths; co-packaged optics and silicon-photonics optical
   egress; silicon-root-of-trust firmware, microcode, and bitstream
   activation; and on-die memory-system, NoC, cache, and bandwidth
   partition state.",https://datatracker.ietf.org/doc/draft-das-execution-finality-enforcement-profiles/,2026-09-18,
draft-das-execution-handle-01,draft-das-execution-handle,1,new-draft,read_now,trust_infrastructure,50,none,"Possession Is Not Authority: Execution Handle, Sink Verification, Atomic Consumption, and Finality Receipt","Across agentic AI, payments, cloud control planes, industrial
   actuation, and cross-border processing, a machine can prepare a
   concrete operation long before that operation is allowed to become
   externally effective.  Existing protocols already move identity,
   authorization data, attestation results, and signed statements.  They
   do not, by themselves, define the small set of interoperable objects
   required at the effectuation boundary: a canonical Candidate Act
   Descriptor, a scoped non-bearer Execution Handle bound to that exact
   act and to a designated Finality Sink, a verify operation that
   reconstructs the pending effect, an atomic consume that prevents
   replay, and a Finality Receipt that records what was actually
   permitted.

   The residual failure is familiar and does not require token forgery.
   An access token, capability, session cookie, SPIFFE SVID, WIMSE
   credential, OAuth grant, attestation result, or signed mandate can
   remain cryptographically valid while being presented for a different
   tool call, a substituted beneficiary, a second sink, a replayed
   payment, a migrated region, or an alternate administrative path.
   Bearer possession then becomes mistaken for current, act-specific
   authority to effectuate.

   Existing mechanisms already address important adjacent problems.
   OAuth 2.0 and OAuth Rich Authorization Requests can express fine-
   grained authorization data [RFC6749] [RFC9396].  DPoP and
   certificate-bound tokens constrain sender possession [RFC9449]
   [RFC8705].  JWT and CWT carry signed claims [RFC7519] [RFC8392].
   HTTP Message Signatures authenticate individual requests [RFC9421].
   WIMSE addresses workload identity in multi-system environments
   [WIMSE-ARCH].  RATS supplies Evidence and Attestation Results
   [RFC9334].  SCITT supplies signed statements, transparency, and
   receipts [RFC9943].  MCP and similar tool interfaces dispatch agent-
   selected functions.  None of these objects is specified as a non-
   bearer, exact-act, sink-bound, single-use-or-bounded effectuation
   authority whose verification is serialized with protected commit.

   This document specifies those wire objects and the verify/consume/
   receipt exchange.  A Candidate Act remains in a Non-Effective State
   until a Finality Sink reconstructs the security-relevant pending
   operation, verifies that a current Execution Handle authorizes that
   exact operation at that sink, consumes or reserves the handle
   according to its reuse policy, and optionally emits a Finality
   Receipt.  The Execution Handle is not a session token and is not
   valid merely because the caller can present it.

   Prevention is claimed only when exact-act binding, sink binding,
   currentness, reuse policy, consequence-path coverage, and
   verification-to-commit serialization are load-bearing.  If a
   deployment uses ordinary bearer tokens, advisory act identifiers,
   post-hoc logs, or a gateway that can be routed around, the result is
   mitigation or evidence rather than the same prevention guarantee.
   Encoding profiles are provided for JSON and COSE/CWT; the
   architecture requires the semantics, not one exclusive encoding.

   Three rejections are expected and are addressed in the body rather
   than dismissed here.  First, a saga, 2PC, or workflow plus ordinary
   tokens already coordinates steps; that coordinator is complementary,
   and is enough only if each sink also reconstructs the live act and
   consumes act-bound authority.  Second, atomic consume is not a
   process-wide lock: SINGLE_USE is per handle, COUNTED and ENVELOPE
   exist for high-QPS classes, and rails that already keep idempotency
   keys already pay this cost.  Third, reconstruction is required only
   at the component that would first make the effect real, over fields
   that sink can observe — not at every mesh hop, and not as blind trust
   in a caller digest.  Reviewers who hold any of those objections are
   asked to read those sections and to supply a counterexample if the
   residual gap is already closed.  Criticism, prior art, and a
   recommendation to stop the work remain invited.",https://datatracker.ietf.org/doc/draft-das-execution-handle/,2026-09-18,
draft-das-finality-bound-revocation-00,draft-das-finality-bound-revocation,0,new-draft,read_now,authorization,28,none,Revoked but Still Executable: Closing the Authorization-to-Effect Gap with Finality-Bound Revocation,"Revocation is often treated as a property of a credential, token,
   session, grant, policy, or identity record.  In consequence-bearing
   systems, however, an authorization can be completely legitimate when
   issued and still become unsafe before the authorized operation
   becomes externally effective.  The security question is therefore not
   only whether revocation exists, but whether a revocation that becomes
   authoritative before a protected commit is guaranteed to control that
   commit.  The severity is deployment- dependent, but can be high in
   financial, administrative, AI-agent, cloud-control, confidential-
   compute, device, industrial, or other environments where a stale-but-
   valid authorization can produce an irreversible or externally
   consequential effect.

   This document describes a finality-bound revocation model.  A
   Candidate Act remains in a Non-Effective State after upstream
   authorization.  The authorization is bound to an act-specific
   revocation basis, such as a protected revocation generation, epoch,
   status root, or equivalent authority state.  Immediately before the
   protected consequence is committed, a Finality Sink verifies that no
   applicable revocation, suspension, narrowing, or superseding
   authorization state has become load-bearing.  Where the revocation
   state changed, the act is rejected, re-authorized, or explicitly
   shown to survive the change under an authoritative rule.  With
   authoritative current state, atomic check-and-commit semantics, and
   complete mediation of all effectuation paths, this is intended as a
   prevention property for the protected stale act; deployments that
   permit bounded staleness or incomplete path coverage obtain
   mitigation rather than the same prevention guarantee.

   The model complements existing mechanisms rather than replacing them.
   OAuth Token Revocation [RFC7009] and Token Introspection [RFC7662]
   provide standardized token-state mechanisms; Microsoft Entra
   Continuous Access Evaluation [MS-CAE] demonstrates event-driven
   rejection of otherwise unexpired tokens; Amazon Verified Permissions
   and Cedar [AWS-VERIFIED-PERMISSIONS] provide fine-grained policy-
   evaluation mechanisms; Google Cloud IAM [GOOGLE-IAM-DENY] provides
   centrally managed deny-policy controls; and confidential-computing
   and attestation platforms such as NVIDIA attestation [NVIDIA-ATTEST]
   and Arm CCA [ARM-CCA] can provide protected execution and trust
   inputs.  These technologies are cited as industrial alignment and
   integration points, not as assertions of vulnerability, deficiency,
   non-conformance, affiliation, or endorsement.

   The proposed delta is an effectuation-bound invariant: if revocation
   becomes authoritative before an act crosses the protected
   effectuation boundary, a previously valid permit must not remain
   sufficient merely because its signature, expiry, sender constraint,
   earlier authorization decision, or cached status result is still
   valid.  The document therefore focuses on the ordering and binding
   between revocation state and the exact protected commit, including
   queued work, multi-hop delegation, alternate effectuation paths,
   rollback, crash recovery, and TOCTOU races.

   The document asks the IETF community whether existing standards or
   deployed mechanisms already provide this invariant in full, where the
   correct effectuation boundary lies, and what interoperability work,
   if any, is justified.  Criticism, corrections, counterexamples,
   implementation experience, and pointers to existing equivalent
   mechanisms are explicitly invited.",https://datatracker.ietf.org/doc/draft-das-finality-bound-revocation/,2026-09-18,
draft-das-jurisdiction-bound-execution-finality-00,draft-das-jurisdiction-bound-execution-finality,0,new-draft,read_now,trust_infrastructure,40,none,"Authorized Here, Not Authorized There: Jurisdiction-Bound Execution Finality for Cross-Border and Sovereign Systems","Modern cloud, AI, financial, telecom, and critical-infrastructure
   systems increasingly operate across regions, sovereign clouds, multi-
   cloud environments, and distributed workload chains.  A high-
   consequence authorization failure can occur even when identity,
   cryptography, policy evaluation, and platform attestation all
   succeed: the same Candidate Act can become effective under a
   jurisdictional or governance context different from the one under
   which it was authorized.  Workload migration, disaster-recovery
   failover, cross-region queues, service rerouting, remote
   administration, control-plane changes, destination substitution, key-
   control changes, or downstream processing can convert an
   authorization that was valid under context J1 into an effect
   occurring under context J2.  No token forgery or cryptographic break
   is required.

   Existing mechanisms already address important parts of this problem.
   OAuth Rich Authorization Requests [RFC9396] can carry fine-grained
   authorization details; OAuth Resource Indicators [RFC8707] bind
   authorization requests to protected resources; JWT [RFC7519] can
   carry signed application claims; WIMSE [WIMSE-ARCH] provides
   workload-identity and security-context architecture for multi-system
   environments; RATS [RFC9334] provides Evidence, Verifiers, and
   Attestation Results; and SCITT [RFC9943] provides signed statements,
   transparency, and receipts.  Industry systems also provide concrete
   sovereignty and data-boundary controls: Microsoft documents its EU
   Data Boundary [MS-EUDB], AWS operates the European Sovereign Cloud
   [AWS-ESC], and Google Cloud provides Sovereign Controls by Partners
   [GOOGLE-SOV].

   The residual gap exists only where jurisdiction is treated as
   descriptive metadata, inferred from weak location signals, enforced
   only at deployment time, or checked at an upstream boundary while the
   actual consequence can later move through another region, operator,
   administrative path, processing service, destination, failover route,
   or control domain.  A workload can be correctly authenticated and a
   platform correctly attested while the current effectuation context no
   longer satisfies the deployment's sovereignty rule.  Likewise,
   storing data in one region does not by itself prove where it is
   processed, remotely administered, decrypted, transmitted, or finally
   disclosed.

   This document proposes a jurisdiction-bound execution-finality
   invariant.  A Candidate Act remains in a Non-Effective State until
   the Finality Sink establishes a current, authoritative Jurisdiction
   Execution Context (JEC) for the exact act and verifies that the
   present effectuation environment satisfies the deployment-defined
   Jurisdiction Policy.  The JEC can combine workload identity, compute
   and processing domain, storage location, destination, operator/
   control domain, key-control domain, remote-access state, attested
   trust state, and policy generation.  JEC is an architectural role,
   not a mandated token format.

   Prevention is claimed only when the jurisdiction policy, evidence
   sources, current effectuation context, exact-act binding, state
   continuity, and consequence path are load-bearing and non-bypassable.
   If the deployment relies only on GeoIP, region labels, advisory
   metadata, best-effort routing, post-hoc audit, or incomplete path
   coverage, the result is mitigation or evidence rather than the same
   prevention guarantee.  The architecture enforces machine-readable
   jurisdiction or compliance policy supplied by an authoritative
   deployment source; it does not determine what law applies or provide
   a legal conclusion.

   Microsoft, AWS, Google Cloud, NVIDIA, and Arm are discussed only as
   complementary industrial examples or potential integration points.
   The document does not assert vulnerability, deficiency, non-
   conformance, affiliation, or endorsement by any named organization.
   A deployment that already makes its required jurisdictional
   constraints current, non-bypassable, and mandatory at the actual
   consequence boundary already satisfies the core property.  Criticism,
   corrections, counterexamples, prior-art pointers, implementation
   experience, and evidence of equivalent existing mechanisms are
   explicitly invited.",https://datatracker.ietf.org/doc/draft-das-jurisdiction-bound-execution-finality/,2026-09-18,
draft-das-protocols-enterprise-ai-02,draft-das-protocols-enterprise-ai,2,new-draft,read_now,trust_infrastructure,19,none,"Assume the AI Server Is Already Compromised: Execution-Consequence Decoupling So a High-Risk Enterprise AI Cannot Join, Infer, or Send","Start from the assumption that the attacker already controls the AI
   server — that the workload is fully compromised.  Not the perimeter,
   not a phished seat — the workload itself: its credentials, its
   connectors, its context window, its output path.  Nearly every
   enterprise control in use today has already failed by that point,
   because nearly every one of them is designed to keep the attacker out
   of the workload rather than to limit what the workload can do once it
   is theirs.

   Before anything else, the engineering posture: this architecture is
   specified for high-risk AI systems, where the standard priorities
   shift from speed and latency toward determinism, containment, and
   safety.  It is written for billion-dollar enterprise and mission-
   critical deployments — banking and treasury, defence and national
   security, critical infrastructure, and regulated enterprises holding
   unreleased material — and not for general day-to-day, consumer-grade,
   or low-stakes use.  It introduces evaluation on the join path and on
   the release path, and accepts that cost deliberately, because in
   these environments an unauthorized reconstruction or an unauthorized
   send is not recoverable by being fast.

   This document asks what is still denied to the attacker at that
   moment, and specifies an architecture in which two things are still
   denied: the attacker cannot cause independently held enterprise
   fragments to be bound into a map of the organization, and cannot
   cause any generated result to become externally effective.  Access to
   a store is not authority to join it to another store.  Finishing a
   generation is not authority to send it.

   The mechanism is Execution-Consequence Decoupling, enforced by three
   pillars: Decomposition of Authority (Technical Non-Joinability)
   across independently controlled identity, content, relationship-
   mapping, and cryptographic domains; Mandatory Mediation of every
   consequence-bearing Candidate Output; and Technical Non-
   Completability, so that computation can run to completion in a
   compromised environment without the ability to complete an external
   consequence.  Reconstruction is governed by a non-bearer
   Reconstruction Authorization Object bound to attested execution
   context, session, purpose, and Permitted Association Scope.
   Candidate Outputs are sealed, re-verified at output time, and
   committed to a Protected Output Validation Receipt before an output-
   specific Release Capability can be issued and exercised at a
   designated Output Release Boundary.

   The industrially relevant systems are the enterprise assistant and
   agent runtimes now deployed into exactly those environments,
   including those built on Anthropic Claude, OpenAI ChatGPT, Google
   Gemini, xAI Grok, and self-hosted Meta Llama models, together with
   the connector and Model Context Protocol fleets attached to them.
   These are named as publicly described deployment classes, because an
   architecture for high-risk enterprise AI should say plainly which
   systems it is about; nothing here characterizes any vendor's internal
   design or security posture, and no vendor has reviewed or endorsed
   this work.  It states the problem space, compares the architecture
   against representative conventional technologies (access control,
   bearer credentials, vaulting, TEEs, sandboxes, DLP, provenance, DRM,
   clean rooms, and information-flow control), gives a detailed
   technical description, and supplies JSON Schema definitions for the
   three protected objects.  A published runnable reference
   implementation [GITHUB-DAS-VII] executes the protected chain
   described here, so the architecture can be run and tested rather than
   only read; it is an architectural reference for the state machine and
   its failure states, not a claim of production isolation.

   This is the architecture and rationale document.  Its companion,
   draft-das-enterprise-ai-output-finality
   [I-D.das-enterprise-ai-output-finality], specifies the same split as
   a deployable protocol profile and metadata format for vendor
   assistant and agent seats.  The two are read together: this document
   explains why authority must be separated from computation; the
   companion specifies the objects, bindings, and boundary sequences
   that carry the separation on the wire.",https://datatracker.ietf.org/doc/draft-das-protocols-enterprise-ai/,2026-09-18,
draft-das-purpose-execution-finality-03,draft-das-purpose-execution-finality,3,new-draft,read_now,adjacent_watchlist,7,none,Data-Purpose Laundering Prevention: Execution-Finality for Preventing Cross-Domain Data Reuse,"Consider a concrete case: a user invokes a highly capable AI model
   under a declared purpose of education, but the resulting capability
   is in fact used for a military or terrorist end -- an illustrative
   example, not a claim about any real deployment.  When such misuse
   surfaces, an unresolved question follows: is the model provider
   liable, is the user liable, or is the jurisdiction that permitted the
   deployment liable?  This document does not answer that question --
   liability determination remains an external legal question for the
   responsible court, regulator, or contracting parties -- but it
   addresses the technical gap that makes the question unanswerable
   today.  Systems that collect data, or grant capability, for one
   stated purpose routinely permit that data or capability to be
   consumed for a different purpose, not because the second use was
   authorized, but because nothing in the protocol path was capable of
   refusing it or of recording what was actually authorized.  The most
   common technical control in deployment today is a self-asserted
   purpose string: a ""purpose"" claim in a token, a field in an API
   request, a comment in a data-sharing agreement.  A self-asserted
   string is evidence of intent, not proof of authority, and it fails
   precisely when it matters most -- when the requester lies.  This
   architecture addresses that loophole deterministically: it makes an
   undeclared or purpose-switched use technically detectable and
   refusable at the point of use, and it produces verifiable evidence of
   what was actually authorized, so that any subsequent liability
   determination can be argued from that evidence rather than from an
   unverifiable self-assertion.  Achieving that determinism introduces a
   bounded, measurable amount of evaluation latency at the point of use;
   this document treats that latency as an acceptable, secured trade-off
   for closing an otherwise unverifiable gap, not as a cost to be
   minimized at the expense of the guarantee.  The premise is not that
   AI innovation should slow down, any more than cars should be built
   slower; it is that innovation moving this fast needs the technical
   equivalent of a seat belt.

   A runnable reference implementation accompanies this document at
   Purpose Execution Finality Validator -- Runnable Reference
   Implementation (https://github.com/sangmdas/Purpose-Execution-
   Finality-Validator-to-Prevent-Data-Purpose-Laundering-in-AI-Systems).",https://datatracker.ietf.org/doc/draft-das-purpose-execution-finality/,2026-09-18,
draft-das-rats-openai-anthropic-extraction-03,draft-das-rats-openai-anthropic-extraction,3,new-draft,read_now,trust_infrastructure,15,none,An Execution-Finality Architecture Against Automated Extraction and Distillation of OpenAI and Anthropic Claude Model Information,"High-capability AI models can expose commercially, strategically, or
   technically valuable model information through governed inference
   interfaces, including logits, log-probabilities, embeddings,
   intermediate representations, structured responses, and other
   protected outputs.  Repeated or automated access to such information
   can contribute to industrial-scale model extraction, unauthorized
   capability replication, or distillation, creating significant
   intellectual-property, commercial, security, or strategic risk for
   operators of high-value models.

   The problem addressed by this document is not whether a model is
   technically capable of computing such information, but whether
   computation itself should constitute authority to release it.  This
   document therefore separates model computation from external
   disclosure: successful inference does not, by itself, constitute
   release authority.  An output may be fully computed while remaining a
   non-effective Candidate Release that cannot yet cross the governed
   release boundary.

   A Candidate Release remains non-effective until the applicable
   release conditions have been independently satisfied.  The
   architecture can include release-specific protected validation,
   evaluation of rollback-resistant extraction state where required, and
   atomic reservation or consumption of bounded release authority.  A
   controlled Finality Sink verifies the required state at the boundary
   where the protected information would first become externally
   available.  Release authority is bound to the applicable Candidate
   Release or bounded release class rather than functioning as a generic
   transferable bearer credential.  The intended result is a technical
   separation between information that a model can compute and
   information that the governed system permits to become externally
   effective.

   This architecture is intended primarily for high-value or high-
   capability models and protected output classes where industrial-scale
   extraction or unauthorized capability replication creates sufficient
   risk to justify stronger release controls.  It is not intended to
   impose the same enforcement mechanism on every model, user request,
   or inference path.  Operators can apply execution-finality controls
   selectively according to model value, protected-output class,
   extraction risk, interface characteristics, or required assurance
   level.

   Such enforcement can introduce additional protected-state management,
   validation, synchronization, attestation, or Finality Sink
   verification overhead.  Latency is therefore an explicit deployment
   tradeoff rather than an assumption that every inference request
   should incur the same assurance cost.  For sufficiently valuable
   models or sensitive capabilities, an operator may determine that
   stronger protection against industrial-scale extraction justifies
   additional release-path processing, while ordinary or lower-risk
   output paths may use lighter controls.

   The architecture does not claim universal prevention of model
   extraction or distillation.  In particular, it does not claim to
   prevent all learning from ordinary outputs that have been
   legitimately released, nor does it claim control over information
   after valid disclosure beyond the governed boundary.  Its narrower
   objective is to constrain industrial-scale extraction conducted
   through governed release paths and to make unauthorized, excessive,
   replayed, rolled-back, or bypassed release of protected model
   information technically harder to complete.

   Remote Attestation Procedures (RATS) can complement this architecture
   by providing machine-verifiable evidence that the expected release-
   control mechanism, protected extraction state, security epoch, and
   Finality Sink are present and operating with the required assurance
   properties.  Attestation establishes evidence concerning the
   enforcement environment; it does not itself constitute authority to
   release a protected Candidate Release.",https://datatracker.ietf.org/doc/draft-das-rats-openai-anthropic-extraction/,2026-09-18,
draft-das-satellite-orbital-finality-profiles-00,draft-das-satellite-orbital-finality-profiles,0,new-draft,read_now,trust_infrastructure,17,none,"Execution-Finality Profiles for LEO/NTN Satellites, Orbital AI, Optical ISLs, Spacecraft Autonomy, and Cybersecurity","Satellite and non-terrestrial networks are becoming programmable
   compute, routing, sensing, radio, and AI infrastructures.  In such
   systems, successful authentication, attestation, routing, scheduling,
   inference, fault recovery, or protocol processing does not
   necessarily establish authority for the resulting operation to become
   externally effective.

   This document describes an execution-finality architecture in which a
   consequence-bearing operation is represented as a Candidate Act and
   may remain in a Non-Effective State after computation.  A Protected
   Enforcement Domain validates act-bound predicates and protected
   state, commits protected validation evidence, and permits release of
   scoped non-bearer authority.  A Finality Sink at or before the
   relevant consequence boundary verifies that authority before an
   operation becomes routing-effective, radiative-effective, storage-
   effective, control-effective, disclosure-effective, or otherwise
   externally effective.

   Sixty satellite and NTN enforcement profiles are provided, covering
   orbital AI output release, model-state transfer, Earth observation,
   power- and thermal-bounded compute, radiation recovery, optical
   inter-satellite links, onboard gNB and user-plane functions, delay-
   tolerant delivery, emergency services, firmware and microcode
   activation, privileged maintenance, orbital maneuver and collision-
   avoidance authority, proximity operations, propulsion and attitude
   actuation, hosted-payload control, sensing activation, end-of-life
   decommissioning, manufacturing and launch-preparation component
   admission, and high-consequence command release.  Each profile states
   a concrete problem space and the corresponding execution-finality
   solution.

   Publicly described work from SpaceX / Starlink, Blue Origin, Northrop
   Grumman / SpaceLogistics, Rocket Lab, Airbus Defence and Space, and
   Thales Alenia Space illustrates industry directions involving direct-
   to-device connectivity, optical inter-satellite networking, orbital
   mobility, hosted and software-defined payloads, onboard processing,
   rendezvous and proximity operations, and in-orbit servicing.  These
   references identify technical complementarity and possible
   enforcement locations; they do not imply that any named organization
   has reviewed, endorsed, adopted, or lacks equivalent mechanisms.

   The proposal does not replace 3GPP NTN, IETF routing or Time-Variant
   Routing, DTN, RATS/attestation, ACE authorization, SUIT update
   mechanisms, optical-link protocols, spacecraft fault detection,
   isolation and recovery, or cryptographic authentication.  Those
   mechanisms can provide inputs to the finality decision.  The
   additional question is whether a specific Candidate Act is permitted
   to cross the boundary at which it first acquires external effect.
   Technical corrections and references to equivalent existing
   mechanisms are expressly invited.",https://datatracker.ietf.org/doc/draft-das-satellite-orbital-finality-profiles/,2026-09-18,
draft-das-state-policy-continuity-finality-00,draft-das-state-policy-continuity-finality,0,new-draft,read_now,authorization,20,none,When Valid Authorization Becomes Stale: State and Policy Continuity at the Execution-Finality Boundary,"Security decisions are frequently made against mutable state.  An
   authorization decision may depend on a policy bundle, mapping table,
   reference-value set, ownership record, revocation state, risk
   classification, purpose grant, account state, or other data that can
   change between evaluation and effectuation.  A cryptographically
   authentic permit can therefore remain valid as an object while
   becoming stale as authority.

   Existing freshness, replay-protection, sender-constraining,
   attestation, and anti-rollback mechanisms solve important parts of
   this problem.  They do not by themselves establish that the exact
   policy and state basis used to approve an act is still the applicable
   basis when that act becomes externally effective.

   This document describes a state- and policy-continuity model for
   execution finality.  A Candidate Act remains non-effective until a
   protected Finality Sink verifies the concrete act, the identity of
   the evaluated policy or mapping content, protected generations or
   epochs, relevant mutable state, freshness, and authorized-use
   constraints immediately before effectuation.

   The model treats revision identity as content-bound rather than
   merely name- or location-bound.  A change from one mapping or policy
   revision to another is a state transition that requires re-evaluation
   unless an authoritative mechanism explicitly establishes
   applicability across revisions.  The Finality Sink is not expected to
   infer semantic equivalence dynamically.

   The model complements, rather than replaces, mechanisms such as RATS,
   Entity Attestation Tokens, SUIT anti-rollback controls, OAuth fine-
   grained authorization, sender-constrained tokens, and application
   policy engines.  Its central invariant is that authorization valid at
   evaluation time is not automatically authority at effectuation time.

   The problem is industrially relevant to systems that already combine
   continuously evaluated access, fine-grained policy decisions,
   attestation, and confidential computing.  Examples of complementary
   industry directions include Microsoft Entra Continuous Access
   Evaluation, Amazon Verified Permissions and Cedar, Google Cloud IAM
   policy enforcement, NVIDIA GPU and switch attestation, and Arm
   Confidential Compute Architecture.  These names identify useful
   integration and comparison points; they are not assertions of
   vulnerability, deficiency, non-conformance, or endorsement by any
   named organization.",https://datatracker.ietf.org/doc/draft-das-state-policy-continuity-finality/,2026-09-18,
draft-das-third-party-decision-binding-00,draft-das-third-party-decision-binding,0,new-draft,read_now,trust_infrastructure,32,none,"Trust Me, I Checked: Verifiable Third-Party Decision Binding at the Execution-Finality Boundary","High-consequence distributed systems frequently allow one component
   to act based on a decision produced by another component, such as an
   authorization server, policy engine, risk service, attestation
   Verifier, compliance service, workload-identity authority, or safety
   controller.  The vulnerability is not limited to forged credentials:
   a compromised or incorrectly designed intermediary can claim that a
   required third-party check succeeded, replay an earlier decision,
   substitute evidence from a different act or context, suppress a
   required DENY, or retain evidence only for audit while the protected
   effect remains technically independent of that evidence.  The issue
   deserves high attention where the downstream consequence is
   financial, administrative, privacy-sensitive, safety-relevant,
   infrastructure-changing, or otherwise difficult to reverse.

   Existing mechanisms solve important parts of this problem.  OAuth
   Token Introspection [RFC7662] lets a protected resource query token
   state; HTTP Message Signatures [RFC9421] provide integrity and
   authenticity for selected HTTP message components; RATS [RFC9334]
   provides Evidence, Verifiers, and Attestation Results; Transaction
   Tokens [TXN-TOKENS] propagate identity and authorization context
   through trusted call chains; SCITT [RFC9943] provides signed
   statements, transparency, and verifiable receipts; and current
   authorization- evidence work [MUNOZ-EVIDENCE] [MUNOZ-SCITT] defines
   signed pre-execution Permits bound to canonical request material.
   Where one of these mechanisms is verified by the actual non-
   bypassable effectuation boundary and already proves the required
   decision for the exact act, current context, and authorized use, that
   deployment can already satisfy the property described here.

   The residual gap arises only where the consequential component
   receives an upstream claim such as ""the external check passed"", where
   authentic evidence is bound to the wrong act, authority, tenant,
   purpose, generation, or sink, where valid evidence has become stale
   or replayable, where only a subset of required authorities is
   represented, or where evidence exists but is not a load-bearing
   prerequisite of effectuation.  This document introduces an
   architectural role called External Decision Evidence (EDE).  EDE is
   not a new wire format: an existing Permit, SCITT statement or
   receipt, Attestation Result, live authenticated decision response, or
   other protected result can instantiate EDE when its semantics satisfy
   the deployment profile.

   The proposed invariant is that a Candidate Act remains non-effective
   until the Finality Sink independently establishes that every required
   external decision authority issued an applicable decision for the
   concrete act, under the required decision basis and current state,
   with freshness, audience or sink binding, and authorized-use
   semantics appropriate to the deployment.  Prevention is claimed only
   when the protected consequence cannot occur without successful
   verification of the required evidence and alternate effectuation
   paths cannot bypass that verification.  Otherwise the mechanism
   provides auditability, accountability, detection, or mitigation
   rather than the same prevention guarantee.

   The model is intended to complement, not criticize or replace, OAuth,
   WIMSE, SCITT, RATS, externalized policy systems such as Amazon
   Verified Permissions/Cedar, continuous-access systems such as
   Microsoft Entra Continuous Access Evaluation, Google Cloud IAM
   controls, and protected-compute technologies such as NVIDIA
   attestation and Arm CCA.  The proposed delta is not the invention of
   signatures, authorization evidence, receipts, or attestation results;
   it is the effectuation-time requirement that independently verifiable
   required decisions become load-bearing for the exact protected act.
   Criticism, corrections, counterexamples, implementation experience,
   prior-art pointers, and evidence that existing mechanisms already
   provide the full invariant are explicitly invited.",https://datatracker.ietf.org/doc/draft-das-third-party-decision-binding/,2026-09-18,
draft-decraene-idr-nlri-error-handling-03,draft-decraene-idr-nlri-error-handling,3,new-draft,ignored_after_review,ignored_after_review,0,none,The Key List BGP Attribute for NLRI Error handling,"RFC 7606 partially revises the error handling for BGP UPDATE
   messages.  It reduces the cases of BGP session reset by defining and
   using less impactful error handling approaches, such as attribute
   discard and treat-as-withdraw when applicable.  The treat-as-withdraw
   approach requires that the entire NLRI field of the MP_REACH_NLRI
   attribute be successfully parsed.  This typically means parsing
   errors in MP_REACH_NLRI cannot be handled by any means short of
   session reset.  This is exacerbated by the use of non-key data within
   NLRI, which introduces parsing complexity and additional error cases.

   This specification defines a non-transitive BGP attribute, the
   ""NLRI_KEY_LIST attribute"", to encode NLRIs as per the format of
   MP_UNREACH_NLRI.  This attribute is used to allow the treat-as-
   withdraw error-handling approach to be used in case an error in the
   MP_REACH_NLRI attribute prevents the parsing of its NLRIs.

   This document updates RFC 7606 by mandating that the NLRI_KEY_LIST
   attribute appear before the MP_REACH_NLRI (or any other) attribute in
   an UPDATE message.",https://datatracker.ietf.org/doc/draft-decraene-idr-nlri-error-handling/,2026-09-18,
draft-demosra-mtsv-01,draft-demosra-mtsv,1,new-draft,ignored_after_review,ignored_after_review,0,none,Multi-Sheet Tab-Separated Values (MTSV),"This document defines Multi-Sheet Tab-Separated Values (MTSV), a text
   format that carries one or more sheets of tab-separated values in a
   single file.  MTSV is TSV with one additional dimension: sheets are
   separated by the ASCII form feed (FF) character.  A TSV file that
   contains no FF, and no CR other than in CRLF line breaks, is an MTSV
   file.  This document also registers the text/prs.mtsv media type.",https://datatracker.ietf.org/doc/draft-demosra-mtsv/,2026-09-18,
draft-denis-tls-aegis-07,draft-denis-tls-aegis,7,new-draft,ignored_after_review,ignored_after_review,0,none,"AEGIS-based Cipher Suites for TLS 1.3, DTLS 1.3, and QUIC","This document proposes new cipher suites based on the AEGIS family of
   authenticated encryption with associated data (AEAD) algorithms.  The
   suites integrate AEGIS into TLS 1.3, DTLS 1.3, and QUIC.

About This Document

   This note is to be removed before publishing as an RFC.

   Status information for this document may be found at
   https://datatracker.ietf.org/doc/draft-denis-tls-aegis/.

   Source for this draft and an issue tracker can be found at
   https://github.com/jedisct1/draft-denis-tls-aegis.",https://datatracker.ietf.org/doc/draft-denis-tls-aegis/,2026-09-18,
draft-dogru-cedulon-checkpoint-00,draft-dogru-cedulon-checkpoint,0,new-draft,read_now,trust_infrastructure,10,none,Cedulon Checkpoints: Epoch Witnesses and Transparency,"This document specifies epoch checkpoints, the transparency witness
   and the anchoring of checkpoints as SCITT Signed Statements for the
   Cedulon audit layer.  The spend receipt, rail-extract reconciliation
   and trust-root rules live in the companion Cedulon Core document.  A
   verifier that pins a witness key can detect a withheld or rolled-back
   checkpoint; without that pin the suppression guarantee is
   conditional.",https://datatracker.ietf.org/doc/draft-dogru-cedulon-checkpoint/,2026-09-18,
draft-dogru-cedulon-core-00,draft-dogru-cedulon-core,0,new-draft,read_now,verifiable_claims,9,none,Spend Receipts and Payment Rail Reconciliation for AI Agents,"This document addresses auditable payments for AI agents and builds
   upon state-of-the-art HTTP 402, AP2 and credit card systems.  We
   specify a cryptographically secured payment reconciliation protocol
   using a Trade Manifest (a signed offer before payment), a Policy
   Decision Point with default deny, a Spend Receipt (a COSE/CWT claim
   set issued after a gated payment), and rail-extract reconciliation.",https://datatracker.ietf.org/doc/draft-dogru-cedulon-core/,2026-09-18,
draft-dogru-cedulon-threats-00,draft-dogru-cedulon-threats,0,new-draft,ignored_after_review,ignored_after_review,0,none,Cedulon Threat Narratives,"This document records the threat narratives and attack paths that sit
   behind the Cedulon core requirements.  It does not define those
   requirements.  T11 (checkpoint suppression) is recorded in the
   checkpoint companion, not here.",https://datatracker.ietf.org/doc/draft-dogru-cedulon-threats/,2026-09-18,
draft-dreibholz-rserpool-applic-distcomp-41,draft-dreibholz-rserpool-applic-distcomp,41,new-draft,ignored_after_review,ignored_after_review,0,none,Applicability of Reliable Server Pooling for Real-Time Distributed Computing,"This document describes the applicability of the Reliable Server
   Pooling architecture to manage real-time distributed computing pools
   and access the resources of such pools.",https://datatracker.ietf.org/doc/draft-dreibholz-rserpool-applic-distcomp/,2026-09-18,
draft-dreibholz-rserpool-applic-mobility-40,draft-dreibholz-rserpool-applic-mobility,40,new-draft,ignored_after_review,ignored_after_review,0,none,Applicability of Reliable Server Pooling for SCTP-Based Endpoint Mobility,"This document describes a novel mobility concept based on a
   combination of SCTP with the Dynamic Address Reconfiguration
   extension and Reliable Server Pooling (RSerPool).",https://datatracker.ietf.org/doc/draft-dreibholz-rserpool-applic-mobility/,2026-09-18,
draft-dreibholz-rserpool-asap-hropt-39,draft-dreibholz-rserpool-asap-hropt,39,new-draft,ignored_after_review,ignored_after_review,0,none,Handle Resolution Option for ASAP,"This document describes the Handle Resolution option for the ASAP
   protocol.",https://datatracker.ietf.org/doc/draft-dreibholz-rserpool-asap-hropt/,2026-09-18,
draft-dreibholz-rserpool-delay-38,draft-dreibholz-rserpool-delay,38,new-draft,ignored_after_review,ignored_after_review,0,none,Definition of a Delay Measurement Infrastructure and Delay-Sensitive Least-Used Policy for Reliable Server Pooling,"This document contains the definition of a delay measurement
   infrastructure and a delay-sensitive Least-Used policy for Reliable
   Server Pooling.",https://datatracker.ietf.org/doc/draft-dreibholz-rserpool-delay/,2026-09-18,
draft-dreibholz-rserpool-enrp-takeover-36,draft-dreibholz-rserpool-enrp-takeover,36,new-draft,ignored_after_review,ignored_after_review,0,none,Takeover Suggestion Flag for the ENRP Handle Update Message,"This document describes the Takeover Suggestion Flag for the
   ENRP_HANDLE_UPDATE message of the ENRP protocol.",https://datatracker.ietf.org/doc/draft-dreibholz-rserpool-enrp-takeover/,2026-09-18,
draft-dreibholz-rserpool-nextgen-ideas-26,draft-dreibholz-rserpool-nextgen-ideas,26,new-draft,ignored_after_review,ignored_after_review,0,none,Ideas for a Next Generation of the Reliable Server Pooling Framework,"This document collects ideas for a next generation of the Reliable
   Server Pooling framework.",https://datatracker.ietf.org/doc/draft-dreibholz-rserpool-nextgen-ideas/,2026-09-18,
draft-dreibholz-rserpool-score-39,draft-dreibholz-rserpool-score,39,new-draft,ignored_after_review,ignored_after_review,0,none,Reliable Server Pooling (RSerPool) Bakeoff Scoring,"This memo describes some of the scoring to be used in the testing of
   Reliable Server Pooling protocols ASAP and ENRP at upcoming bakeoffs.",https://datatracker.ietf.org/doc/draft-dreibholz-rserpool-score/,2026-09-18,
draft-dreibholz-taps-neat-socketapi-19,draft-dreibholz-taps-neat-socketapi,19,new-draft,ignored_after_review,ignored_after_review,0,none,NEAT Sockets API,"This document describes a BSD Sockets-like API on top of the
   callback-based NEAT User API.  This facilitates porting existing
   applications to use a subset of NEAT's functionality.",https://datatracker.ietf.org/doc/draft-dreibholz-taps-neat-socketapi/,2026-09-18,
draft-dreibholz-tsvwg-sctp-nextgen-ideas-24,draft-dreibholz-tsvwg-sctp-nextgen-ideas,24,new-draft,ignored_after_review,ignored_after_review,0,none,Ideas for a Next Generation of the Stream Control Transmission Protocol (SCTP),"This document collects ideas for a next generation of the Stream
   Control Transmission Protocol (SCTP) for further discussion.  It is a
   result of lessons learned over more than two decades of SCTP
   deployment.",https://datatracker.ietf.org/doc/draft-dreibholz-tsvwg-sctp-nextgen-ideas/,2026-09-18,
draft-dreibholz-tsvwg-sctpsocket-multipath-33,draft-dreibholz-tsvwg-sctpsocket-multipath,33,new-draft,ignored_after_review,ignored_after_review,0,none,SCTP Socket API Extensions for Concurrent Multipath Transfer,"This document describes extensions to the SCTP sockets API for
   configuring the CMT-SCTP and CMT/RP-SCTP extensions.",https://datatracker.ietf.org/doc/draft-dreibholz-tsvwg-sctpsocket-multipath/,2026-09-18,
draft-dreibholz-tsvwg-sctpsocket-sqinfo-33,draft-dreibholz-tsvwg-sctpsocket-sqinfo,33,new-draft,ignored_after_review,ignored_after_review,0,none,Sender Queue Info Option for the SCTP Socket API,"This document describes an extension to the SCTP sockets API for
   querying information about the sender queue.",https://datatracker.ietf.org/doc/draft-dreibholz-tsvwg-sctpsocket-sqinfo/,2026-09-18,
draft-editorial-rswg-mathinrfcs-04,draft-editorial-rswg-mathinrfcs,4,new-draft,ignored_after_review,ignored_after_review,0,none,Mathematical notation in RFCs,"This document defines policy and allows new technology for the
   representation of mathematical content in RFCXML and relevant
   publication formats.  After implementation of this policy, the chosen
   mathematical notation format should be used in RFCXML and the HTML
   publication format.",https://datatracker.ietf.org/doc/draft-editorial-rswg-mathinrfcs/,2026-09-18,
draft-effortel-pulse-00,draft-effortel-pulse,0,new-draft,adjacent_watchlist,ignored_after_review,2,none,Pulse: Real-Time Online Charging for AI Services,"This document specifies Pulse, version 1.1 — the AI online charging
   protocol: the interface between an AI Gateway (the client) and the
   Charging Server (the server) by which AI service usage is authorised
   in real time, supervised under a granted budget, and settled.  The
   spend guarantee is precisely stated: *settled spend never exceeds the
   reported meter or the plan's ceiling*, and serving exposure is
   bounded by the granted pool plus the completion of Calls already in
   flight when a stop lands.  The protocol consists of two request/
   response operations over HTTPS with JSON bodies: *Authorise* and
   *Report*. It follows the reserve-then-settle discipline of telecom
   online charging (cf. Diameter Credit-Control, RFC 4006) applied to AI
   workloads.",https://datatracker.ietf.org/doc/draft-effortel-pulse/,2026-09-18,
draft-efstathiou-samp-agent-management-02,draft-efstathiou-samp-agent-management,2,new-draft,read_now,agent_identity,8,none,Simple Agent Management Protocol (SAMP),"The Simple Agent Management Protocol (SAMP) defines a lightweight
   management-plane protocol for heterogeneous AI agents.  SAMP allows a
   management system to discover agents, query their state, receive
   events, subscribe to event streams, and optionally configure or
   execute explicitly exposed operations under policy control.

   SAMP is inspired by operational management protocols such as SNMP,
   but it is designed for AI-agent-specific concepts such as dynamic
   profiles, autonomy classes, enrollment, trust states, and policy-
   gated execution.  It is not an agent-to-agent communication protocol,
   an agent tool-use protocol, or an agent framework specification.

   This document defines SAMP version 0.1 as an Experimental protocol
   suitable for controlled environments and independent interoperability
   testing.",https://datatracker.ietf.org/doc/draft-efstathiou-samp-agent-management/,2026-09-18,
draft-goto-otp-token-00,draft-goto-otp-token,0,new-draft,ignored_after_review,ignored_after_review,0,none,The `OTP-Token` Email Header Field,"This document defines the OTP-Token email header field, which can be
   used to deliver One-Time Passcodes (OTP) in a machine-readable and
   origin-bound manner alongside the human-readable message carrying
   that content today.  Recipient Message User Agents (rMUA) can
   collaborate with other entities in the ecosystem to assist in the
   delivery of these codes to the context which wishes to verify their
   successful delivery.",https://datatracker.ietf.org/doc/draft-goto-otp-token/,2026-09-18,
draft-greicodex-fidex-protocol-01,draft-greicodex-fidex-protocol,1,new-draft,adjacent_watchlist,verifiable_claims,3,none,FideX Application Statement 5 (AS5) Protocol,"This document specifies the FideX Protocol (AS5), a modern
   application-layer protocol for secure Business-to-Business (B2B)
   message exchange.  FideX provides cryptographic non-repudiation, data
   integrity, and confidentiality using JOSE (JSON Object Signing and
   Encryption) over HTTPS, replacing legacy AS2 and AS4 standards with a
   REST-oriented approach accessible to modern web developers.

   FideX adopts the ""AS"" naming lineage: AS2 ([RFC4130]) used S/MIME
   over HTTP; AS4 ([OASIS-ebMS]) used SOAP/WS-Security; AS5 (FideX) uses
   REST/JSON/JOSE over HTTPS.  This document defines the message format,
   cryptographic operations, partner discovery, state management,
   acknowledgment receipts (J-MDN), and error handling.",https://datatracker.ietf.org/doc/draft-greicodex-fidex-protocol/,2026-09-18,
draft-gueron-cfrg-dndkgcm-05,draft-gueron-cfrg-dndkgcm,5,new-draft,adjacent_watchlist,core_identity,3,none,Double Nonce Derive Key AES-GCM (DNDK-GCM),"This document specifies an authenticated encryption algorithm called
   Double Nonce Derive Key AES-GCM (DNDK-GCM). It operates with a 32-
   byte root key and is designed to encrypt with a 24-byte random nonce
   and optionally to provide for key commitment.

   Encryption takes the root key and a 15-byte portion of the random
   nonce, and derives a fresh 32-byte encryption key and (optionally) a
   key commitment value. Then, it invokes AES-GCM with the derived key
   and the remaining bytes of the nonce, and outputs the ciphertext,
   authentication tag and the key commitment value.

   Although this is not the primary use case, it is also possible to use
   DNDK-GCM with a non-repeating but non-random nonce (i.e., a ""counter-
   based nonce"").

   The low collision probability in a collection of 24-byte random
   nonces and the per-nonce derivation of an encryption key extend the
   lifetime of the root key, and the scheme can support processing up to
   2^64 bytes under a given root key.

   DNDK-GCM introduces a relatively small overhead compared to using
   AES-GCM directly, and its security relies only on the standard
   assumption that AES acts as a pseudorandom permutation.",https://datatracker.ietf.org/doc/draft-gueron-cfrg-dndkgcm/,2026-09-18,
draft-guthrie-ipsecme-aes-gcm-siv-01,draft-guthrie-ipsecme-aes-gcm-siv,1,new-draft,ignored_after_review,ignored_after_review,0,none,Using AES-GCM-SIV in the Internet Protocol Version 2 (IKEv2) and Encapsulating Security Payload (ESP) Protocols,"This document specifies the use of AES-GCM-SIV in the Internet Key
   Exchange Protocol version 2 (IKEv2) and the Encapsulating Security
   Payload (ESP) protocols.  This document also adds AES-GCM-SIV to the
   IANA IKEv2 registry for ""Transform Type 1 - Encryption Algorithm
   Transform IDs.""  AES-GCM-SIV is a nonce misuse-resistant
   authenticated encryption with associated data (AEAD) algorithm based
   on AES-GCM.",https://datatracker.ietf.org/doc/draft-guthrie-ipsecme-aes-gcm-siv/,2026-09-18,
draft-hardt-httpbis-signature-key-09,draft-hardt-httpbis-signature-key,9,new-draft,read_now,core_identity,19,none,HTTP Signature Keys,"This document defines five HTTP header fields for use with HTTP
   Message Signatures as defined in RFC 9421.  The Signature-Key request
   header distributes public keys used to verify signatures, with eight
   initial key distribution schemes: pseudonymous inline keys (hwk),
   self-issued key delegation via JWK Thumbprint JWTs (jkt-jwt),
   identified signers with JWKS URI discovery (jwks_uri), direct JWKS
   fetch (jwks), JWT-based delegation (jwt), self-issued JWTs (self-
   jwt), X.509 certificate chains (x509), and references to previously
   cached assertions (cached).  The Accept-Signature-Scheme and Accept-
   Signature-Alg response headers state the schemes and algorithms a
   server accepts, so a client can select both before it signs.  The
   Signature-Error response header provides structured error information
   when signature verification fails, and the Signature-Key-Cache
   response header issues a cache identifier by which a caller can
   reference a previously presented assertion instead of resending it.
   Together, these mechanisms enable flexible trust models ranging from
   privacy-preserving pseudonymous verification to horizontally-scalable
   delegated authentication and PKI-based identity chains.",https://datatracker.ietf.org/doc/draft-hardt-httpbis-signature-key/,2026-09-18,
draft-herdes-idr-otc-rs-verification-01,draft-herdes-idr-otc-rs-verification,1,new-draft,ignored_after_review,ignored_after_review,0,none,Strict Only to Customer (OTC) Verification on Route Server Sessions,"RFC 9234 specifies how an AS receiving a route from a lateral Peer
   can check if a route was leaked, but doesn't specify any checks for
   routes received from a Route Server (RS).  This makes the quality of
   filtering dependent on whether the RS implements RFC 9234.

   This document updates RFC 9234 by adding a complementary ingress
   check by an RS-Client.",https://datatracker.ietf.org/doc/draft-herdes-idr-otc-rs-verification/,2026-09-18,
draft-hoffman-rootcache-02,draft-hoffman-rootcache,2,new-draft,ignored_after_review,ignored_after_review,0,none,RootCache: Filling Resolver Caches with Root Zone Records,"Some DNS recursive resolver operators want to prevent snooping by
   third parties of requests sent to DNS root servers.  Resolvers can
   reduce the number of queries sent to root server, and thus prevent
   observation of requests, by caching a copy of the full root zone.
   This document shows how a resolver can securely receive the full root
   zone and put it into the resolver's cache.

   This document obsoletes RFC 8806.",https://datatracker.ietf.org/doc/draft-hoffman-rootcache/,2026-09-18,
draft-hohendorf-secure-sctp-42,draft-hohendorf-secure-sctp,42,new-draft,ignored_after_review,ignored_after_review,0,none,Secure SCTP,"This document explains the reason for the integration of security
   functionality into SCTP, and gives a short description of S-SCTP and
   its services.  S-SCTP is fully compatible with SCTP, it is designed
   to integrate cryptographic functions into SCTP.",https://datatracker.ietf.org/doc/draft-hohendorf-secure-sctp/,2026-09-18,
draft-housley-asn1-layman-guide-02,draft-housley-asn1-layman-guide,2,new-draft,ignored_after_review,ignored_after_review,0,none,"A Layman's Guide to a Subset of ASN.1, BER, and DER","This note gives a layman's introduction to a subset of the Abstract
   Syntax Notation One (ASN.1), Basic Encoding Rules (BER), and
   Distinguished Encoding Rules (DER).  The purpose of this note is to
   provide background material sufficient for understanding and
   implementing standards that make use of ASN.1.

   This memo is not an IETF standard, and has not been shown to have
   IETF community consensus.  This memo offers tutorial information.",https://datatracker.ietf.org/doc/draft-housley-asn1-layman-guide/,2026-09-18,
draft-huang-idr-color-time-schedule-00,draft-huang-idr-color-time-schedule,0,new-draft,ignored_after_review,ignored_after_review,0,none,BGP Extension for Time-Scheduled Color based SR Policy Selection,"Segment Routing (SR) Policy is identified by a tuple of Color and
   Endpoint.  In BGP/MPLS IP VPN and EVPN services, the egress PE
   attaches a Color Extended Community to the advertised VPN route so
   that the ingress PE can steer the traffic into a corresponding SR
   Policy.

   In many deployment scenarios, the same customer may require different
   Service Level Agreements (SLAs) during different time periods of a
   day.  For example, a customer may require a high- bandwidth SLA
   during the off-peak hours (e.g., 02:00-06:00) and a low-cost SLA
   during the daytime.  Such time-variant SLA requirements imply that
   the ingress PE should select different SR Policies (i.e., different
   Colors) for the same VPN route at different times.

   This document defines a new BGP Extended Community, called the
   Schedule Extended Community, to be used together with the Color
   Extended Community.  Two sub-types of the Schedule Extended Community
   are defined: a Daily Schedule sub-type for recurring time-of-day
   periods, and a Day Schedule sub-type for specific dates.  The
   Schedule Extended Community carries the time period during which the
   associated Color is valid.  Based on the current time and the
   received Schedule Extended Communities, the ingress PE can
   dynamically select the appropriate SR Policy for a VPN route, thereby
   realizing time-scheduled SLA switching.",https://datatracker.ietf.org/doc/draft-huang-idr-color-time-schedule/,2026-09-18,
draft-huang-spring-time-scheduled-color-behavior-00,draft-huang-spring-time-scheduled-color-behavior,0,new-draft,ignored_after_review,ignored_after_review,0,none,Headend Behavior for Time-Scheduled Color based SR Policy Selection,"This document specifies the normative behavior of the ingress
   Provider Edge (PE) router (headend) when selecting a Segment Routing
   (SR) Policy for VPN traffic based on time-scheduled Color values.

   In the time-scheduled Color mechanism, the egress PE advertises
   multiple (Color, Schedule) groups for the same VPN routes.  The
   headend evaluates the schedule associated with each Color based on
   the current time, selects a currently valid Color, and steers the
   traffic into the corresponding SR Policy.

   This document defines the requirements for parsing the Color and
   Schedule Extended Communities, evaluating schedule validity,
   selecting among multiple valid Colors, performing schedule-boundary
   timer-based re-evaluation, handling switchover with make-before-
   break, and falling back when no Color is valid.

   This document updates RFC 9256 by replacing the multiple-Color
   selection rule specified in Section 8.4.1 with a Schedule-based
   selection rule.",https://datatracker.ietf.org/doc/draft-huang-spring-time-scheduled-color-behavior/,2026-09-18,
draft-huang-spring-time-scheduled-color-framework-00,draft-huang-spring-time-scheduled-color-framework,0,new-draft,ignored_after_review,ignored_after_review,0,none,Framework for Time-Scheduled Color based SR Policy Selection,"In Segment Routing (SR) based VPN services, the BGP Color Extended
   Community is used by the egress Provider Edge (PE) router to steer
   VPN traffic into an SR Policy at the ingress PE.  In many deployment
   scenarios, a customer requires different Service Level Agreements
   (SLAs) during different time periods of a day.  For example, during
   business hours (e.g., 06:00 to 02:00 the next day) a best-effort,
   lower-cost SLA is sufficient for normal office traffic, while during
   the early morning hours (e.g., 02:00 to 06:00) a high-bandwidth,
   low-latency SLA is required for massive data transmission such as
   scientific computing.

   This document presents a framework for time-scheduled Color based SR
   Policy selection.  The mechanism allows the egress PE to advertise
   multiple (Color, Color Schedule) pairs for the same VPN routes,
   enabling the ingress PE to select the appropriate SR Policy based
   on the current time.  The time-to-Color mapping is configured per
   VPN instance (VRF/VSI), so each customer can have an independent
   time-varying SLA policy.

   This document is an Informational framework that describes the
   problem and the overall architecture.  The advantages of the
   proposed mechanism and the comparison with alternative approaches
   are provided in Appendix A.  The normative specifications of the
   protocol extensions, data models, and other components are
   described in Appendix B.",https://datatracker.ietf.org/doc/draft-huang-spring-time-scheduled-color-framework/,2026-09-18,
draft-ietf-6man-ieee80211-dms-00,draft-ietf-6man-ieee80211-dms,0,new-draft,ignored_after_review,ignored_after_review,0,6man,IPv6 wants 802.11 Directed Multicast Service,"There is consensus for switching this document from Flexible
   Multicast Service (FMS) to Directed Multicast Service (DMS).  This
   version has not been edited over yet and is being uploaded to check
   if/how the name can be changed.

   IEEE 802.11 Flexible Multicast Service (FMS) addresses reliability
   issues in IPv6 due to aggressive powersave optimizations in 802.11
   client devices.

   The intent of this document is to collect consensus in the IETF 6man
   (IPv6 Maintenance) working group to request either/both the IEEE
   802.11 Working Group and/or the Wifi Alliance's certification process
   to make implementing FMS a requirement.",https://datatracker.ietf.org/doc/draft-ietf-6man-ieee80211-dms/,2026-09-18,
draft-ietf-6man-sub-link-scope-multicast-01,draft-ietf-6man-sub-link-scope-multicast,1,new-draft,adjacent_watchlist,authorization,1,6man,Sub-Link Scoped IPv6 Multicast Addressing,"The IPv6 addressing architecture for multicast has the scope of a
   multicast group embedded in its address, with the smallest non-
   reserved scopes being interface-local and link-local, numbered 1 and
   2.  This document suggests the introduction of a scope inbetween
   these two, for use with lower-layer transport multicast that reaches
   parts of a link.  Since there is no room to insert a scope value for
   this, a separate address block is used.  A mapping for Ethernet as
   lower-layer transport is provided.",https://datatracker.ietf.org/doc/draft-ietf-6man-sub-link-scope-multicast/,2026-09-18,
draft-ietf-aipref-vocab-08,draft-ietf-aipref-vocab,8,new-draft,adjacent_watchlist,ignored_after_review,2,aipref,A Vocabulary For Expressing AI Usage Preferences,"This document defines a vocabulary for expressing preferences
   regarding how digital assets are used by automated processing
   systems.  This vocabulary allows for the declaration of restrictions
   or permissions for use of digital assets by such systems.",https://datatracker.ietf.org/doc/draft-ietf-aipref-vocab/,2026-09-18,
draft-ietf-asdf-digital-twin-05,draft-ietf-asdf-digital-twin,5,new-draft,adjacent_watchlist,adjacent_watchlist,3,asdf,Semantic Definition Format (SDF) Modeling for Digital Twin,"This memo specifies SDF modeling for digital twins, i.e., digital
   twin systems, and their things.  An SDF is a format that is used to
   create and maintain data and interaction, and to represent the
   various kinds of data that is exchanged for these interactions.  The
   SDF format can be used to model the characteristics, behavior and
   interactions of things, i.e. physical objects, in digital twins that
   contain things as components.",https://datatracker.ietf.org/doc/draft-ietf-asdf-digital-twin/,2026-09-18,
draft-ietf-asdf-nipc-22,draft-ietf-asdf-nipc,22,new-draft,adjacent_watchlist,adjacent_watchlist,3,asdf,An Application Layer Interface for Non-Internet-connected Physical Components (NIPC),"This document describes an API that allows applications to perform
   operations against a gateway serving one or more devices described by
   an SDF model.  The API consists of a RESTful application layer
   interface that performs operations on those devices, as well as a
   CBOR-based publish-subscribe interface for streaming data.",https://datatracker.ietf.org/doc/draft-ietf-asdf-nipc/,2026-09-18,
draft-ietf-asdf-sdf-nonaffordance-05,draft-ietf-asdf-sdf-nonaffordance,5,new-draft,ignored_after_review,ignored_after_review,0,asdf,Semantic Definition Format (SDF) Extension for Non-Affordance Information,"This document describes an extension to the Semantic Definition
   Format (SDF) for representing non-affordance information of Things,
   such as physical, contextual, and descriptive metadata.  This
   extension introduces a new class keyword, sdfContext, that enables
   comprehensive modeling of Things and improves semantic clarity.",https://datatracker.ietf.org/doc/draft-ietf-asdf-sdf-nonaffordance/,2026-09-18,
draft-ietf-asdf-sdf-protocol-mapping-12,draft-ietf-asdf-sdf-protocol-mapping,12,new-draft,adjacent_watchlist,adjacent_watchlist,3,asdf,SDF Protocol Mapping,"This document defines protocol mapping extensions for the Semantic
   Definition Format (SDF) to enable mapping of protocol-agnostic SDF
   affordances to protocol-specific operations.  The protocol mapping
   mechanism allows SDF models to specify how properties, actions, and
   events should be accessed using a specific protocol.  This document
   defines protocol mappings for Bluetooth Low Energy and Zigbee, and
   the mechanism can be extended to other protocols such as HTTP and
   CoAP.  This document also describes a method to extend SCIM with an
   SDF model mapping.",https://datatracker.ietf.org/doc/draft-ietf-asdf-sdf-protocol-mapping/,2026-09-18,
draft-ietf-avtcore-rtp-jpegxs-3ed-07,draft-ietf-avtcore-rtp-jpegxs-3ed,7,new-draft,ignored_after_review,ignored_after_review,0,avtcore,RTP Payload Format for ISO/IEC 21122 (JPEG XS),"This document specifies a Real-Time Transport Protocol (RTP) payload
   format for transport of a video signal encoded with JPEG XS (ISO/IEC
   21122).  JPEG XS is a low-latency and low-complexity video coding
   system.  Employing this format allows achieving encoding-decoding
   latencies confined to a fraction of a video frame.

   This document revises RFC 9134 to incorporate support for new
   features introduced in the third edition of JPEG XS.  Most notably,
   it contains the necessary provisions to support the TDC coding mode.
   This document obsoletes RFC 9134; however, the revised payload format
   is designed to ensure that existing conforming implementations of RFC
   9134 remain valid under the updated specification.  Additionally,
   this document consolidates the errata of RFC 9134 and includes
   improvements and clarifications for implementers and users.",https://datatracker.ietf.org/doc/draft-ietf-avtcore-rtp-jpegxs-3ed/,2026-09-18,
draft-ietf-avtcore-rtp-vdmc-03,draft-ietf-avtcore-rtp-vdmc,3,new-draft,ignored_after_review,ignored_after_review,0,avtcore,RTP Payload Format for V-DMC,"This memo outlines RTP payload formats for the Video-based Dynamic
   Mesh Coding (V-DMC), which comprises several types of components,
   such as a basemesh, AC-based displacements, 2D representations of
   attributes, and an atlas.  This document focuses on describing the
   basemesh and displacement, while the RTP payload formats for the
   atlas and attributes are addressed in other documents.  The RTP
   payload header formats enable the packetization of a basemesh or
   displacement Network Abstraction Layer (NAL) unit in an RTP packet
   payload as well as fragmentation of a NAL unit into multiple RTP
   packets.",https://datatracker.ietf.org/doc/draft-ietf-avtcore-rtp-vdmc/,2026-09-18,
draft-ietf-bess-evpn-l3mh-proto-01,draft-ietf-bess-evpn-l3mh-proto,1,new-draft,ignored_after_review,ignored_after_review,0,bess,EVPN multi-homing support for L3 services,"This document describes the use of EVPN Ethernet Segment Link
   Aggregation Group (ES-LAG) technology to provide multi-homing
   redundancy for Layer 3 services.  The solution synchronizes ARP/ND,
   multicast state, and IGP routes between redundant PEs without
   requiring Layer 2 constructs or proprietary Inter-Chassis
   Communication protocols.",https://datatracker.ietf.org/doc/draft-ietf-bess-evpn-l3mh-proto/,2026-09-18,
draft-ietf-bmwg-savnet-sav-benchmarking-04,draft-ietf-bmwg-savnet-sav-benchmarking,4,new-draft,ignored_after_review,ignored_after_review,0,bmwg,Benchmarking Methodology for Intra-domain and Inter-domain Source Address Validation,"This document defines methodologies for benchmarking the performance
   of intra-domain and inter-domain source address validation (SAV)
   mechanisms.  SAV mechanisms are utilized to generate SAV rules that
   prevent source address spoofing.  The methodology treats a SAV device
   as a black box and is therefore agnostic to the specific SAV
   mechanism and implementation used by the device.  This document
   defines test setups, performance indicators, and test cases for SAV
   accuracy, control-plane and data-plane performance, and resource
   utilization.",https://datatracker.ietf.org/doc/draft-ietf-bmwg-savnet-sav-benchmarking/,2026-09-18,
draft-ietf-calext-icalendar-jscalendar-extensions-08,draft-ietf-calext-icalendar-jscalendar-extensions,8,new-draft,ignored_after_review,ignored_after_review,0,calext,iCalendar Format Extensions for JSCalendar,"This document defines a set of new elements for iCalendar and extends
   the use of existing ones.  Their main purpose is to extend the
   semantics of iCalendar with elements defined in JSCalendar, but the
   new definitions also aim to be useful within just the iCalendar
   format.  This document updates RFC 5545 (""iCalendar"") and its
   extension documents RFC 7986 and RFC 9073.",https://datatracker.ietf.org/doc/draft-ietf-calext-icalendar-jscalendar-extensions/,2026-09-18,
draft-ietf-calext-jscalendar-icalendar-28,draft-ietf-calext-jscalendar-icalendar,28,new-draft,ignored_after_review,ignored_after_review,0,calext,JSCalendar: Converting from and to iCalendar,"This document defines how to convert calendaring information between
   the JSCalendar and iCalendar data formats.  It considers every
   JSCalendar and iCalendar element registered at IANA at the time of
   publication.  It defines conversion rules for all elements that are
   common to both formats, as well as how convert arbitrary or unknown
   JSCalendar and iCalendar elements.  This document updates RFC 5545
   (""iCalendar"") and jscalendarbis (""JSCalendar"") by defining new
   properties and parameters for JSCalendar and iCalendar conversion.",https://datatracker.ietf.org/doc/draft-ietf-calext-jscalendar-icalendar/,2026-09-18,
draft-ietf-calext-jscalendarbis-20,draft-ietf-calext-jscalendarbis,20,new-draft,adjacent_watchlist,adjacent_watchlist,3,calext,JSCalendar 2.0: A JSON Representation of Calendar Data,"This specification defines version ""2.0"" of JSCalendar, a data model
   and JSON representation of calendar data that can be used for storage
   and data exchange in a calendaring and scheduling environment.  This
   document obsoletes RFC 8984, also referred to as version ""1.0"" in
   this document.  The newly defined version ""2.0"" aims to improve
   interoperability with existing iCalendar-based systems.  It also
   aligns its definitions with JSContact, such as the IANA registry
   policy, validation requirements, and versioning scheme.",https://datatracker.ietf.org/doc/draft-ietf-calext-jscalendarbis/,2026-09-18,
draft-ietf-ccamp-layer1-types-20,draft-ietf-ccamp-layer1-types,20,new-draft,adjacent_watchlist,adjacent_watchlist,3,ccamp,Common YANG Data Types for Layer 1 Networks,"This document defines a collection of common data types, identities,
   and groupings in the YANG data modeling language.  These derived
   common data types, identities, and groupings are intended to be
   imported by modules that model Layer 1 configuration and state
   capabilities.  The Layer 1 types are representative of Layer 1 client
   signals applicable to transport networks, such as Optical Transport
   Networks (OTN).  The Optical Transport Network (OTN) data structures
   are included in this document as Layer 1 types.",https://datatracker.ietf.org/doc/draft-ietf-ccamp-layer1-types/,2026-09-18,
draft-ietf-core-conditional-attributes-14,draft-ietf-core-conditional-attributes,14,new-draft,ignored_after_review,ignored_after_review,0,core,Conditional Query Parameters for CoAP Observe,"This specification defines Conditional Notification and Control Query
   Parameters compatible with CoAP Observe (RFC7641).",https://datatracker.ietf.org/doc/draft-ietf-core-conditional-attributes/,2026-09-18,
draft-ietf-cose-hpke-27,draft-ietf-cose-hpke,27,new-draft,read_now,core_identity,9,cose,Use of Hybrid Public-Key Encryption (HPKE) with CBOR Object Signing and Encryption (COSE),"This specification defines hybrid public-key encryption (HPKE) for
   use with CBOR Object Signing and Encryption (COSE).  HPKE offers a
   variant of public-key encryption of arbitrary-sized plaintexts for a
   recipient public key.

   HPKE is a general encryption framework utilizing an asymmetric key
   encapsulation mechanism (KEM), a key derivation function (KDF), and
   an Authenticated Encryption with Associated Data (AEAD) algorithm.

   This document defines the use of HPKE with COSE.  Authentication for
   HPKE in COSE is provided by COSE-native security mechanisms or by the
   pre-shared key authenticated variant of HPKE.",https://datatracker.ietf.org/doc/draft-ietf-cose-hpke/,2026-09-18,
draft-ietf-detnet-scaling-requirements-11,draft-ietf-detnet-scaling-requirements,11,new-draft,ignored_after_review,ignored_after_review,0,detnet,Requirements for Scaling Deterministic Networks,"To support the scaling of deterministic networks, this document
   describes the technical and operational requirements for networks
   that exhibit large hop-to-hop latency variation, a large number of
   flows, and/or multiple domains that do not share a common time
   source.  Applications with varying levels of determinism coexist and
   are transported in such a network.  This document also describes the
   corresponding Deterministic Networking (DetNet) data plane
   enhancement requirements.",https://datatracker.ietf.org/doc/draft-ietf-detnet-scaling-requirements/,2026-09-18,
draft-ietf-dnsop-delext-11,draft-ietf-dnsop-delext,11,new-draft,adjacent_watchlist,ignored_after_review,2,dnsop,DNS Protocol Modifications for Delegation Extensions,"The Domain Name System (DNS) protocol permits Delegation Signer (DS)
   records at delegation points.  This document specifies modifications
   to the DNS protocol to permit a range of Resource Record types at
   delegation points.  These modifications are designed to maintain
   compatibility with existing DNS resolution mechanisms and provide a
   secure method for processing these records at delegation points.

   This document updates RFCs 1034, 4035, 6672, 6840, 6895 and 9824.",https://datatracker.ietf.org/doc/draft-ietf-dnsop-delext/,2026-09-18,
draft-ietf-ediint-rfc4130bis-03,draft-ietf-ediint-rfc4130bis,3,new-draft,adjacent_watchlist,core_identity,3,ediint,AS2 Specification Modernization,"This document provides an applicability statement (RFC 2026,
   Section 3.2) describing how to securely exchange structured business
   data over HTTP.  Structured business data may be XML; Electronic Data
   Interchange (EDI) in either the American National Standards Committee
   (ANSI) X12 format or the UN Electronic Data Interchange for
   Administration, Commerce, and Transport (UN/EDIFACT) format; or other
   structured data formats.  The data is packaged using standard MIME
   structures.  Authentication and data confidentiality are obtained by
   using Cryptographic Message Syntax with S/MIME security body parts
   (see Section 10.1).  Authenticated acknowledgements make use of
   multipart/signed Message Disposition Notification (MDN) responses to
   the original HTTP message.  This applicability statement is
   informally referred to as ""AS2"" because it is the second
   applicability statement, produced after ""AS1"" (RFC 3335).  This
   document obsoletes RFC 4130 and stands on its own without reference
   to AS1 or SMTP, except where required for IANA registry updates.

   This document also updates IANA registries originally created by RFC
   3335 and RFC 4130.",https://datatracker.ietf.org/doc/draft-ietf-ediint-rfc4130bis/,2026-09-18,
draft-ietf-httpbis-connect-tcp-14,draft-ietf-httpbis-connect-tcp,14,new-draft,adjacent_watchlist,adjacent_watchlist,3,httpbis,Template-Driven HTTP CONNECT Proxying for TCP,"TCP proxying using HTTP CONNECT has long been part of the core HTTP
   specification.  However, this proxying functionality has several
   important deficiencies in modern HTTP environments.  This
   specification defines an alternative HTTP proxy service configuration
   for TCP connections.  This configuration is described by a URI
   Template, similar to the CONNECT-UDP and CONNECT-IP protocols.",https://datatracker.ietf.org/doc/draft-ietf-httpbis-connect-tcp/,2026-09-18,
draft-ietf-idr-bgp-bestpath-selection-criteria-13,draft-ietf-idr-bgp-bestpath-selection-criteria,13,new-draft,ignored_after_review,ignored_after_review,0,idr,BGP Bestpath Selection Criteria Enhancement,"BGP specification (RFC4271) prescribes 'BGP next-hop reachability'
   as one of the key 'Route Resolvability Condition' that must be
   satisfied before the BGP bestpath candidate selection. This
   condition, however, may not be sufficient (as explained in the
   Appendix section) and would desire further granularity.

   This document defines enhances the ""Route Resolvability Condition""
   to facilitate the next-hop to be resolved in the chosen data plane.",https://datatracker.ietf.org/doc/draft-ietf-idr-bgp-bestpath-selection-criteria/,2026-09-18,
draft-ietf-idr-bgpls-inter-as-topology-ext-44,draft-ietf-idr-bgpls-inter-as-topology-ext,44,new-draft,ignored_after_review,ignored_after_review,0,idr,BGP-LS Extensions for Inter-AS Topology Retrieval,"This document specifies the procedures for distributing Border
   Gateway Protocol-Link State (BGP-LS) key parameters for inter-domain
   links between two Autonomous Systems (ASes).  It defines a new type
   within the BGP-LS Network Layer Reachability Information (NLRI) for
   an Inter-AS Link, along with three new Type-Length-Values (TLVs)
   descriptors for the BGP-LS Inter-AS Link.

   These extensions and procedures allow network operators to collect
   inter-domain interconnect information and automatically compute the
   inter-AS topology using information provided by the BGP-LS protocol.",https://datatracker.ietf.org/doc/draft-ietf-idr-bgpls-inter-as-topology-ext/,2026-09-18,
draft-ietf-idr-flowspec-srv6-10,draft-ietf-idr-flowspec-srv6,10,new-draft,adjacent_watchlist,core_identity,3,idr,BGP Flow Specification for SRv6,"This document specifies extensions to BGP Flow Specification (BGP-FS)
   to enable filtering of IPv6 packets based on the structural
   components of an SRv6 Segment Identifier (SID) present in the IPv6
   Destination Address (representing the active segment of an SRv6
   path).",https://datatracker.ietf.org/doc/draft-ietf-idr-flowspec-srv6/,2026-09-18,
draft-ietf-idr-sdwan-edge-discovery-31,draft-ietf-idr-sdwan-edge-discovery,31,new-draft,adjacent_watchlist,core_identity,3,idr,SD-WAN Edge and Underlay Tunnel Discovery Using BGP,"This document specifies BGP mechanisms for SD-WAN (Software-Defined
   Wide Area Network) edge node attribute discovery.  These mechanisms
   comprise a new tunnel type and associated Sub-TLVs for the BGP Tunnel
   Encapsulation Attribute, and a new Subsequent Address Family
   Identifier (SAFI) carrying a typed NLRI for advertising SD-WAN
   underlay tunnel information.",https://datatracker.ietf.org/doc/draft-ietf-idr-sdwan-edge-discovery/,2026-09-18,
draft-ietf-intarea-rfc8335bis-06,draft-ietf-intarea-rfc8335bis,6,new-draft,ignored_after_review,ignored_after_review,0,intarea,PROBE: A Utility for Probing Interfaces,"This document specifies a network diagnostic tool called PROBE.
   PROBE is similar to PING in that it can be used to query the status
   of a probed interface, but it differs from PING in that it does not
   require bidirectional connectivity between the probing and probed
   interfaces.  Instead, PROBE requires bidirectional connectivity
   between the probing interface and a proxy interface.  The proxy
   interface can reside on the same node as the probed interface, or it
   can reside on a node to which the probed interface is directly
   connected.  This document updates RFC 4884 and obsoletes RFC 8335.",https://datatracker.ietf.org/doc/draft-ietf-intarea-rfc8335bis/,2026-09-18,
draft-ietf-ippm-alt-mark-deployment-09,draft-ietf-ippm-alt-mark-deployment,9,new-draft,ignored_after_review,ignored_after_review,0,ippm,Alternate Marking Deployment Framework,"This document provides a framework for Alternate Marking deployment
   and includes considerations and guidance for the deployment of the
   methodology.",https://datatracker.ietf.org/doc/draft-ietf-ippm-alt-mark-deployment/,2026-09-18,
draft-ietf-ivy-network-inventory-yang-19,draft-ietf-ivy-network-inventory-yang,19,new-draft,adjacent_watchlist,adjacent_watchlist,3,ivy,A Base YANG Data Model for Network Inventory,"This document defines a base YANG data model for reporting network
   inventory.  The scope of this base model is set to be application-
   and technology-agnostic.  The base data model can be augmented with
   application- and technology-specific details.",https://datatracker.ietf.org/doc/draft-ietf-ivy-network-inventory-yang/,2026-09-18,
draft-ietf-jmap-calendars-29,draft-ietf-jmap-calendars,29,new-draft,adjacent_watchlist,adjacent_watchlist,3,jmap,JSON Meta Application Protocol (JMAP) for Calendars,"This document specifies a data model for synchronizing calendar data
   with a server using JMAP.  Clients can use this to efficiently read,
   write, and share calendars and events, receive push notifications for
   changes or event reminders, and keep track of changes made by others
   in a multi-user environment.",https://datatracker.ietf.org/doc/draft-ietf-jmap-calendars/,2026-09-18,
draft-ietf-jmap-conditional-00,draft-ietf-jmap-conditional,0,new-draft,ignored_after_review,ignored_after_review,0,jmap,JMAP Conditional Set,"The JMAP base protocol ([JMAP-CORE]) provides the Foo/set method for
   creating, updating, and destroying objects.  It offers a single
   concurrency control, the ""ifInState"" argument, which guards an entire
   object type: if any object of that type has changed, the whole method
   is rejected.

   This extension adds a finer, per-object conditional mechanism.  A
   client may require that an individual update or destroy proceed only
   if the target object still matches a set of expected property values,
   expressed using the JMAP PatchObject already defined for updates.
   This provides optimistic concurrency control scoped to a single
   object — the equivalent of an HTTP ""If-Match"" precondition — for any
   JMAP data type.

   This extension also defines an optional ""atomic"" argument that
   applies an entire Foo/set as a single unit: either every change it
   requests takes effect, or none does.  Combined with the per-object
   precondition, this lets a client express a multi-object change that
   is safe only when applied together — such as an atomic rename that
   exchanges two names.",https://datatracker.ietf.org/doc/draft-ietf-jmap-conditional/,2026-09-18,
draft-ietf-jmap-object-history-00,draft-ietf-jmap-object-history,0,new-draft,ignored_after_review,ignored_after_review,0,jmap,JMAP Object History,"The JMAP base protocol (RFC8620) provides methods for synchronizing
   the current state of data objects between client and server.  This
   extension adds the ability to retrieve historical versions of
   objects, including objects that have been destroyed, by extending the
   standard Foo/get method.",https://datatracker.ietf.org/doc/draft-ietf-jmap-object-history/,2026-09-18,
draft-ietf-lamps-cms-composite-kem-03,draft-ietf-lamps-cms-composite-kem,3,new-draft,adjacent_watchlist,adjacent_watchlist,3,lamps,Composite ML-KEM for use in Cryptographic Message Syntax (CMS),"Composite ML-KEM defines combinations of Module-Lattice-based Key
   Encapsulation Mechanism (ML-KEM) with RSA-OAEP, ECDH, X25519, and
   X448.  This document specifies the conventions for using Composite
   ML-KEM algorithms with the Cryptographic Message Syntax (CMS) using
   the KEMRecipientInfo structure defined in “Using Key Encapsulation
   Mechanism (KEM) Algorithms in the Cryptographic Message Syntax (CMS)”
   (RFC 9629).",https://datatracker.ietf.org/doc/draft-ietf-lamps-cms-composite-kem/,2026-09-18,
draft-ietf-lamps-cms-euf-cma-signeddata-03,draft-ietf-lamps-cms-euf-cma-signeddata,3,new-draft,adjacent_watchlist,adjacent_watchlist,3,lamps,Best Practices for Signed Attributes in CMS SignedData,"The Cryptographic Message Syntax (CMS) has different signature
   verification behaviour based on whether signed attributes are present
   or not.  This results in a potential existential forgery
   vulnerability in CMS and protocols which use CMS.  This document
   describes the vulnerability and lists mitigations and best practices
   to avoid it.  This document updates RFC 5652 by prohibiting the use
   of the id-data content type for new uses of the CMS SignedData type.",https://datatracker.ietf.org/doc/draft-ietf-lamps-cms-euf-cma-signeddata/,2026-09-18,
draft-ietf-lamps-rfc6211-update-03,draft-ietf-lamps-rfc6211-update,3,new-draft,monitor,core_identity,6,lamps,Update to the Cryptographic Message Syntax (CMS) Algorithm Identifier Protection Attribute,"This document updates RFC 6211.  It corrects errors in the definition
   of the id-aa-CMSAlgorithmProtect ASN.1 object identifier.  The IANA
   registry entry has always been correct.",https://datatracker.ietf.org/doc/draft-ietf-lamps-rfc6211-update/,2026-09-18,
draft-ietf-lisp-rfc6831bis-08,draft-ietf-lisp-rfc6831bis,8,new-draft,ignored_after_review,ignored_after_review,0,lisp,The Locator/ID Separation Protocol (LISP) for Multicast Environments,"This document specifies the design for inter-domain multicast
   overlays using the Locator/ID Separation Protocol (LISP) architecture
   and protocols.  The document specifies how LISP multicast overlays
   operate over multicast and unicast underlays.  The mechanisms in this
   specification indicate how a signal-based approach using the PIM
   protocol can be used to program LISP encapsulators with a replication
   list in a locator-set, where the replication list can be a mix of
   multicast and unicast locators.  This document when approved
   obsoletes RFC6831",https://datatracker.ietf.org/doc/draft-ietf-lisp-rfc6831bis/,2026-09-18,
draft-ietf-lsr-srv6-mirror-sid-igp-encoding-00,draft-ietf-lsr-srv6-mirror-sid-igp-encoding,0,new-draft,ignored_after_review,ignored_after_review,0,lsr,IGP Encoding for SRv6 Mirror SID in Egress Protection,"This document specifies the IGP protocol extensions required to
   support SRv6 path egress protection using the Mirror SID (End.M)
   mechanism.  It reuses the existing SRv6 End SID sub-TLV defined in
   [RFC9352] (IS-IS, Section 7.2) and [RFC9513] (OSPFv3, Section 8) with
   the End.M endpoint behavior (74) to advertise the Mirror SID and the
   set of protected locators, and defines a new Protected Locators
   sub-(sub-)TLV, enabling a backup egress node (protector) to signal
   its capability to protect a primary egress node within a single link-
   state IGP area.

   This document is a companion to
   [I-D.ietf-rtgwg-srv6-egress-protection], which specifies the overall
   SRv6 path egress protection mechanism and the End.M behavior.  The
   IGP encoding defined herein provides the signaling substrate for that
   mechanism.",https://datatracker.ietf.org/doc/draft-ietf-lsr-srv6-mirror-sid-igp-encoding/,2026-09-18,
draft-ietf-mailmaint-oauth-public-06,draft-ietf-mailmaint-oauth-public,6,new-draft,monitor,authorization,6,mailmaint,OAuth Profile for Open Public Clients,"This document specifies a profile of the OAuth authorization protocol
   to allow for interoperability between native clients and servers
   using open protocols, such as JMAP, IMAP, SMTP, POP, CalDAV, and
   CardDAV.  The profile is restricted to native clients, that is,
   applications installed and run on the end user's device.  It
   deliberately does not support web-based clients, which cannot
   complete the flow as specified.",https://datatracker.ietf.org/doc/draft-ietf-mailmaint-oauth-public/,2026-09-18,
draft-ietf-mailmaint-pdparchive-02,draft-ietf-mailmaint-pdparchive,2,new-draft,ignored_after_review,ignored_after_review,0,mailmaint,Personal Data Portability Archive,"This document proposes the Personal Data Portability Archive format
   (PDPA), suitable for import/export, backup/restore, and data transfer
   scenarios for personal data.",https://datatracker.ietf.org/doc/draft-ietf-mailmaint-pdparchive/,2026-09-18,
draft-ietf-mpls-on-path-telemetry-flag-04,draft-ietf-mpls-on-path-telemetry-flag,4,new-draft,ignored_after_review,ignored_after_review,0,mpls,MPLS On-Path Telemetry Network Action Flag for OAM,"This document describes postcard-based on-path telemetry with packet
   marking (PBT-M) using an MPLS Network Actions (MNA) flag to support
   Operations, Administration, and Maintenance (OAM) in MPLS networks.
   The scheme uses a single flag bit carried in a Flag-Based Network
   Action Indicator (Opcode 1) of the MNA Sub-Stack as defined in RFC
   9994.  In addition to addressing the protocol requirements for
   applying PBT-M, this document provides comprehensive operational,
   manageability, and security considerations.",https://datatracker.ietf.org/doc/draft-ietf-mpls-on-path-telemetry-flag/,2026-09-18,
draft-ietf-netconf-notif-envelope-06,draft-ietf-netconf-notif-envelope,6,new-draft,adjacent_watchlist,adjacent_watchlist,3,netconf,Extensible YANG Model for YANG-Push Notifications,"This document defines a new extensible Notification structure,
   defined in YANG, for use in YANG-Push Notification messages, both for
   NETCONF and RESTCONF, enabling any YANG-compatible encodings such as
   XML, JSON, or CBOR.  Additionally, it defines two essential
   extensions to this structure, the support of a hostname and a
   sequence number and the support of a timestamp characterizing the
   moment when the data was observed.",https://datatracker.ietf.org/doc/draft-ietf-netconf-notif-envelope/,2026-09-18,
draft-ietf-netconf-restconf-trace-ctx-headers-11,draft-ietf-netconf-restconf-trace-ctx-headers,11,new-draft,ignored_after_review,ignored_after_review,0,netconf,RESTCONF Extension to Support Trace Context Headers,"This document defines an extension to the RESTCONF protocol to
   support Trace Context propagation as defined by the W3C.",https://datatracker.ietf.org/doc/draft-ietf-netconf-restconf-trace-ctx-headers/,2026-09-18,
draft-ietf-netconf-trace-ctx-extension-09,draft-ietf-netconf-trace-ctx-extension,9,new-draft,ignored_after_review,ignored_after_review,0,netconf,NETCONF Extension to support Trace Context propagation,"This document defines how to propagate trace context information
   across the Network Configuration Protocol (NETCONF), enabling
   distributed tracing scenarios.  It is an adaptation of the HTTP-based
   W3C specification and defines three YANG modules.",https://datatracker.ietf.org/doc/draft-ietf-netconf-trace-ctx-extension/,2026-09-18,
draft-ietf-netconf-yang-notifications-versioning-16,draft-ietf-netconf-yang-notifications-versioning,16,new-draft,ignored_after_review,ignored_after_review,0,netconf,Support of Versioning in YANG Notifications Subscription,"This document defines a YANG module which extends the YANG-Push
   Subscription mechanism to enforce that particular revisions or
   semantic versions are used when configuring or establishing a
   Subscription.  It also extends the YANG-Push Subscription state
   change Notifications to include additional context about the YANG
   schema associated with the Subscription.",https://datatracker.ietf.org/doc/draft-ietf-netconf-yang-notifications-versioning/,2026-09-18,
draft-ietf-nfsv4-acls-update-05,draft-ietf-nfsv4-acls-update,5,new-draft,adjacent_watchlist,authorization,3,nfsv4,ACLs within the NFSv4 Protocols,"This document is part of the set of documents intended to update the
   description of NFSv4 Minor Version One as part of the rfc8881bis
   respecification effort for NFSv4.1.  It describes the structure and
   function of NFSv4 Access Control Lists within NFSv4.0 and NFSv4.1.
   These minor versions and forthcoming ones define ACLs using an ACL
   structure derived from Windows ACLs.

   Support for other ACL approaches such as draft-POSIX ACLs remains an
   option that could be taken advantage of in later minor versions such
   as NFSv4.2.

   This document describes the structure of these Windows-derived NFSv4
   ACLs and their role in the NFSv4 security architecture.  While the
   focus of this document is on the role of these ACLs in providing a
   more flexible approach to file access authorization than is made
   available by the POSIX-derived authorization-related attributes, the
   potential provision of other security-related functionality based on
   ACLs is covered as well.

   Because of the failure of previous specifications to provide a
   satisfactory description of the authorization semantics of NFSv4
   ACLs, this document takes a different approach to many matters while
   maintaining compatibility with implementations based on previous
   specifications.

   When the resulting document is eventually published as an RFC, it
   will supersede the descriptions of ACL structure and semantics
   appearing in existing minor version specification documents for
   NFSv4.0 and NFSv4.1, thereby updating RFC7530 and RFC8881.",https://datatracker.ietf.org/doc/draft-ietf-nfsv4-acls-update/,2026-09-18,
draft-ietf-nfsv4-nfs-acl-05,draft-ietf-nfsv4-nfs-acl,5,new-draft,ignored_after_review,ignored_after_review,0,nfsv4,The Network File System Access Control List Protocol,"This Informational document describes the NFS_ACL protocol.  NFS_ACL
   is a legacy member of the Network File System family of protocols
   that NFS clients use to view and update Access Control Lists stored
   on an NFS version 2 or version 3 server.",https://datatracker.ietf.org/doc/draft-ietf-nfsv4-nfs-acl/,2026-09-18,
draft-ietf-nfsv4-rfc8881bis-10,draft-ietf-nfsv4-rfc8881bis,10,new-draft,ignored_after_review,ignored_after_review,0,nfsv4,Network File System (NFS) Version 4 Minor Version 1 Protocol,"This document describes the Network File System (NFS) version 4 minor
   version 1, including features retained from the base protocol (NFS
   version 4 minor version 0, which is specified in RFC 7530) and
   protocol extensions made and part of Minor Version 1.  The later
   minor version has no dependencies on NFS version 4 minor version 0,
   and was, until recently, documented as a completely separate
   protocol.

   This document is part of a set of documents which collectively
   obsolete RFCs 8881 and 8434.  In addition to many corrections and
   clarifications, it will rely on NFSv4-wide documents to substantially
   revise the treatment of protocol extension, internationalization, and
   security, superseding the descriptions of those aspects of the
   protocol appearing in RFCs 5661 and 8881.",https://datatracker.ietf.org/doc/draft-ietf-nfsv4-rfc8881bis/,2026-09-18,
draft-ietf-nfsv4-uncacheable-files-16,draft-ietf-nfsv4-uncacheable-files,16,new-draft,ignored_after_review,ignored_after_review,0,nfsv4,Adding an Uncacheable File Data Attribute to NFSv4.2,"Network File System version 4.2 (NFSv4.2) clients commonly perform
   client-side caching of file data in order to improve performance.  On
   some systems, applications may influence client data caching
   behavior, but there is no standardized mechanism for a server or
   administrator to indicate that particular file data should not be
   cached by clients for reasons of performance or correctness.  This
   document introduces a new file data caching attribute for NFSv4.2.
   Files marked with this attribute are intended to be accessed with
   client-side caching of file data suppressed, in order to support
   workloads that require predictable data visibility.  This document
   extends NFSv4.2.",https://datatracker.ietf.org/doc/draft-ietf-nfsv4-uncacheable-files/,2026-09-18,
draft-ietf-nvo3-rfc7348bis-10,draft-ietf-nvo3-rfc7348bis,10,new-draft,ignored_after_review,ignored_after_review,0,nvo3,Virtual eXtensible Local Area Network (VXLAN): A Framework for Overlaying Virtualized Layer 2 Networks over Layer 3 Networks,"This document specifies Virtual eXtensible Local Area Network
   (VXLAN), which is used to address the need for overlay networks
   within virtualized data centers accommodating multiple tenants.  The
   scheme and the related protocols can be used in networks for cloud
   service providers and enterprise data centers.  This document
   obsoletes RFC 7348, which documented the deployed VXLAN protocol for
   the benefit of the Internet community, and moves the VXLAN
   specification to the IETF document stream, allowing for the creation
   of extensions to VXLAN that require additions to the VXLAN header and
   their registration with IANA.  The format and processing described
   here are fully compatible with those in RFC 7348.",https://datatracker.ietf.org/doc/draft-ietf-nvo3-rfc7348bis/,2026-09-18,
draft-ietf-oauth-deferred-token-response-00,draft-ietf-oauth-deferred-token-response,0,new-draft,read_now,authorization,9,oauth,Deferred Token Response,"This document defines the Deferred Token Response (DTR) extension for
   OAuth 2.1.  In existing OAuth grants, the token endpoint either
   issues an access token or returns an error.  DTR establishes a
   generic asynchronous token request mechanism that any OAuth grant may
   plug into.  In DTR-aware flows, the authorization server returns a
   deferral_code and a polling interval, indicating that the final token
   response will be available at a later time.  The client retrieves the
   eventual response by polling the token endpoint, or by receiving a
   callback from the authorization server when one is configured.",https://datatracker.ietf.org/doc/draft-ietf-oauth-deferred-token-response/,2026-09-18,
draft-ietf-openpgp-persistent-symmetric-keys-04,draft-ietf-openpgp-persistent-symmetric-keys,4,new-draft,adjacent_watchlist,core_identity,3,openpgp,Persistent Symmetric Keys in OpenPGP,"This document defines a new packet and algorithm for the OpenPGP
   standard (RFC 9580) to support persistent symmetric keys, for message
   encryption using authenticated encryption with additional data (AEAD)
   and for message authentication using AEAD authentication tags.  This
   enables the use of symmetric cryptography for data storage (and other
   contexts that do not require asymmetric cryptography), for improved
   performance, smaller keys, and improved resistance to quantum
   computing.",https://datatracker.ietf.org/doc/draft-ietf-openpgp-persistent-symmetric-keys/,2026-09-18,
draft-ietf-opsawg-scheduling-oam-tests-09,draft-ietf-opsawg-scheduling-oam-tests,9,new-draft,adjacent_watchlist,adjacent_watchlist,3,opsawg,A YANG Data Model for Network Diagnosis using Scheduled Sequences of OAM Tests,"This document defines two YANG data models to support scheduled
   network diagnosis using Operations, Administration, and Maintenance
   (OAM) tests.  This document defines both 'oam-unitary-test' and 'oam-
   test-sequence' YANG modules to manage the lifecycle of network
   diagnosis procedures, intended for use by external management and
   orchestration systems (including SDN controllers and network
   orchestrators), rather than by individual network nodes.",https://datatracker.ietf.org/doc/draft-ietf-opsawg-scheduling-oam-tests/,2026-09-18,
draft-ietf-pce-flexible-grid-19,draft-ietf-pce-flexible-grid,19,new-draft,ignored_after_review,ignored_after_review,0,pce,PCEP Extension for Flexible Grid Networks,"This document provides the Path Computation Element Communication
   Protocol (PCEP) extensions for the support of Routing and Spectrum
   Assignment (RSA) in Flexible Grid networks.",https://datatracker.ietf.org/doc/draft-ietf-pce-flexible-grid/,2026-09-18,
draft-ietf-pce-pcep-ls-optical-00,draft-ietf-pce-pcep-ls-optical,0,new-draft,ignored_after_review,ignored_after_review,0,pce,PCEP Extensions for Distribution of Link-State and TE Information for Optical Networks,"In order to compute and provide optimal paths, Path Computation
   Elements (PCEs) require an accurate and timely Traffic Engineering
   Database (TED).  This Link State and TE information has previously
   been obtained from a link state routing protocol that supports
   traffic engineering extensions.

   Link-State (LS) and Traffic Engineering (TE) information can also be
   carried in the Path Computation Element Communication Protocol (PCEP)
   using experimental exensions to PCEP known as Link-State PCEP (PCEP-
   LS).  This document provides further experimental extensions to
   collect Link-State and TE information for optical networks.",https://datatracker.ietf.org/doc/draft-ietf-pce-pcep-ls-optical/,2026-09-18,
draft-ietf-pce-pcep-pmtu-10,draft-ietf-pce-pcep-pmtu,10,new-draft,ignored_after_review,ignored_after_review,0,pce,Support for Path MTU (PMTU) in the Path Computation Element (PCE) Communication Protocol (PCEP),"The Path Computation Element (PCE) provides path computation
   functions in support of traffic engineering in Multiprotocol Label
   Switching (MPLS) and Generalized MPLS (GMPLS) networks.

   The Source Packet Routing in Networking (SPRING) architecture
   describes how Segment Routing (SR) can be used to steer packets
   through an IPv6 or MPLS network using the source routing paradigm.  A
   Segment Routed Path can be derived from a variety of mechanisms,
   including an IGP Shortest Path Tree (SPT), explicit configuration, or
   a Path Computation Element (PCE).

   Since the SR does not require signaling, the path maximum
   transmission unit (MTU) information for the SR path is unavailable at
   the headend.  This document specifies the extension to PCE
   Communication Protocol (PCEP) to carry path MTU as a new metric type
   in the PCEP messages for SR, but not limited to it.

   This document also updates RFC 5440 to allow metric bounds to be
   minimum as needed in the case of path MTU.",https://datatracker.ietf.org/doc/draft-ietf-pce-pcep-pmtu/,2026-09-18,
draft-ietf-pim-gaap-24,draft-ietf-pim-gaap,24,new-draft,ignored_after_review,ignored_after_review,0,pim,Group Address Allocation Protocol (GAAP),"This document describes a design for a lightweight decentralized
   multicast group address allocation protocol (named GAAP and
   pronounced ""gap"" as in ""mind the gap"").  GAAP requires no centralized
   service or coordination for the address-allocation protocol itself,
   though it depends on ASM-capable multicast routing already being
   provisioned in the deployment domain, and deployments using
   encryption or administrative scoping may require additional
   configuration.  The protocol runs among group participants which need
   a unique group address to send and receive multicast packets.
   Tailored for IPv4 and IPv6 networks, this design offers a simple,
   lightweight option rather than extending an existing protocol.  This
   document is Experimental, see Section 8 for the rationale and the
   criteria for concluding the experiment.",https://datatracker.ietf.org/doc/draft-ietf-pim-gaap/,2026-09-18,
draft-ietf-pim-rfc8059-9798bis-02,draft-ietf-pim-rfc8059-9798bis,2,new-draft,ignored_after_review,ignored_after_review,0,pim,PIM Join Attributes for Locator/ID Separation Protocol (LISP) Environments,"This document defines two PIM Join/Prune attributes that support the
   construction of multicast distribution trees where the root and
   receivers are located in different Locator/ID Separation Protocol
   (LISP) sites.  These attributes allow the receiver site to select
   between unicast and multicast underlying transport, to convey the
   RLOC (Routing Locator) address of the receiver ETR (Egress Tunnel
   Router) to the control plane of the root ITR (Ingress Tunnel Router)
   and to signal the underlay multicast group to the control plane of
   the root ITR.  This document updates RFC 8059 and RFC 9798.",https://datatracker.ietf.org/doc/draft-ietf-pim-rfc8059-9798bis/,2026-09-18,
draft-ietf-rats-endorsements-10,draft-ietf-rats-endorsements,10,new-draft,read_now,trust_infrastructure,9,rats,RATS Endorsements,"In the IETF Remote Attestation Procedures (RATS) architecture, a
   Verifier accepts Evidence and uses Appraisal Policy for Evidence,
   typically with additional input from Endorsements and Reference
   Values, to generate Attestation Results in formats that are useful
   for Relying Parties.  This document illustrates the purpose and role
   of Endorsements and discusses some considerations in the choice of
   message format for Endorsements in the scope of the RATS
   architecture.

   This document does not aim to define a conceptual message format for
   Endorsements and Reference Values.  Instead, it extends RFC9334 to
   provide further details on Reference Values and Endorsements, as
   these topics were outside the scope of the RATS charter when RFC9334
   was developed.",https://datatracker.ietf.org/doc/draft-ietf-rats-endorsements/,2026-09-18,
draft-ietf-rats-reference-interaction-models-18,draft-ietf-rats-reference-interaction-models,18,new-draft,read_now,trust_infrastructure,9,rats,Reference Interaction Models for Remote Attestation Procedures,"This document describes interaction models for remote attestation
   procedures (RATS) [RFC9334].  Three conveying mechanisms --
   Challenge/Response, Uni-Directional, and Streaming Remote Attestation
   -- are illustrated and defined.  Analogously, a general overview
   about the information elements typically used by corresponding
   conveyance protocols are highlighted.",https://datatracker.ietf.org/doc/draft-ietf-rats-reference-interaction-models/,2026-09-18,
draft-ietf-rtgwg-atn-bgp-33,draft-ietf-rtgwg-atn-bgp,33,new-draft,ignored_after_review,ignored_after_review,0,rtgwg,A Simple BGP-based Mobile Routing System for the Aeronautical Telecommunications Network,"The International Civil Aviation Organization (ICAO) is investigating
   mobile routing solutions for a worldwide Aeronautical
   Telecommunications Network with Internet Protocol Services (ATN/IPS).
   The ATN/IPS will eventually augment existing communication services
   with an IP-based service supporting pervasive Air Traffic Management
   (ATM) for Air Traffic Controllers (ATC), Airline Operations
   Controllers (AOC), and all commercial aircraft worldwide.  This
   informational document describes a simple and extensible mobile
   routing service based on the industry-standard Border Gateway
   Protocol (BGP) and Domain Name System (DNS) to address the ATN/IPS
   requirements.",https://datatracker.ietf.org/doc/draft-ietf-rtgwg-atn-bgp/,2026-09-18,
draft-ietf-rtgwg-dst-src-routing-revive-06,draft-ietf-rtgwg-dst-src-routing-revive,6,new-draft,ignored_after_review,ignored_after_review,0,rtgwg,Destination/Source Routing,"This document specifies using packets' source addresses in route
   lookups as additional qualifier to be used in hop-by-hop routing
   decisions.  The proposed mechanism applies to IPv6 [RFC8200] in
   general with specific considerations for routing protocols.",https://datatracker.ietf.org/doc/draft-ietf-rtgwg-dst-src-routing-revive/,2026-09-18,
draft-ietf-satp-architecture-10,draft-ietf-satp-architecture,10,new-draft,adjacent_watchlist,adjacent_watchlist,3,satp,Secure Asset Transfer (SAT) Interoperability Architecture,"This document proposes an interoperability architecture for the
   secure transfer of assets between two networks or systems based on
   the gateway model.",https://datatracker.ietf.org/doc/draft-ietf-satp-architecture/,2026-09-18,
draft-ietf-seat-use-cases-01,draft-ietf-seat-use-cases,1,new-draft,read_now,core_identity,11,seat,Security Goals and Use Cases for Integrating Remote Attestation with Secure Channel Protocols,"This document outlines desirable security goals and use cases for
   integrating remote attestation (RA) capabilities with secure channel
   establishment protocols (e.g., TLS and DTLS).  Peer authentication in
   such protocols establishes trust in a peer's network identifiers but
   provides no assurance regarding the integrity of its underlying
   software and hardware stack.  Remote attestation addresses this gap
   by enabling a peer to provide verifiable evidence about the current
   state of the Target Environment.  This document specifies a set of
   essential security goals the protocol solution must have, including
   cryptographic binding to the secure connection, evidence freshness,
   and flexibility to support different attestation models.  It then
   explores relevant use cases, such as confidential data collaboration
   and secure secrets provisioning, to motivate the need for this
   integration.  This document is intended to serve as an input to the
   design of protocol solutions within the SEAT working group.",https://datatracker.ietf.org/doc/draft-ietf-seat-use-cases/,2026-09-18,
draft-ietf-sfc-nsh-ecn-support-18,draft-ietf-sfc-nsh-ecn-support,18,new-draft,ignored_after_review,ignored_after_review,0,none,Explicit Congestion Notification (ECN) and Congestion Feedback Using the Network Service Header (NSH) and IPFIX,"Explicit Congestion Notification (ECN) allows a forwarding element to
   notify downstream devices of the onset of congestion without having
   to drop packets.  Coupled with a means to feed information about
   congestion back to upstream nodes, this can improve network
   efficiency through better congestion control, frequently without
   packet drops.  This document specifies ECN and congestion feedback
   support within a Service Function Chaining (SFC) enabled domain
   through use of the Network Service Header (NSH, RFC 8300) and IP Flow
   Information Export (IPFIX, RFC 7011) protocol.",https://datatracker.ietf.org/doc/draft-ietf-sfc-nsh-ecn-support/,2026-09-18,
draft-ietf-sidrops-constraining-rpki-trust-anchors-02,draft-ietf-sidrops-constraining-rpki-trust-anchors,2,new-draft,adjacent_watchlist,adjacent_watchlist,3,sidrops,Constraining RPKI Trust Anchors,"This document describes an approach for Resource Public Key
   Infrastructure (RPKI) Relying Parties (RPs) to impose locally
   configured Constraints on cryptographic products subordinate to Trust
   Anchors (TAs).  The ability to constrain a Trust Anchor operator's
   effective signing authority to a limited set of Internet Number
   Resources (INRs) allows Relying Parties to enjoy the potential
   benefits of assuming trust - within a bounded scope.  The specified
   approach and configuration format allow RPKI operators to communicate
   efficiently about observations related to Trust Anchor operations.",https://datatracker.ietf.org/doc/draft-ietf-sidrops-constraining-rpki-trust-anchors/,2026-09-18,
draft-ietf-sidrops-publication-server-bcp-11,draft-ietf-sidrops-publication-server-bcp,11,new-draft,ignored_after_review,ignored_after_review,0,sidrops,Best Practices for Operating Resource Public Key Infrastructure (RPKI) Publication Services,"This document describes best current practices for operating an RFC
   8181 (A Publication Protocol for the Resource Public Key
   Infrastructure (RPKI)) publication engine and its associated publicly
   accessible rsync (RFC 5781) and RPKI Repository Delta Protocol (RRDP)
   (RFC 8182) repositories.",https://datatracker.ietf.org/doc/draft-ietf-sidrops-publication-server-bcp/,2026-09-18,
draft-ietf-spring-stamp-srpm-mpls-07,draft-ietf-spring-stamp-srpm-mpls,7,new-draft,ignored_after_review,ignored_after_review,0,spring,Performance Measurement Using Simple Two-Way Active Measurement Protocol (STAMP) for Segment Routing over the MPLS Data Plane,"Segment Routing (SR) can be used to steer packets through a network
   employing source routing.  SR can be applied to both MPLS (SR-MPLS)
   and IPv6 (SRv6) data planes.  This document describes the procedures
   for performance measurement in SR-MPLS networks using the Simple Two-
   Way Active Measurement Protocol (STAMP), as specified in RFC 8762,
   along with its optional extensions specified in RFC 8972 and further
   augmented in RFC 9503.  The described procedures are used for SR-MPLS
   paths (including Segment Lists of SR-MPLS Policies, SR-MPLS IGP best
   paths, and SR-MPLS IGP Flexible Algorithm (Flex-Algo) paths), as well
   as Layer-3 and Layer-2 services carried over the SR-MPLS paths.",https://datatracker.ietf.org/doc/draft-ietf-spring-stamp-srpm-mpls/,2026-09-18,
draft-ietf-spring-stamp-srpm-srv6-04,draft-ietf-spring-stamp-srpm-srv6,4,new-draft,ignored_after_review,ignored_after_review,0,spring,Performance Measurement Using Simple Two-Way Active Measurement Protocol (STAMP) for Segment Routing over IPv6 (SRv6) Data Plane,"Segment Routing (SR) can be used to steer packets through a network
   employing source routing.  SR can be applied to both MPLS (SR-MPLS)
   and IPv6 (SRv6) data planes.  This document describes the procedures
   for performance measurement in SRv6 networks using the Simple Two-Way
   Active Measurement Protocol (STAMP), as specified in RFC 8762, along
   with its optional extensions specified in RFC 8972 and further
   augmented in RFC 9503.  The procedures described in this document are
   used for links and SRv6 paths (including Segment Lists of SRv6
   Policies, SRv6 IGP best paths, and SRv6 IGP Flexible Algorithm (Flex-
   Algo) paths), as well as Layer-3 and Layer-2 services carried over
   the SRv6 paths.",https://datatracker.ietf.org/doc/draft-ietf-spring-stamp-srpm-srv6/,2026-09-18,
draft-ietf-tls-mlkem-11,draft-ietf-tls-mlkem,11,new-draft,adjacent_watchlist,adjacent_watchlist,3,tls,ML-KEM Post-Quantum Key Agreement for TLS 1.3,"This memo defines ML-KEM-512, ML-KEM-768, and ML-KEM-1024 as
   NamedGroups and registers IANA values in the TLS Supported Groups
   registry for use in TLS 1.3 to achieve post-quantum (PQ) key
   establishment.",https://datatracker.ietf.org/doc/draft-ietf-tls-mlkem/,2026-09-18,
draft-ietf-tls-trust-anchor-ids-05,draft-ietf-tls-trust-anchor-ids,5,new-draft,monitor,adjacent_watchlist,6,tls,TLS Trust Anchor Identifiers,"This document defines the TLS Trust Anchors extension, a mechanism
   for a TLS client or server to select a certificate to present based
   on the peer's trusted certification authorities.  It describes
   certification authorities more succinctly than the TLS Certificate
   Authorities extension.",https://datatracker.ietf.org/doc/draft-ietf-tls-trust-anchor-ids/,2026-09-18,
draft-ietf-wimse-aims-00,draft-ietf-wimse-aims,0,new-draft,read_now,core_identity,25,wimse,AI Identity Management System,"This document proposes best practices for authentication and
   authorization of AI agent interactions.  It leverages existing
   standards such as the Workload Identity in Multi-System Environments
   (WIMSE) architecture and OAuth 2.0 family of specifications.  Rather
   than defining new protocols, this document describes how existing and
   widely deployed standards can be applied or extended to establish
   agent authentication and authorization.  By doing so, it aims to
   provide a framework within which to use existing standards, identify
   gaps and guide future standardization efforts for agent
   authentication and authorization.",https://datatracker.ietf.org/doc/draft-ietf-wimse-aims/,2026-09-18,
draft-intra-handshake-fail-32,draft-intra-handshake-fail,32,new-draft,monitor,trust_infrastructure,5,none,Intra-handshake (aka Early) Attestation Considered Harmful (CVE-2026-33697 of CVSS 7.5 and several other CVEs of up to expected CVSS 10.0 upcoming),"The draft aims to provide technical details of CVE-2026-33697
   (https://www.cve.org/CVERecord?id=CVE-2026-33697), EUVD-2026-16488
   (https://euvd.enisa.europa.eu/enisa/EUVD-2026-16488), and several
   GitHub Security Advisories (GHSAs) which provide substantial
   technical evidence of how *intra*-handshake (aka early) attestation
   fails in practice, even _without physical access_. Moreover, since
   continuous attestation is generally required [CSA-eBPF]
   [MITRE-Continuous-Attestation], *intra*-handshake attestation adds
   *unnecessary complexity*. The results are backed by the research
   [Intra-handshake.fail], [TLS-RA] and the artifacts
   [Intra-handshake.fail-repo] in state-of-the-art formal analysis tool,
   ProVerif, under Apache-2.0 license for reproducibility and review,
   and have been acknowledged by the relevant stakeholders.  Currently,
   there are *two CVEs of CVSS 7.5, one GHSA of 9.0-10.0, two GHSAs of
   CVSS 9.1, one GHSA of CVSS 7.8, seven GHSAs of CVSS 7.4, and one GHSA
   of CVSS 6.3 published against the broader intra-handshake (aka early)
   attestation covering all layers of the ecosystem up to the
   application*. The research papers on these are currently either under
   submission or being prepared for submission.  The artifacts of these
   papers will be shared with the community under Apache-2.0 license for
   reproducibility and review.  In our analysis, the remaining
   implementations of early attestation -- Edgeless Systems Contrast and
   Meta's AI -- remain vulnerable.",https://datatracker.ietf.org/doc/draft-intra-handshake-fail/,2026-09-18,
draft-irtf-cfrg-rsa-guidance-10,draft-irtf-cfrg-rsa-guidance,10,new-draft,adjacent_watchlist,adjacent_watchlist,3,cfrg,Implementation Guidance for the PKCS #1 RSA Cryptography Specification,"This document lists additions to RFC 8017.  Specifically, it provides
   guidance to implementers of the standard to protect against side-
   channel attacks.  It also recommends against the RSAES-PKCS-v1_5
   encryption scheme, and provides an alternative depadding algorithm
   that protects against side-channel attacks raising from users of
   vulnerable APIs.  The purpose of this specification is to increase
   security of RSA implementations.  The document is a product of the
   Crypto Forum Research Group (CFRG).",https://datatracker.ietf.org/doc/draft-irtf-cfrg-rsa-guidance/,2026-09-18,
draft-irtf-iccrg-pacing-04,draft-irtf-iccrg-pacing,4,new-draft,ignored_after_review,ignored_after_review,0,iccrg,Pacing in Transport Protocols,"Applications or congestion control mechanisms can produce bursty
   traffic, which can cause unnecessary queuing and packet loss.  To
   reduce the burstiness of traffic, the concept of evenly spacing out
   the traffic from a data sender over a round-trip time known as
   ""pacing"" has been used in many transport protocol implementations.
   This document gives an overview of pacing and how some known pacing
   implementations work.",https://datatracker.ietf.org/doc/draft-irtf-iccrg-pacing/,2026-09-18,
draft-jacobs-web4-assessment-assertions-00,draft-jacobs-web4-assessment-assertions,0,new-draft,ignored_after_review,ignored_after_review,0,none,Web4 Assessment Assertions,"This document defines an implementation-neutral envelope for
   externally presented assessment results, including subject, issuer,
   policy, result, validity, evidence commitments, proof, and current
   status, while protected methods remain confidential.",https://datatracker.ietf.org/doc/draft-jacobs-web4-assessment-assertions/,2026-09-18,
draft-jacobs-web4-claims-verification-00,draft-jacobs-web4-claims-verification,0,new-draft,ignored_after_review,ignored_after_review,0,none,Web4 Claims and Verification,"This document distinguishes claims, evidence, assessments,
   assertions, verification events, challenges, supersession,
   suspension, expiration, revocation, and receipts without
   standardizing private scoring internals.",https://datatracker.ietf.org/doc/draft-jacobs-web4-claims-verification/,2026-09-18,
draft-jacobs-web4-delegated-authority-00,draft-jacobs-web4-delegated-authority,0,new-draft,ignored_after_review,ignored_after_review,0,none,Web4 Delegated Authority,"This document defines signed, bounded, time-limited, and revocable
   authority mandates for agents and nodes and links governed actions to
   their authority.",https://datatracker.ietf.org/doc/draft-jacobs-web4-delegated-authority/,2026-09-18,
draft-jacobs-web4-evidence-receipts-00,draft-jacobs-web4-evidence-receipts,0,new-draft,adjacent_watchlist,ignored_after_review,2,none,Web4 Evidence Receipts,"This document defines durable, cryptographically verifiable receipts
   for assessment, authority, policy, claim, and node-lifecycle events
   without requiring publication of protected evidence.",https://datatracker.ietf.org/doc/draft-jacobs-web4-evidence-receipts/,2026-09-18,
draft-jacobs-web4-federation-policy-00,draft-jacobs-web4-federation-policy,0,new-draft,adjacent_watchlist,core_identity,1,none,Web4 Federation Policy Advertisement,"This document defines machine-readable advertisements for federation
   policies, including authority, versions, profiles, evidence formats,
   retention, challenges, appeals, revocation, disclosure, jurisdiction,
   proof, and status.",https://datatracker.ietf.org/doc/draft-jacobs-web4-federation-policy/,2026-09-18,
draft-laurie-tmif-02,draft-laurie-tmif,2,new-draft,read_now,trust_infrastructure,14,none,A Standard for Claiming Transparency and Falsifiability,"This document specifies a Transparency Metadata Interchange Format
   (TMIF) that allows a distributed or confidential computing system to
   make standardized, verifiable claims about its levels of transparency
   and falsifiability.  Modeled as a structured Endorsement within the
   Remote Attestation Procedures (RATS) architecture, TMIF provides an
   agnostic, schema-defined communication vehicle for claimants to
   declare how their security mitigations and policy governance controls
   can be independently inspected, reproduced, and verified by third-
   party evaluators.",https://datatracker.ietf.org/doc/draft-laurie-tmif/,2026-09-18,
draft-laxsharma-pact-02,draft-laxsharma-pact,2,new-draft,ignored_after_review,ignored_after_review,0,none,"PACT: Co-Signed Task Contracts, Delivery and Verdict Records, and Outcome Records for Autonomous Agents","Autonomous agents can already prove who they are, show whose
   authority they act under, find and call one another, and pay.  What
   no existing specification lets them do is agree on a task in a form a
   third party can check, deliver against it, have the delivery judged
   by someone other than the performer, and carry away a record of the
   outcome that a stranger can verify.  This document specifies PACT, a
   set of signed JSON records that closes that gap.

   PACT defines four things: a co-signed task contract whose digest
   covers its signature set; a Verdict record bound by digest to the
   Delivery it judges; a Facilitator-signed event trace and Outcome
   Record for every contract, recorded once, in one order, by a party
   other than the performer; and a Merkle commitment from a parent's
   Outcome Record to its subcontracts' Outcome Records.

   Settlement terms are carried by reference to a profile defined
   outside this document.  This document specifies no escrow, custody or
   release of value, and takes no position on the legal effect of any
   record it defines.",https://datatracker.ietf.org/doc/draft-laxsharma-pact/,2026-09-18,
draft-liao-cose-c509-additions-00,draft-liao-cose-c509-additions,0,new-draft,adjacent_watchlist,core_identity,3,none,Additions to C509 Structures,"This document defines additions to CBOR Encoded X.509 Certificates
   (C509).

   This document defines a new C509SubjectPublicKeyInfo type, a CBOR
   representation of the X.509 SubjectDirectoryAttributes extension, and
   a mechanism that allows organizations assigned a Private Enterprise
   Number (PEN) to define organization-specific integer identifiers
   without registering each identifier in the C509 RDN attribute type,
   CR attribute type, extension ID, certificate policy, or extended key
   usage registries.

   This document also defines textual encoding labels for C509 objects
   using the textual encoding conventions specified in RFC 7468.",https://datatracker.ietf.org/doc/draft-liao-cose-c509-additions/,2026-09-18,
draft-limarsjenwar-tiptop-address-space-00,draft-limarsjenwar-tiptop-address-space,0,new-draft,ignored_after_review,ignored_after_review,0,none,IPv6 Address Space for Space,"Without a structured address allocation plan, early space missions
   risk creating an unaggregated patchwork of prefixes, repeating the
   historical operational scaling issues seen in terrestrial networks.

   This document requests that the IANA allocate address space
   specifically for use in space environments and manages suballocations
   from that block for and within celestial bodies, as needed.  The
   Number Resource Organization (NRO) will determine how to allocate and
   assign address resources for and within the celestial bodies , with
   the understanding that topological address aggregation is critical
   for routing scalability and operational efficiency.",https://datatracker.ietf.org/doc/draft-limarsjenwar-tiptop-address-space/,2026-09-18,
draft-lin-idr-distribute-service-metric-07,draft-lin-idr-distribute-service-metric,7,new-draft,ignored_after_review,ignored_after_review,0,none,Distribute Service Metric by BGP,"When calculating the path selection for service traffic, it is
   important to consider not only network metrics, but also the impact
   of service Metric. Therefore, it is necessary to transmit service
   Metric information from the service site to the user access site, in
   order to facilitate path selection for service traffic at the access
   router.

   This document describes an approach for using the BGP Control Plane
   to steer traffic based on a set of metrics that reflect the
   underlying network conditions and other service-specific state
   collected from available service locations.",https://datatracker.ietf.org/doc/draft-lin-idr-distribute-service-metric/,2026-09-18,
draft-liu-add-dnssd-edns-03,draft-liu-add-dnssd-edns,3,new-draft,ignored_after_review,ignored_after_review,0,none,DNS-Based Service Discovery for Encrypted DNS Services,"This document defines a DNS-Based Service Discovery (DNS-SD)
   mechanism for discovering encrypted DNS services in local networks.
   It specifies new service types (_dot._tcp, _doh._tcp, _doq._udp) and
   associated service parameters to enable zero-configuration discovery
   of DNS over TLS (DoT), DNS over HTTPS (DoH), and DNS over QUIC (DoQ)
   resolvers.  This mechanism is defined for use with multicast DNS
   (mDNS), addressing critical privacy gaps in local networks while
   maintaining backward compatibility with RFC 6763.  This document
   leverages SVCB and HTTPS resource records (RFC 9460) for parameter
   negotiation, with TXT records provided for compatibility with legacy
   implementations.",https://datatracker.ietf.org/doc/draft-liu-add-dnssd-edns/,2026-09-18,
draft-ma-v6ops-5g-ipv6only-04,draft-ma-v6ops-5g-ipv6only,4,new-draft,ignored_after_review,ignored_after_review,0,v6ops,Considerations of IPv6-only Deployment in 5G Mobile Networks,"This document describes a practical guide of deploying 464XLAT based
   IPv6-only technology on user plane in 3GPP 5G networks.  It also
   covers key 5G concepts and architectures, configuration methods and
   operational challenges.",https://datatracker.ietf.org/doc/draft-ma-v6ops-5g-ipv6only/,2026-09-18,
draft-martin-ipv6-addr-selection-updates-00,draft-martin-ipv6-addr-selection-updates,0,new-draft,ignored_after_review,ignored_after_review,0,none,Updates to IPv6 Default Address Selection,"This document updates RFC 6724 with three improvements to IPv6
   destination address selection.  The updates allow recent IPv6
   connection or service failures to influence IPv6/IPv4 ordering,
   incorporate likely source/destination address pairs when sorting
   candidates, and let ISP and enterprise operators preserve DNS load-
   balancing order where Rule 9 would otherwise override it.  The
   updates are intended to be implementable inside getaddrinfo() or an
   equivalent system mechanism, without requiring changes to existing
   application-facing socket APIs.",https://datatracker.ietf.org/doc/draft-martin-ipv6-addr-selection-updates/,2026-09-18,
draft-mih-agent-bilateral-attestation-02,draft-mih-agent-bilateral-attestation,2,new-draft,read_now,trust_infrastructure,9,none,Bilateral Attestation of Cross-Organization Agent Actions,"When an agent operated by one organization requests a consequential
   action from an agent operated by another, today's record of that
   exchange — if one exists — is kept by one side, editable by that
   side, and deniable by the other.  Disputes reduce to my-log-versus-
   your-log.  This document describes a bilateral attestation exchange
   for such actions: the requesting organization signs a request
   attestation binding it to the action and its material terms; the
   performing organization evaluates the request against deterministic
   constraints at the boundary where the action takes effect and signs
   an action attestation recording the constraint results and the
   disposition — performed, declined, or escalated to a human — by
   reference to the request; and each party acknowledges the other's
   attestation.  The combined record binds each organization to its
   part, gives each proof of the other's, and can be anchored to a
   transparency service so that a third party who trusts neither
   organization can verify the record end-to-end.  The exchange records
   refusals with the same fidelity as performance, and degrades
   gracefully when a counterparty cannot attest, marking the record's
   reduced assurance rather than blocking the transaction.",https://datatracker.ietf.org/doc/draft-mih-agent-bilateral-attestation/,2026-09-18,
draft-mih-sokolov-scitt-payload-binding-05,draft-mih-sokolov-scitt-payload-binding,5,new-draft,read_now,trust_infrastructure,16,none,Canonicalization Declaration for SCITT Signed Statements,"Independently written systems that anchor records to a SCITT
   Transparency Service repeatedly need the same construction: a
   canonical form of structured content, a content-addressed identifier
   derived from that form, binding to a SCITT Signed Statement and
   Receipt, and references that cite external artifacts by digest.  This
   document, referred to as CPB, specifies that construction as
   declarations rather than as a payload format.  A payload profile
   declares its canonicalization algorithm and exclusion set and thereby
   obtains a reproducible derived identifier.  A CPB Signed Statement
   carries either the complete statement content as specified by RFC
   9943 or a digest of content held elsewhere using the COSE Hash
   Envelope of RFC 9995.  CPB also defines an abstract typed digest
   reference information model and one optional protected-header
   encoding, cpb-refs; a payload profile may instead define its own
   reference serialization.  An IANA registry assigns the
   canonicalization algorithm identifiers that these declarations name.
   CPB does not define payload content formats, establish or require a
   universal artifact-type registry, or require either typed-reference
   carrier.",https://datatracker.ietf.org/doc/draft-mih-sokolov-scitt-payload-binding/,2026-09-18,
draft-mk-dnsop-svcb-well-known-00,draft-mk-dnsop-svcb-well-known,0,new-draft,adjacent_watchlist,verifiable_claims,1,none,An SVCB Service Parameter for Well-Known URI Paths,"This document defines the ""well-known"" Service Parameter Key
   (SvcParamKey) for SVCB and HTTPS resource records.  It carries one or
   more well-known URI suffixes, identifying resources under ""/.well-
   known/"" that are available at the service endpoint.  It specifies the
   presentation and wire formats and requests registration of the key
   with IANA.",https://datatracker.ietf.org/doc/draft-mk-dnsop-svcb-well-known/,2026-09-18,
draft-mnki-agent-trust-profile-00,draft-mnki-agent-trust-profile,0,new-draft,read_now,core_identity,34,none,The Agent Trust Profile: Verifiable Authority for Autonomous Agents,"Autonomous AI agents act on behalf of people and organizations across
   system and organizational boundaries.  Existing credentials establish
   that a token is valid; they do not express which agent is acting, for
   whom, under what delegated authority, within which constraints, and
   whether that authority is still current.  This document profiles
   existing standards — JWS, OAuth/OIDC, SPIFFE/WIMSE workload identity,
   DPoP-style proof of possession, OpenID AuthZEN and OpenID Federation
   — to carry those semantics: agent identity and principal binding,
   delegation with authority attenuation, capability-based authorization
   with constraints, request proof of possession, authorization
   attestations, tamper-evident provenance, revocation, and cross-
   organization trust.  It defines no new cryptography, transport or
   token format.",https://datatracker.ietf.org/doc/draft-mnki-agent-trust-profile/,2026-09-18,
draft-moskowitz-ads-b-auth-04,draft-moskowitz-ads-b-auth,4,new-draft,read_now,core_identity,9,none,ADS-B Authentication,"Automatic Dependent Surveillance – Broadcast (ADS-B) is a
   surveillance technology mandated in many airspaces.  It is now widely
   deployed but suffers from a lack of security and privacy.  From a
   security point of view, it is relatively easy to spoof ADS-B messages
   with readily available hardware and software.  From a privacy point
   of view, every ADS-B message contains the aircraft's assigned 24-bit
   ICAO address, a unique identifier that can be cross-referenced with
   external databases (e.g. aircraft registries) to reveal the owner,
   and can be used to track when and where a specific aircraft has
   flown.  In addition, the main transmission medium used for ADS-B, the
   1090 MHz frequency, on which messages are broadcast using the
   Extended Squitter (1090ES) format, is approaching saturation in some
   parts of the world due to the volume of ADS-B and other protocol
   messages, resulting in packet loss in certain areas.

   This paper presents the IETF TESLA protocol along with X.509
   certificates issued by ICAO member states for each aircraft to
   authenticate all ADS-B messaging.  It leverages the 8PSK phase
   overlay (PO) scheme proposed in the Minimum Operational Performance
   Standards (MOPS) for ADS-B (RTCA [DO-260C]), which enables 1090ES
   ADS-B transmissions to convey three times more information, to
   support the transmission of the extra security information required
   by the authentication scheme.  By doing so, the impact of
   authentication on channel usage is negligible.  Beyond message
   authentication, this scheme protocol has two important additional
   benefits: 1) the possibility to implement a Flight Authorization
   scheme, allowing ATC and intercepting aircraft to not only
   authenticate an aircraft but to verify that it is authorizes to
   conduct that flight and 2) a privacy-preserving methodology that
   assigns random 24-bit identifiers to designated aircraft while still
   enabling blind authentication of their ADS-B transmissions.",https://datatracker.ietf.org/doc/draft-moskowitz-ads-b-auth/,2026-09-18,
draft-navarre-quic-flexicast-03,draft-navarre-quic-flexicast,3,new-draft,ignored_after_review,ignored_after_review,0,none,Flexicast QUIC: combining unicast and multicast in a single QUIC connection,"This document proposes Flexicast QUIC, a simple extension to
   Multipath QUIC that enables a source to send the same information to
   a set of receivers using a combination of unicast paths and IP
   multicast distribution trees.",https://datatracker.ietf.org/doc/draft-navarre-quic-flexicast/,2026-09-18,
draft-novak-rats-tacra-01,draft-novak-rats-tacra,1,new-draft,read_now,trust_infrastructure,11,none,Trustworthy Acquisition of Credentials via Remote Attestation,"There is a large class of ""RATS-Unaware"" Relying Parties (RUPs) that
   Attesters nevertheless need to interoperate with.  Existing deployed
   services, which precede the introduction of Remote Attestation, are
   often difficult to change/update in significant ways due to, among
   other reasons, organizational friction, technological inertia, and
   regulatory policies.  There are significant advantages if workloads
   can be incrementally updated in the trustworthiness of the platform,
   without disrupting their clients and servers.

   This document describes an architecture by which Remote Attestation
   is utilized for providing Attesters with Identity Documents (keys or
   credentials) to authenticate to RUPs.  This architecture is intended
   to work with common credential acquisition protocols and mechanisms
   such as EST, SPIFFE/SPIRE, ACMEv2, and many others.

   Another important but separate goal is to encapsulate the Attester-
   side complexity of Remote Attestation and credential acquisition
   similar to how Envoy does it.  This allows Attesters to be
   implemented in a way that abstracts away the details of credential
   acquisition: both the protocols used and the Credential Acquisition
   Mechanisms employed, whether minting new (Enrollment), or requesting
   existing (Retrieval) credentials.  Likewise, the choice between RATS
   Passport and Background Check models is made opaque to the Attester,
   further simplifying its development.",https://datatracker.ietf.org/doc/draft-novak-rats-tacra/,2026-09-18,
draft-pardue-moq-qlog-moq-events-08,draft-pardue-moq-qlog-moq-events,8,new-draft,ignored_after_review,ignored_after_review,0,none,MoQ qlog event definitions,"This document defines a qlog event schema containing concrete events
   for MoQ.",https://datatracker.ietf.org/doc/draft-pardue-moq-qlog-moq-events/,2026-09-18,
draft-pignataro-icmp-enviro-info-03,draft-pignataro-icmp-enviro-info,3,new-draft,ignored_after_review,ignored_after_review,0,none,ICMP Extensions for Environmental Information,"This document defines a data structure that can be appended to
   selected ICMP messages.  The ICMP extension defined herein can be
   used to gain visibility into environmental information on the
   internet by providing per-hop (i.e., per topological network node)
   power metrics and other present or future metrics around
   environmental information.  This will contribute to achieving an
   objective mentioned in the report of the IAB E-Impact workshop.

   The techniques presented are useful not only in a transactional
   setting (e.g., a user-issued traceroute or a ping request), but also
   in a scheduled automated setting where they may be run periodically
   in a mesh across an administrative domain to map out environmental
   information.",https://datatracker.ietf.org/doc/draft-pignataro-icmp-enviro-info/,2026-09-18,
draft-pinto-cbap-1-00,draft-pinto-cbap-1,0,new-draft,read_now,authorization,8,none,Contestability Binding Application Profile 1 (CBAP-1),"Signed authorization records can show that an action was authorized
   under specified rules, but they do not by themselves establish a
   stable or verifiable path for an Affected Party to contest that
   action.

   This document defines Contestability Binding Application Profile 1
   (CBAP-1), a closed application profile that binds an Authorization
   Artifact to signed contestation terms before execution.  CBAP-1
   specifies deterministic CBOR and COSE encoding, fixed artifact
   formats, executor-verification and execution records, by-value policy
   material, a half-open filing window, a closed structured result, and
   deterministic first-failure reason codes.

   CBAP-1 does not define contestation notices, active execution-state
   effects, network reachability checks, policy-freshness evaluation,
   dispute adjudication, or remedy.  It reports authenticated protocol
   facts and signed claims without asserting forum independence, legal
   validity, physical execution order, or fairness.",https://datatracker.ietf.org/doc/draft-pinto-cbap-1/,2026-09-18,
draft-prz-lsr-ash-packets-03,draft-prz-lsr-ash-packets,3,new-draft,ignored_after_review,ignored_after_review,0,none,IS-IS Aggregated SNP Hash Packets,"The document presents an optional new type of database
   synchronization packet called an Aggregated SNP Hash (ASH).  When
   feasible, it compresses traditional SNP exchanges into a dynamic
   Merkle tree-like structure, which speeds up synchronization of large
   databases and adjacency numbers while reducing the load from regular
   CSNP exchanges during normal operation.  Just like CSNPs and PSNPs,
   ASH packets come in two flavors, called Complete ASH (CASH) and
   Partial ASH (PASH).",https://datatracker.ietf.org/doc/draft-prz-lsr-ash-packets/,2026-09-18,
draft-rich-radext-wlan-security-profile-01,draft-rich-radext-wlan-security-profile,1,new-draft,adjacent_watchlist,core_identity,3,none,RADIUS Attribute for IEEE 802.11 WLAN Security Profiles,"IEEE 802.11, as amended, defines security profiles, and several of
   those profiles can share the same AKM suite and pairwise cipher, so
   WLAN-AKM-Suite and WLAN-Pairwise-Cipher no longer tell a RADIUS
   server which profile is in effect.

   This document defines the WLAN-Security-Profile RADIUS attribute,
   which reports the security profile the responder accepted.  A Network
   Access Server includes it in the Access-Requests it generates for an
   IEEE 802.1X authentication so the server can make policy decisions
   based on the value.  The attribute complements the IEEE 802
   attributes defined in RFC 7268.",https://datatracker.ietf.org/doc/draft-rich-radext-wlan-security-profile/,2026-09-18,
draft-rosenberg-vcon-restructure-00,draft-rosenberg-vcon-restructure,0,new-draft,read_now,agent_identity,8,none,Virtualized Conversations (VCON) Restructure to Facilitate AI Agent Use Cases,"The Virtualized Conversations (VCON) specification provides a
   structured format for storing recordings of conversations, including
   phone calls, email threads and multi-party chats.  VCONs also store
   metadata like call transcripts and mid-call events, like a call hold
   or addition of a party.  Its structure is well suited for 2-party and
   basic multiparty phone calls.  However, there is a need for the VCON
   format to also act as a record of AI Agent conversations, which are
   just another type of conversation.  This document proposes changes to
   the object model in VCON to make it a more suitable format for
   handling AI Agent conversations, as well as more complex conferencing
   use cases.",https://datatracker.ietf.org/doc/draft-rosenberg-vcon-restructure/,2026-09-18,
draft-rosomakho-tls-ecdhe-mlkem512-01,draft-rosomakho-tls-ecdhe-mlkem512,1,new-draft,ignored_after_review,ignored_after_review,0,none,Post-quantum hybrid ECDHE-MLKEM512 Key Agreement for TLSv1.3,"This document defines two post-quantum hybrid key exchange groups for
   TLS 1.3 that combine ML-KEM-512 with ECDHE: MLKEM512X25519 and
   SecP256r1MLKEM512.  These groups provide lower-overhead hybrid key
   exchange options for deployments where ClientHello size,
   fragmentation risk, constrained-device performance, or compatibility
   with existing network infrastructure are important considerations.
   The groups defined in this document are intended for use with TLS 1.3
   and DTLS 1.3 and follow the hybrid key exchange construction used by
   ECDHE-MLKEM key agreement for TLS 1.3.",https://datatracker.ietf.org/doc/draft-rosomakho-tls-ecdhe-mlkem512/,2026-09-18,
draft-sabey-succession-receipts-03,draft-sabey-succession-receipts,3,new-draft,read_now,authorization,11,none,Succession Receipts: Portable Signed Evidence of Authority Succession Between Autonomous Agents,"Autonomous agents are upgraded, replaced, suspended, and restored
   while holding real operational authority.  A Succession Receipt is a
   portable, signed JSON document that proves one completed, policy-
   gated transfer of authority between two agents: which agent held the
   authority, which agent holds it now, under what legitimacy
   determination the transfer ran, and which obligations carried
   forward, with every claim grounded in signed evidence events embedded
   in the receipt itself.  Receipts are verifiable offline by parties
   who do not operate the issuing system, using only the issuer's public
   key.  This document specifies the receipt wire format, its
   canonicalization and signature scheme (JSON Canonicalization Scheme
   with Ed25519), the verification algorithm including bidirectional
   claim grounding, and an optional claim that binds a pre-execution
   authorization of the handoff to the succession evidence.  Where
   decision receipts prove what an agent did, and delegation receipts
   prove what an agent may do, Succession Receipts prove that an agent
   legitimately became the holder of an authority.",https://datatracker.ietf.org/doc/draft-sabey-succession-receipts/,2026-09-18,
draft-sankarshan-agent-registry-protocol-00,draft-sankarshan-agent-registry-protocol,0,new-draft,read_now,core_identity,8,none,Agent Registry Protocol,"Software agents increasingly act on behalf of people and
   organizations across administrative and security boundaries.
   Existing discovery mechanisms can identify an endpoint or advertise a
   capability, but they do not by themselves provide a common way to
   resolve who operates an agent, the bounded authority under which it
   acts, whether that authority is current, or what evidence supports a
   reliance decision.

   This document defines the Agent Registry Protocol (ARPA), an HTTP and
   JSON protocol for publishing and resolving information about software
   agents, their operational deployments, typed relationships, bounded
   delegated authority, lifecycle status, and associated evidence.  ARPA
   separates identification, authentication, authorization, assurance,
   and lifecycle state.  Registration, successful authentication,
   capability advertisement, or proof verification does not by itself
   establish authority to perform an action.

   The protocol is designed to support deterministic fail-safe behavior
   when material authority information is revoked, suspended, expired,
   stale, conflicting, unavailable, or unverifiable.",https://datatracker.ietf.org/doc/draft-sankarshan-agent-registry-protocol/,2026-09-18,
draft-sardar-rats-sec-cons-05,draft-sardar-rats-sec-cons,5,new-draft,adjacent_watchlist,trust_infrastructure,3,none,Guidelines for Security Considerations of RATS,"This document aims to provide guidelines and best practices for
   writing security considerations for technical specifications for RATS
   targeting the needs of implementers, researchers, and protocol
   designers.  In particular, it discusses some of the 'bottom turtle'
   issues.  This is a work-in-progress, and the current version mainly
   presents an outline of the topics that future versions will cover in
   more detail.

   *  Corrections in published RATS RFCs

   *  Security concerns in two RATS drafts

   *  General security guidelines, baseline, or template for RATS",https://datatracker.ietf.org/doc/draft-sardar-rats-sec-cons/,2026-09-18,
draft-sato-agent-accountability-refarch-00,draft-sato-agent-accountability-refarch,0,new-draft,read_now,adjacent_watchlist,12,none,AI Audit Reference Architecture for Post-Hoc Agent Accountability,"This document defines a reference architecture for producing,
   protecting, and verifying post-hoc accountability records for the
   actions of autonomous and semi-autonomous software agents.  It is
   scoped exclusively to post-hoc accountability, as distinct from real-
   time enforcement, and elaborates rather than replaces the role and
   record-type model described in an existing individual submission on
   auditing agent delegation and interactions.  It defines seven ordered
   stages -- intent and mandate capture, the agent boundary, the record
   producer, the event log and its cryptographic anchoring, a composed
   trust fabric, the disclosed audit record, and third-party
   verification -- together with two branch conditions covering cross-
   principal transactions and external resource ingestion.",https://datatracker.ietf.org/doc/draft-sato-agent-accountability-refarch/,2026-09-18,
draft-schrock-agent-operation-continuity-00,draft-schrock-agent-operation-continuity,0,new-draft,read_now,core_identity,8,none,Agent Operation Continuity Across Executor Replacement,"An agent executor can fail or be replaced after a consequential
   provider request may have crossed an effect boundary but before the
   outcome is known.  Native authorization, succession, evidence-
   boundary, and bounded-capability mechanisms address parts of this
   interval, but they do not by themselves define how a replacement
   executor preserves the same provider operation and its unresolved
   evidence.

   This document defines a composition profile for one authoritative
   coordination domain.  The profile preserves stable operation-
   occurrence identity, immutable provider bindings, authority
   accounting, uncertain evidence, and stale-executor fences across
   replacement.  It defines no new receipt, identity, authority,
   provider, or ledger-migration format, and it does not require any
   particular evidence envelope.",https://datatracker.ietf.org/doc/draft-schrock-agent-operation-continuity/,2026-09-18,
draft-schrock-ep-authorization-receipts-13,draft-schrock-ep-authorization-receipts,13,new-draft,read_now,adjacent_watchlist,15,none,Authorization Receipts for High-Risk Agent Actions,"This document defines the EMILIA Protocol (EP) authorization receipt,
   an evidence artifact binding an enrolled approver key to one
   canonical action before execution.  An approver-held key signs an
   Authorization Context containing the action hash, policy reference,
   shared authorization instance, per-signoff nonce, audience, and
   validity window.  A Trust Receipt carries the signed contexts,
   terminal consumption record, and Merkle inclusion material so a
   relying party can verify the recorded event offline under
   independently selected log, directory, policy, and approver trust
   inputs.

   The receipt establishes only the guarantees of the selected
   verification profile.  The mapping from an enrolled approver
   identifier to a natural person is asserted by the directory
   authority.  Offline verification does not establish current
   revocation status, global non-replay, comprehension, legality,
   safety, or execution.  Replay prevention requires an online atomic
   consumption store at the executor.  The state-machine invariants are
   machine-checked under the assumptions stated in this document.

   This revision defines the closed EP-AUTHORIZATION-BUNDLE-v1 pre-
   execution profile and its verification algorithm.  The bundle carries
   the Action Object, signed Authorization Contexts, signoffs, key
   proofs, and presentation evidence; it deliberately carries no
   terminal consumption or execution claim.  An optional, profile-
   identified authorization binding can commit the human evidence to an
   independently verified native authorization artifact without
   replacing that artifact or making this receipt format depend on its
   transport or trust model.

   A receipt is evidence, not authorization.  This document does not
   treat a local user interaction as an authorization decision.  It
   defines one evidence artifact that an authorization architecture can
   use in a human-confirmation flow: the signed Authorization Context is
   action-bound confirmation evidence an authorization server MAY
   validate and bind to the grant it issues.  The resulting Trust
   Receipt records terminal consumption and remains evidence; neither
   object makes the authorization decision.  That decision remains with
   the authorization server.",https://datatracker.ietf.org/doc/draft-schrock-ep-authorization-receipts/,2026-09-18,
draft-schrock-ep-presentation-binding-01,draft-schrock-ep-presentation-binding,1,new-draft,read_now,authorization,10,none,Binding Deterministic Rendering and Display Attestations to Human-Authorization Receipts,"A human-authorization receipt proves an enrolled key produced a user-
   verified signature over a digest that commits to an exact action.  It
   does not prove the signing surface DISPLAYED that action honestly.
   If a signing interface shows a benign summary while committing a
   different action, the resulting receipt is laundered authority:
   cryptographically valid and semantically false, which is worse than
   no receipt at all.  This is the presentation attack, and it is the
   deepest unsolved problem in authorization evidence, because a
   signature cannot attest to pixels.  This document narrows the gap
   with two additive, offline-checkable pieces that touch no existing
   receipt format: a DETERMINISTIC RENDERER, a pure function from the
   canonical action to a byte-identical human-readable rendering, so a
   verifier RE-DERIVES the rendering from the signed bytes and rejects a
   claimed rendering that does not match; and a DISPLAY ATTESTATION, a
   signed claim by the signing client binding the rendering it showed to
   the action it committed.  Neither eliminates the presentation attack
   (nothing purely digital can), but together they let a verifier check
   the claimed rendering against the signed action under relying-party-
   selected client trust inputs.  They make the residual risk explicit
   rather than hidden.",https://datatracker.ietf.org/doc/draft-schrock-ep-presentation-binding/,2026-09-18,
draft-sergeev-claim-boundaries-00,draft-sergeev-claim-boundaries,0,new-draft,read_now,trust_infrastructure,11,none,Claim Boundaries for Execution Evidence,"Systems that act in the world produce logs, receipts, approvals,
   traces, attestations, provenance statements, and transparency
   records.  These artifacts are routinely offered as evidence that an
   action was authorized, performed, or completed.  This document states
   a discipline for bounding such claims: the strength of an execution-
   related claim is limited by what the available evidence actually
   observed and by the control and observation topology at the boundary
   that produced it.  Message formats, signature validity, receipt
   validity, and registration do not create observation or independence
   that did not exist.  The control-topology test was prompted by a
   scenario Stephen Farrell posed in the IETF agent-protocol discussion
   of July 2026: one party creates another and may be able to act in its
   name.  The tension is general, since no message format can supply the
   independent enforcement or observation dependencies required by a
   prevention or adversary-resistant detection-coverage guarantee, and
   the scenario is worked through in an appendix.  The document defines
   no protocol, no record format, and no registry.  It collects non-
   inference rules, a control-topology test for prevention and detection
   claims, a worked example, and reporting distinctions for evidence
   that does not support the claim asserted over it.",https://datatracker.ietf.org/doc/draft-sergeev-claim-boundaries/,2026-09-18,
draft-sharif-agent-audit-trail-04,draft-sharif-agent-audit-trail,4,new-draft,read_now,core_identity,23,none,Agent Audit Trail: A Standard Logging Format for Autonomous AI Systems,"This document specifies a standard logging format for autonomous
   AI agent systems.  The Agent Audit Trail (AAT) defines a
   JSON-based record structure with mandatory fields for agent
   identity, action classification, outcome tracking, and trust
   level reporting.  Records are linked via tamper-evident hash
   chaining using SHA-256 per RFC 8785, with optional ECDSA
   signatures for non-repudiation.

   The format addresses requirements from the EU AI Act
   (Regulation 2024/1689), which mandates automatic recording of
   events for high-risk AI systems, whose application dates were
   staged into 2027-2028 by Regulation (EU) 2026/1744.  It also
   maps informatively to SOC 2 Trust Services Criteria,
   ISO/IEC 42001, the draft ISO/IEC 24970 and prEN 18229-1 logging
   standards, and PCI DSS v4.0.1 logging requirements.

   The design is transport-agnostic and supports export to JSONL,
   Syslog (RFC 5424), and CSV while preserving chain integrity.
   Privacy is addressed through input/output hashing, content
   fingerprinting, and tombstone-based deletion compatible with
   GDPR Article 17.

   The -01 revision added pre-execution recording requirements,
   recording independence, deny reason codes, replay protection,
   external timestamp anchoring, and content fingerprinting based
   on feedback from independent implementers.

   The -02 revision added a Decision Reproducibility section
   (Section 13) that distinguishes record reproducibility,
   available for any model, from decision reproducibility,
   available only for open-weight models executed at temperature
   zero in an attested environment, and defines the associated
   record fields.

   The -03 revision added the Attestation Closure requirement
   (Section 13.6): the digests recorded for decision
   reproducibility MUST cover the complete computational closure
   of the inference function -- model weights, tokenizer, chat
   template, inference engine build, decoding configuration, and
   numeric environment -- together with new record fields
   (tokenizer_digest, chat_template_digest, engine_build_digest)
   and a minimal-change threat analysis (Section 13.7) showing
   that any component left outside the attested set is a forgery
   channel.

   This revision (-04) adds algorithm agility for post-quantum
   signatures (ML-DSA-65, FIPS 204) alongside ECDSA P-256; a key
   identifier (signer_kid, RFC 7638) that resolves which principal
   signed an independently recorded record; a trust-level assignment
   integrity requirement (Section 5.3) so that downgrading a
   consequential action is an attributable event rather than silent
   suppression; and OPTIONAL Merkle batch anchoring (Section 6.4)
   using the RFC 6962 construction for compact inclusion proofs at
   high throughput.  All -04 additions are OPTIONAL to produce, and
   -04 verifiers stay backward compatible with -03: a -04 verifier
   accepts -03 records, and the new signing metadata is required
   only in records that carry a signature.",https://datatracker.ietf.org/doc/draft-sharif-agent-audit-trail/,2026-09-18,
draft-sharma-moq-atomic-subscription-bundles-00,draft-sharma-moq-atomic-subscription-bundles,0,new-draft,ignored_after_review,ignored_after_review,0,none,Atomic Subscription Bundles for Media over QUIC Transport,"This document defines a Media over QUIC Transport (MOQT) extension
   for atomically changing the Forward State of a set of established
   subscriptions.  It allows a subscriber to replace one set of Tracks
   with another without an intermediate partially switched state at its
   peer.",https://datatracker.ietf.org/doc/draft-sharma-moq-atomic-subscription-bundles/,2026-09-18,
draft-sharma-moq-cache-signaling-00,draft-sharma-moq-cache-signaling,0,new-draft,ignored_after_review,ignored_after_review,0,none,Cache Signaling for Media over QUIC Transport,"This document defines optional hop-by-hop cache signaling for Media
   over QUIC Transport (MOQT).  A subscriber can query the cache status
   of a finite Track range or request the cache status of a FETCH.
   Responses report a hit, miss, or partial hit and can identify locally
   cached ranges.",https://datatracker.ietf.org/doc/draft-sharma-moq-cache-signaling/,2026-09-18,
draft-sirkkavaara-vaara-receipt-11,draft-sirkkavaara-vaara-receipt,11,new-draft,read_now,trust_infrastructure,11,none,The Vaara Receipt: A Recomputable Receipt Format for Decisions About Autonomous Actions,"This document specifies vaara.receipt/v1, a signed and independently
   recomputable record that binds a decision about an autonomous action
   to the evidence the decision was made on, and optionally to one or
   more external timestamp anchors.  The format is canonicalized with
   the JSON Canonicalization Scheme (JCS) so that any third party can
   recompute its digests and verify its signature without access to the
   issuer.  A decision and the execution receipt that answers it form
   one recomputable pair through the envelope's back link.

   The receipt's trust is root-agnostic: the same record is verifiable
   with or without a hardware trusted execution environment and is re-
   expressible as an IETF RATS Entity Attestation Result.  Downstream
   specifications (a payment rail, a compliance regime, a framework
   integration) define profiles that pin to a version of this document
   and add only their own evidence schema; they do not redefine the
   envelope.  The format described here is deployed, and its receipts
   are independently recomputable from public conformance vectors that
   ship with standalone checkers importing no issuer code.  The minimal
   profile is a governance decision over a single autonomous action,
   bound to the action's own intent with no external rail; it is the
   floor of the format, and a reference library offers a matching
   adoption floor at the API layer as a one-line decorator over the
   governed function.",https://datatracker.ietf.org/doc/draft-sirkkavaara-vaara-receipt/,2026-09-18,
draft-sparks-test-async-submission-07,draft-sparks-test-async-submission,7,new-draft,ignored_after_review,ignored_after_review,0,none,Testing async submission,"This draft is submitted only to test the async api submission
   endpoint",https://datatracker.ietf.org/doc/draft-sparks-test-async-submission/,2026-09-18,
draft-sweetser-bcp-rpki-ca-02,draft-sweetser-bcp-rpki-ca,2,new-draft,adjacent_watchlist,ignored_after_review,2,none,Operational Guidelines for RPKI Delegated Certification Authorities,"This document provides operational guidelines for Resource Public Key
   Infrastructure (RPKI) delegated Certification Authorities (CAs) and
   registry operators managing such delegations.  It addresses common
   operational issues including CA availability problems, publication
   quality issues, and lifecycle management.  The guidelines aim to
   improve the overall health and efficiency of the RPKI ecosystem by
   establishing best practices for CA operations and delegation
   management.",https://datatracker.ietf.org/doc/draft-sweetser-bcp-rpki-ca/,2026-09-18,
draft-tanase-ain-authoritative-resolution-00,draft-tanase-ain-authoritative-resolution,0,new-draft,read_now,adjacent_watchlist,19,none,Authoritative Resolution and Pre-Interaction Verification of Persistent Digital Agent Identities,"This document specifies AIN-WRP, a protocol-independent mechanism for
   authoritative resolution of persistent digital agent identities and
   for verification of relationship-specific state before a digital
   agent begins a protected operational interaction with another agent
   or with a non-agent service or system.  An Agent Identity Number
   (AIN) acts as a stable lookup anchor.  The protocol resolves current
   identity, lifecycle, operator or authority, endpoint, mandate,
   restriction, provenance, and cryptographic verification information
   from sources competent to make the corresponding assertions.

   AIN-WRP separates persistent identity from credentials, proof of
   control, delegated authority, operational eligibility, policy
   decision, and execution.  For participants operating under
   independent administrative domains, the protocol performs logically
   independent resolution, validates source competence and evidence
   freshness, correlates the resulting assertions for the proposed
   relationship, and produces a Pre-Interaction Trust State.  A signed,
   time-limited State Proof may convey that state to a gateway or
   relying party.  The gateway applies local policy and controls whether
   an A2A, MCP, API, messaging, transactional, or proprietary protocol
   begins.

   This version defines the protocol model and the initial requirements
   for future interoperable profiles.  It does not require all AIN
   registration, resolution, assertion issuance, policy evaluation, or
   operational enforcement to be performed by a single central service,
   a mandatory Regional Network Operator (RNO), or a particular gateway,
   identity provider, authorization framework, or execution protocol.",https://datatracker.ietf.org/doc/draft-tanase-ain-authoritative-resolution/,2026-09-18,
draft-templin-6man-aero-omni-amen-16,draft-templin-6man-aero-omni-amen,16,new-draft,ignored_after_review,ignored_after_review,0,none,AERO/OMNI Base Specification Amendments (Volume 1),"The Automatic Extended Route Optimization (AERO) and Overlay
   Multilink Network (OMNI) Interface functional specifications have
   reached a level of maturity ready for advancement in the RFC
   publication process.  Updates to the base specifications are
   documented in this first amendment and any additional future
   amendments as necessary.",https://datatracker.ietf.org/doc/draft-templin-6man-aero-omni-amen/,2026-09-18,
draft-tiloca-lake-private-use-ranges-00,draft-tiloca-lake-private-use-ranges,0,new-draft,ignored_after_review,ignored_after_review,0,none,Additional Private Use Ranges in the IANA Registries of the Lightweight Authenticated Key Exchange (LAKE) Protocol,"This document adds Private Use ranges to IANA registries that pertain
   to the Lightweight Authenticated Key Exchange (LAKE) protocol.

Discussion Venues

   This note is to be removed before publishing as an RFC.

   Discussion of this document takes place on the Lightweight
   Authenticated Key Exchange Working Group mailing list
   (lake@ietf.org), which is archived at
   https://mailarchive.ietf.org/arch/browse/lake/.

   Source for this draft and an issue tracker can be found at
   https://gitlab.com/crimson84/draft-tiloca-lake-private-use-ranges.",https://datatracker.ietf.org/doc/draft-tiloca-lake-private-use-ranges/,2026-09-18,
draft-toutain-t2trg-coreconf-m2m-01,draft-toutain-t2trg-coreconf-m2m,1,new-draft,read_now,agent_identity,8,none,CORECONF for Machine-to-Machine Communication,"The document addresses the specific challenges of M2M interactions
   where both endpoints may be constrained nodes, and explores the use
   of CORECONF primitives.

   This document describes the use of CORECONF (CoAP Management
   Interface) for Machine-to-Machine (M2M) communication in constrained
   IoT environments.  It defines a YANG data model enabling remote
   management and configuration of constrained devices using CoAP, CBOR,
   and YANG SID identifiers.  The serialization in CBOR of this data
   model limits the payload size.  It documents also how the YANG data
   model can interact with common IoT ontologies such as SOSA or SAREF.
   The same CORECONF/SID serialization also enables full
   interoperability between constrained devices and AI agents, by
   exposing device actions and data through an MCP (Model Context
   Protocol) server without requiring an intermediate, device-specific
   translation layer.",https://datatracker.ietf.org/doc/draft-toutain-t2trg-coreconf-m2m/,2026-09-18,
draft-tuexen-tsvwg-sctp-multipath-32,draft-tuexen-tsvwg-sctp-multipath,32,new-draft,ignored_after_review,ignored_after_review,0,none,Load Sharing for the Stream Control Transmission Protocol (SCTP),"The Stream Control Transmission Protocol (SCTP) supports multi-homing
   for providing network fault tolerance.  However, mainly one path is
   used for data transmission.  Only timer-based retransmissions are
   carried over other paths as well.

   This document describes how multiple paths can be used simultaneously
   for transmitting user messages.",https://datatracker.ietf.org/doc/draft-tuexen-tsvwg-sctp-multipath/,2026-09-18,
draft-vicente-acme-pqc-agility-profile-05,draft-vicente-acme-pqc-agility-profile,5,new-draft,ignored_after_review,ignored_after_review,0,none,Post-Quantum Cryptographic Agility Profile for ACME,"This document defines an Automated Certificate Management Environment
   (ACME) [RFC8555] profile extension that enables ACME servers and
   clients to express per-account and per-order post-quantum
   cryptographic (PQC) posture.  The extension introduces a pqcAgility
   metadata object in the ACME directory, an optional pqcAgility member
   in order objects, and a server-side adequacy scoring mechanism that
   determines whether a given order satisfies an account's declared PQC
   readiness threshold.

   The profile is designed for both public and private ACME deployments
   and does not modify the core ACME state machine: it adds discoverable
   capability metadata and per-order policy directives that servers MAY
   enforce.  Multi-tenant ACME servers MUST implement tenant-isolation
   controls that prevent cross-account PQC posture leakage.

   This document is distinguished from draft-giron-acme-pqcnegotiation
   [I-D.giron-acme-pqcnegotiation], which defines algorithm negotiation
   at the ACME protocol level.  This profile operates above the
   negotiation layer: it defines per-account posture scoring, adequacy
   thresholds, hybrid policy bits, rotation epoch anchoring, and tenant-
   isolation requirements that apply regardless of which negotiation
   mechanism is used.",https://datatracker.ietf.org/doc/draft-vicente-acme-pqc-agility-profile/,2026-09-18,
draft-vicente-lamps-rotation-envelope-03,draft-vicente-lamps-rotation-envelope,3,new-draft,monitor,adjacent_watchlist,4,none,CA-Side Post-Quantum Rotation Envelope for X.509 Issuance Continuity,"This document defines the X.509 Post-Quantum Rotation Envelope
   extension, a Certification Authority (CA) side commitment mechanism
   that allows an issuing CA to publish, sign, and bind to its issued
   certificates a machine-verifiable guarantee of post-quantum (PQ) or
   PQ/T hybrid issuance continuity across the CA's own key-rotation
   boundaries.  The mechanism is complementary to, and does not overlap
   with, subject-side commitments such as the continuityPeriod field
   defined in [I-D.reddy-lamps-x509-pq-commit]: where that draft
   captures the CA's continuity obligation to continue presenting PQ or
   composite certificates after the current certificate's notAfter, this
   document captures the issuing CA's parallel obligation to remain
   capable of issuing such certificates across its own root and
   intermediate key rotations during the same migration window.

   The Rotation Envelope extension carries a SHA-384 hash of a CA-
   published, signed JSON manifest hosted at a stable /.well-known/pki-
   rotation-envelope URI under the issuer's authorityInfoAccess host.
   The manifest enumerates: (a) the algorithm identifiers the CA commits
   to continue supporting for issuance through a stated envelopeNotAfter
   date, (b) the successor-CA SubjectPublicKey hashes already
   provisioned for the next CA key generation, and (c) the OCSP and CRL
   distribution endpoints that will remain authoritative through the
   envelope window.  Relying parties that understand the extension can
   verify, at any time during the current certificate's lifetime, that
   the CA's published continuity posture matches what was bound at
   issuance, detecting silent CA-side degradation, unannounced CA
   replacement, or rollback of PQ-capable issuance commitments.

   This document is filed independently and is intended to be considered
   alongside, not in place of, [I-D.reddy-lamps-x509-pq-commit].  The
   two mechanisms address orthogonal sides of the same PQ migration
   window: subject-side declaration of intent (Reddy et al.) and CA-side
   guarantee of issuance capability (this document).",https://datatracker.ietf.org/doc/draft-vicente-lamps-rotation-envelope/,2026-09-18,
draft-vicente-oauth-apm-05,draft-vicente-oauth-apm,5,new-draft,monitor,authorization,6,none,Authorization Posture Mechanism (APM): Per-Transaction Consistency for OAuth 2.0,"This document describes the Authorization Posture Mechanism (APM), a
   method by which an OAuth 2.0 [RFC6749] authorization server, or a
   resource server acting on its behalf, re-evaluates the mutual
   consistency of three bound factors -- the client certificate, the
   access token, and the device posture -- on a per-request basis for
   privileged operations, rather than only at session establishment.
   When re-evaluated posture degrades relative to the posture under
   which the token was issued, APM defines deterministic, least-
   privilege Graduated Outcomes including scope reduction and method
   restriction, rather than a binary allow or deny.",https://datatracker.ietf.org/doc/draft-vicente-oauth-apm/,2026-09-18,
draft-vicente-pquip-multitenant-pki-requirements-05,draft-vicente-pquip-multitenant-pki-requirements,5,new-draft,ignored_after_review,ignored_after_review,0,none,PQC Certificate Rotation Requirements for Multi-Tenant PKI Environments,"This document specifies requirements for post-quantum cryptography
   (PQC) certificate rotation in multi-tenant public key infrastructure
   (PKI) environments.  Multi-tenant PKI deployments — in which a single
   PKI platform issues and manages certificates for multiple distinct
   tenant organizations — face coordination challenges that single-
   tenant PKI deployments do not encounter during PQC migration.",https://datatracker.ietf.org/doc/draft-vicente-pquip-multitenant-pki-requirements/,2026-09-18,
draft-vicente-pquip-pqc-readiness-gaps-05,draft-vicente-pquip-pqc-readiness-gaps,5,new-draft,ignored_after_review,ignored_after_review,0,none,PQC Readiness Observability Gaps in Networked Computing Environments,"This document identifies observability gaps that prevent network
   operators and security teams from determining the post-quantum
   cryptography (PQC) readiness state of networked computing
   environments.  PQC readiness requires knowing which cryptographic
   algorithms are in use across the environment, which are vulnerable to
   quantum attack, and which have been or are being migrated to NIST-
   approved PQC algorithms.  Current network protocols and management
   frameworks do not provide sufficient visibility to answer these
   questions at scale.",https://datatracker.ietf.org/doc/draft-vicente-pquip-pqc-readiness-gaps/,2026-09-18,
draft-vitap-ml-dsa-webauthn-05,draft-vitap-ml-dsa-webauthn,5,new-draft,adjacent_watchlist,core_identity,3,none,ML-DSA for Web Authentication,"This document describes implementation of Passwordless authentication
   in Web Authentication (WebAuthn) using Module-Lattice-Based Digital
   Signature Standard (ML-DSA), a Post-Quantum Cryptography (PQC)
   digital signature scheme defined in FIPS 204.",https://datatracker.ietf.org/doc/draft-vitap-ml-dsa-webauthn/,2026-09-18,
draft-watts-agent-authority-transition-receipts-00,draft-watts-agent-authority-transition-receipts,0,new-draft,read_now,authorization,28,none,Agent Authority Transition Receipts for Agentic Systems,"Autonomous agents increasingly act across administrative and security
   domains using workload identities, OAuth credentials, delegated
   authorization, attestations, and policy engines.  Existing mechanisms
   can establish identity, delegation, or access rights, but deployments
   still lack a common artifact that records which policy and which
   evidence were evaluated when an operation moved into an authorized,
   denied, revoked, or expired authority state.

   This document defines an Agent Authority Transition Receipt (AATR), a
   signed, non-bearer receipt that cryptographically binds an agent
   operation to the principal, policy, evidence set, decision, audience,
   validity interval, and predecessor authority state used for that
   decision.  AATR intentionally separates evidence from authorization
   and authorization from execution.  Missing or indeterminate required
   evidence fails closed.  AATR is designed to compose with OAuth,
   workload identity, remote attestation, transparency services, and
   agent-specific delegation protocols rather than replace them.",https://datatracker.ietf.org/doc/draft-watts-agent-authority-transition-receipts/,2026-09-18,
draft-watts-agent-evidence-boundary-00,draft-watts-agent-evidence-boundary,0,new-draft,read_now,core_identity,17,none,Evidence-Bounded Authorization for Agentic Systems: Evidence Qualification Receipts,"Autonomous agents increasingly make or propose consequential actions
   using premises assembled from model outputs, memory, tools,
   telemetry, and external data.  Existing authentication and
   authorization mechanisms can establish who is acting, under whose
   delegation, and which operation is permitted, but they do not by
   themselves establish whether the proposition that triggered the
   operation has adequate support.  This document defines the Evidence
   Qualification Receipt (EQR), a transport-neutral JSON data model and
   fail-closed verification procedure for binding a proposition to a
   declared evidence profile, its supporting evidence digests,
   contradiction state, freshness, and evaluation result.  An EQR can be
   PASS, FAIL, or INDETERMINATE.  A PASS EQR is only an authorization
   input: it is never itself permission to execute.  The design is
   append-only: changed evidence produces a successor receipt rather
   than rewriting prior epistemic state.  The goal is to prevent
   evidence, provenance, or model confidence from silently acquiring
   authorization semantics.",https://datatracker.ietf.org/doc/draft-watts-agent-evidence-boundary/,2026-09-18,
draft-watts-oauth-agent-revocation-closure-00,draft-watts-oauth-agent-revocation-closure,0,new-draft,read_now,authorization,21,none,Revocation Closure for Agentic Authorization Systems,"Agentic systems can derive and distribute authority across delegated
   agents, workloads, credentials, queues, and long-running operations.
   Existing revocation mechanisms can invalidate a credential or
   authorization grant, but credential invalidation alone does not
   establish that every path from revoked authority to a consequential
   effect has been closed.

   This document defines a protocol-neutral model for revocation
   closure.  It introduces authority graphs, consequential sinks,
   revocation cut sets, closure states, closure budgets, and closure
   receipts.  The model is intended to complement OAuth 2.0, workload
   identity, transaction-token, and agent-authorization work.  It does
   not define a new authorization protocol, token format, or AI safety
   mechanism.",https://datatracker.ietf.org/doc/draft-watts-oauth-agent-revocation-closure/,2026-09-18,
draft-wilder-scitt-physical-site-engage-receipt-04,draft-wilder-scitt-physical-site-engage-receipt,4,new-draft,read_now,trust_infrastructure,21,none,A SCITT Profile for Physical-Site Engagement Receipts,"This document defines a SCITT profile for _Physical-Site Engagement
   Receipts_ (PSER): tamper-evident, signed, offline-verifiable records
   that describe an autonomous or human-directed physical engagement at
   a specific real-world site governed by a defined operating envelope.
   Each receipt is a SCITT Signed Statement as defined by the SCITT
   architecture, encoded as a COSE Single Signer message, carrying a
   JCS-canonicalized JSON payload with a five-artifact vocabulary
   describing (1) the _Site_, (2) the _Operator_ and _Actor_, (3) the
   _Engagement Window_ and _Envelope_, (4) the _Attestation Evidence_
   from a Trusted Execution Environment (TEE), and (5) the _Adapter
   Write-In_ recording that the receipt was posted into an out-of-band
   operations layer.  A Physical-Site Engagement Receipt is registerable
   in any conforming SCITT Transparency Service, obtaining a Receipt
   that proves the Statement's inclusion in that Service's verifiable
   data structure.  Registration does not establish that the Issuer
   registered every receipt it issued.

   This profile deliberately makes a NARROW, checkable claim -- ""this is
   a tamper-evident, signature-verifiable record that a specific
   engagement occurred at a specific site under a specific envelope, and
   its evidence was sealed by a specific TEE"" -- and explicitly does NOT
   claim that the engagement was safe, correct, or wise, that the site
   conditions were as described, or that any downstream operational
   outcome followed.  Compliance verdicts derived from the receipt (SLA
   credit, insurance underwriting, regulatory audit) are the
   responsibility of the relying party and its policies, not of this
   profile.

   The profile is designed around a three-party trust model in which no
   single party can unilaterally forge or repudiate a receipt: the _Site
   Owner_ controls physical access to the TEE hardware and keeps it
   running (they can unplug the box, and cannot forge what it signs);
   the _TEE silicon vendor_ attests the key material inside the TEE
   through its hardware root of trust (silicon vouches for the key); and
   the _Issuer_ writes the vocabulary, registers Signed Statements with
   a Transparency Service, and posts the resulting receipt into the
   site's operations layer via a WRITE_ONLY adapter.  This separation is
   normative in this profile: implementations MUST NOT collapse these
   three roles into a single custodian, and relying parties MUST NOT
   trust a receipt that lacks any one of them.",https://datatracker.ietf.org/doc/draft-wilder-scitt-physical-site-engage-receipt/,2026-09-18,
draft-xiao-fann-fast-cnp-with-proxy-04,draft-xiao-fann-fast-cnp-with-proxy,4,new-draft,ignored_after_review,ignored_after_review,0,none,Fast Congestion Notification Packet (CNP) with Proxy,"This document describes the necessity and feasibility to introduce a
   proxy network node between the congested network node and the traffic
   sender.  The proxy network node is used to translate the congestion
   notification.  The congested network node sends the congestion
   notification to the proxy network node in a format defined in this
   document, and then the proxy network node translates the received
   congestion notification to a format known by the traffic sender and
   resends the translated congestion notification to the traffic sender.",https://datatracker.ietf.org/doc/draft-xiao-fann-fast-cnp-with-proxy/,2026-09-18,
draft-xie-qosformer-qos-assurance-00,draft-xie-qosformer-qos-assurance,0,new-draft,adjacent_watchlist,adjacent_watchlist,3,none,QoSformer: A Framework for Learning-Based QoS Prediction and Policy Evaluation,"Network operators need to assess how changes to quality-of-service
   (QoS) policies may affect individual traffic flows and shared network
   resources.  Measurements describe observed behavior, but policy
   evaluation also requires predictions under candidate configurations.
   This document describes a framework that combines heterogeneous
   network measurements and configuration data in a Multiple Flow
   Snapshot (MFS), learns representations through masked reconstruction,
   and uses a Transformer-based model called QoSformer to predict
   throughput, delay, and resource utilization.  It describes offline
   model preparation, online candidate evaluation, and feedback after
   authorized policy changes.  A 5G core network use case illustrates
   the mapping to analytics and policy-control functions.  The framework
   is informational: it defines neither a new wire protocol nor
   extensions to existing 3GPP interfaces.",https://datatracker.ietf.org/doc/draft-xie-qosformer-qos-assurance/,2026-09-18,
draft-yao-dawn-agent-discovery-architect-01,draft-yao-dawn-agent-discovery-architect,1,new-draft,adjacent_watchlist,ignored_after_review,2,none,DNS-like Agent Discovery Architecture,"This document defines a DNS-like three-tier agent-discovery
   architecture for the Internet of Agents (IoA).  It introduces three
   core functional roles: Agent Root, Agent Registry, and Agent
   Resolver.",https://datatracker.ietf.org/doc/draft-yao-dawn-agent-discovery-architect/,2026-09-18,
draft-ye-problems-and-requirements-of-dns-for-ioa-03,draft-ye-problems-and-requirements-of-dns-for-ioa,3,new-draft,adjacent_watchlist,ignored_after_review,2,none,Problems Statement and Requirements Analysis of DNS for Internet of Agents (IoA),"In the AI-driven era, DNS is supposed to evolve with technological
   advancements to accommodate the complex and diverse requirements of
   the IoA.  This draft analyzes the issues surrounding DNS in
   supporting agents collaboration and explores corresponding technical
   requirements.",https://datatracker.ietf.org/doc/draft-ye-problems-and-requirements-of-dns-for-ioa/,2026-09-18,
draft-yuyou-moq-conditional-filtering-01,draft-yuyou-moq-conditional-filtering,1,new-draft,ignored_after_review,ignored_after_review,0,none,Conditional Range Filters for Media over QUIC Transport,"In Media over QUIC Transport (MOQT), subscribers can use Range
   Filters to select specific subgroups, objects, or priorities within a
   subscribed track.  However, these subscription filters are static
   once established and can only be modified through explicit subscriber
   control signaling.  This document proposes an extension to the Range
   Filter design that binds conditional evaluation logic directly to
   specific Range Filter sets.  By introducing dynamic conditions to
   Range Filter configurations, a relay can autonomously adapt the
   intra-track forwarding behavior based on real-time network
   conditions, avoiding the round-trip delay of explicit subscriber
   update signaling.",https://datatracker.ietf.org/doc/draft-yuyou-moq-conditional-filtering/,2026-09-18,
draft-zhang-aiproto-svcb-mapping-for-agents-02,draft-zhang-aiproto-svcb-mapping-for-agents,2,new-draft,adjacent_watchlist,ignored_after_review,2,none,Service Binding Mapping for Agents,"With the continuous introduction of intelligent agent communication
   and interaction protocols, the current DNS cannot adequately meet the
   requirements for agent service resolution.  This document defines a
   new DNS resource record type, AGENT, which is a SVCB-compatible RR
   type, and specifies the mapping specifications.",https://datatracker.ietf.org/doc/draft-zhang-aiproto-svcb-mapping-for-agents/,2026-09-18,
draft-zhangb-cats-sci-implementation-01,draft-zhangb-cats-sci-implementation,1,new-draft,adjacent_watchlist,ignored_after_review,2,none,CATS Service Contact Instance Functional Implementation,"The Computing-Aware Traffic Steering (CATS) framework
   [I-D.ietf-cats-framework] introduces the concept of a Service Contact
   Instance (SCI) as the client-facing entity responsible for receiving
   and dispatching service requests.  While the framework and the CATS
   metric documents define the components and the metrics, the concrete
   observable behavior of a Service Contact Instance - in particular,
   what it reports to the CATS Service Metric Agent (C-SMA), when it
   reports, and how service-instance health changes are reflected in the
   reported metrics - remains underspecified.

   This document fills that gap.  It specifies the functional behavior
   of a CATS Service Contact Instance in terms of observable behavior
   and reporting semantics: how an SCI aggregates instance-level
   information into service-oriented metrics (e.g., Global Available
   Slots and Computing Time) as defined in
   [I-D.zhangb-cats-service-metrics-op]; how it monitors the health and
   status of underlying service instances and adjusts reported metrics
   accordingly; how it maintains affinity and handles failure scenarios;
   and how it reports metrics and status updates to the C-SMA, including
   update policies and threshold-based triggers.  A decomposition of the
   SCI into internal functional components is provided as illustrative
   implementation guidance, not as a mandated software architecture.

   This document complements [I-D.ietf-cats-framework],
   [I-D.ietf-cats-metric-definition-11], and
   [I-D.zhangb-cats-service-metrics-op] by providing the operational
   execution layer for the SCI within the unified CATS architecture.",https://datatracker.ietf.org/doc/draft-zhangb-cats-sci-implementation/,2026-09-18,
draft-zhangb-cats-service-metrics-op-05,draft-zhangb-cats-service-metrics-op,5,new-draft,adjacent_watchlist,adjacent_watchlist,3,none,Computing Service Metrics Operation and Joint Service Selection under CATS,"Computing-Aware Traffic Steering (CATS) optimizes traffic forwarding
   by considering both computing and networking metrics.  The CATS
   framework and metric-definition documents provide valuable
   theoretical models, yet they face challenges in achieving direct
   operational execution in real-world deployments: normalization
   methods vary across providers, and aggregated unitless scores often
   lose the operational information that routers need for precise
   steering decisions.

   This document provides a self-contained, executable operational model
   for a core class of CATS deployment scenarios: latency-sensitive,
   compute-intensive services whose steering decisions are made in real
   time at the forwarding node.  Instead of disseminating low-level raw
   hardware metrics, service sites dynamically evaluate and report
   service-oriented metrics (e.g., Global Available Slots and Computing
   Time) to the control plane.  The document clarifies how these metrics
   are derived from basic resource information, service reference
   information, and local policy.  It also specifies how the CATS Path
   Selector (C-PS) combines the Computing Service Table (populated from
   C-SMA reports) with the Network Service Table to make joint traffic-
   steering decisions, and defines update-control and fallback
   mechanisms suitable for large-scale deployments.

   Within the unified CATS architecture, the service-oriented
   operational model defined in this document coexists with the general-
   purpose L1/L2 normalized metric framework: a deployment MAY use
   either model, or run both pipelines in parallel for different service
   classes, without embedding metric fields across frameworks.  This
   document does not negate the value of normalized metrics; it focuses
   on the service-level abstractions and runtime operations required for
   direct traffic steering.",https://datatracker.ietf.org/doc/draft-zhangb-cats-service-metrics-op/,2026-09-18,
draft-zheng-ccamp-client-pm-yang-16,draft-zheng-ccamp-client-pm-yang,16,new-draft,adjacent_watchlist,adjacent_watchlist,3,none,A YANG Data Model for Client Signal Performance Monitoring,"A transport network is a server-layer network to provide connectivity
   services to its client.  Given the client signal is configured, the
   followup function for performance monitoring, such as latency and bit
   error rate, would be needed for network operation.

   This document describes the data model to support the performance
   monitoring functionalities.",https://datatracker.ietf.org/doc/draft-zheng-ccamp-client-pm-yang/,2026-09-18,
