versioned_name,base_name,version,status,bucket,category,relevance_score,group_name,title,abstract,datatracker_url,date_seen,error
draft-abraitis-idr-maximum-paths-subcode-02,draft-abraitis-idr-maximum-paths-subcode,2,new-draft,ignored_after_review,ignored_after_review,0,none,Maximum Number of Paths Reached Notification for BGP,"This document defines a new BGP Cease NOTIFICATION message subcode,
   ""Maximum Number of Paths Reached"", used when a BGP speaker terminates
   a peering because the number of paths received from a neighbor, as
   permitted by BGP ADD-PATH, exceeds a locally configured upper bound.
   That bound may be applied on a per-prefix basis or as an aggregate
   limit across an address family.",https://datatracker.ietf.org/doc/draft-abraitis-idr-maximum-paths-subcode/,2026-07-27,
draft-acosta-crypto-agility-manifest-00,draft-acosta-crypto-agility-manifest,0,new-draft,read_now,trust_infrastructure,7,none,A Well-Known URI and JSON Format for Publishing Cryptographic Posture (the Crypto-Agility Manifest),"This document defines a discoverable, machine-readable JSON document,
   the crypto-agility manifest, that a website or source repository
   publishes at the well-known URI ""/.well-known/crypto-agility.json"" to
   declare its cryptographic posture: a readiness summary, a compact
   Cryptography Bill of Materials (CBOM) summary, an optional link to a
   posture attestation, and the migration policy it measures itself
   against.  The manifest lets an automated consumer, such as an AI
   coding agent, a continuous-integration bot, or an auditor's tool,
   discover a project's crypto posture the way it already discovers a
   security contact from ""security.txt"".  The manifest is a public,
   self-reported claim; it is not a proof.  It is intended to
   complement, not replace, a full CBOM inventory, serving as the CBOM's
   public-facing discovery counterpart.

   This document is a proposal.  It is not an IETF product and is not a
   standard of any kind.",https://datatracker.ietf.org/doc/draft-acosta-crypto-agility-manifest/,2026-07-27,
draft-ajp-spring-srv6-mpte-01,draft-ajp-spring-srv6-mpte,1,new-draft,ignored_after_review,ignored_after_review,0,none,SRv6 for Multipath Traffic Engineering,"A Multipath Traffic Engineered Directed Acyclic Graph (MPTED) tunnel
   is a Traffic Engineering (TE) construct that enables weighted load
   balancing of unicast traffic across a constrained set of paths
   optimized for an objective.

   This document is informational and describes one realization approach
   for applying SRv6 semantics to MPTE, based on the Multipath Traffic
   Engineering as described in Internet-Draft (draft-kompella-teas-
   mpte).  It summarizes associated procedures, lifecycle, management,
   and forwarding behavior.

   This document applies existing SRv6 architecture and semantics to
   MPTE without defining new SRv6 Endpoint Behaviors or signaling
   protocols.  It focuses on data-plane realization using existing
   forwarding instructions.",https://datatracker.ietf.org/doc/draft-ajp-spring-srv6-mpte/,2026-07-27,
draft-ali-pce-implicit-tls-profile-01,draft-ali-pce-implicit-tls-profile,1,new-draft,ignored_after_review,ignored_after_review,0,none,A Policy-Driven Implicit TLS Transport Profile for PCEP,"RFC 8253 specifies the use of Transport Layer Security (TLS) for the
   Path Computation Element Communication Protocol (PCEP) by negotiating
   TLS using the PCEP StartTLS message exchange.  This document
   specifies a deployment profile for PCEP in which TLS is initiated
   immediately following TCP connection establishment based on local
   policy.

   This document is intended to simplify deployments where secure
   transport is mandatory.",https://datatracker.ietf.org/doc/draft-ali-pce-implicit-tls-profile/,2026-07-27,
draft-alsahati-nhp-sba-nhp-protocol-01,draft-alsahati-nhp-sba-nhp-protocol,1,new-draft,adjacent_watchlist,ignored_after_review,2,none,Network Hiding Protocol (NHP) Extensions for 5G/6G Service-Based Architectures,"This document specifies a candidate implementation profile and
   extension to the evolving Network Hiding Protocol (NHP) standards,
   designed specifically for autonomous 5G/6G Service-Based
   Architectures (NHP-SBA).  It defines the payload schemas,
   cryptographic bindings, and state machine workflows necessary to
   address Policy Enforcement Point (PEP) interoperability surfaces in
   heterogeneous telecom environments.  By leveraging zero-copy
   FlatBuffers serialization and HTTP/2 Custom Frame Extensions, NHP-SBA
   enables deterministic, ultra-low-latency safety enforcement for
   agent-driven RF control loops.",https://datatracker.ietf.org/doc/draft-alsahati-nhp-sba-nhp-protocol/,2026-07-27,
draft-altanai-moq-relay-geocode-01,draft-altanai-moq-relay-geocode,1,new-draft,ignored_after_review,ignored_after_review,0,none,Geographic Location for Media over QUIC Relays,"This document defines a mechanism for Media over QUIC (MoQ) relays to
   advertise their geographic location (geocode) and related path
   metrics.  Some clients require their media data to remain locally or
   geo-fenced within specific jurisdictions for privacy and security
   compliance (e.g., GDPR, HIPAA, or sector-specific regulations).  This
   mechanism enables service providers to track the geographic path of
   media packets through the relay mesh and to enforce geo-fencing
   policies.  It supports Geo-Distributed Orchestration and Routing
   (GDOR), data residency compliance, latency optimization, and relay
   selection.  The specification includes optional IATA airport codes as
   human-readable geographic identifiers for major relay locations.",https://datatracker.ietf.org/doc/draft-altanai-moq-relay-geocode/,2026-07-27,
draft-ambekar-oauth-epop-03,draft-ambekar-oauth-epop,3,new-draft,read_now,authorization,14,none,JSON Web Token (JWT) Profile for OAuth 2.0 Enveloped Proof of Possession (EPOP),"This specification defines a profile for OAuth 2.0 sender-constrained
   credentials in which access tokens and refresh tokens are
   cryptographically bound to the client's private key as a single
   inseparable envelope.  Authorization code flows are also covered: the
   client declares its public key binding via cnf.jkt in the EPOP token
   presented at the token endpoint, ensuring the authorization code can
   only be exchanged by the key-holding client; the code itself travels
   as the standard code form parameter.  Unlike existing mechanisms,
   EPOP provides proof-of-possession uniformly across both JWT and
   opaque access tokens, and across HTTP and non-HTTP transports.  The
   profile extends sender-constraining beyond HTTP to non-HTTP
   transports including MQTT, Kafka, the Model Context Protocol (MCP),
   gRPC, and SASL-based protocols such as those defined in [RFC7628].
   It introduces atomic proof-of-possession key rotation, enabling
   clients to rotate key pairs without disrupting active sessions, and
   an offline-derived client nonce (cnonce) that eliminates the server-
   issued nonce round-trip required by existing mechanisms — enabling
   stateless proof validation critical for non-HTTP and high-throughput
   deployments.  Authorization servers, resource servers, and clients
   from different vendors can implement this profile interoperably.",https://datatracker.ietf.org/doc/draft-ambekar-oauth-epop/,2026-07-27,
draft-bdnr-rats-trustworthy-credentials-02,draft-bdnr-rats-trustworthy-credentials,2,new-draft,read_now,trust_infrastructure,9,none,Trustworthy Enrollment of Secure Credentials,"There is a large class of ""RATS-Unaware"" Relying Parties (RUPs) that
   Attesters nevertheless need to interoperate with.  Existing deployed
   services, which precede the introduction of Remote Attestation, are
   often difficult to change/update in significant ways due to, among
   other reasons, organizational friction, technological inertia, and
   regulatory policies.  Yet there are significant advantages if
   workloads can be incrementally updated in the trustworthiness of the
   platform, without disrupting their clients and servers.

   This document details a protocol by which Remote Attestattion of
   Attesters is incorporated into the process of them being provided
   with Identity Documents (keys or credentials) to authenticate to
   RUPs.

   This specification illustrates how the RATS Architecture can be
   applied to interoperate with RUPs by providing Attesters with such
   Identity Documents.",https://datatracker.ietf.org/doc/draft-bdnr-rats-trustworthy-credentials/,2026-07-27,
draft-becker-cnsa2-ssh-profile-05,draft-becker-cnsa2-ssh-profile,5,new-draft,ignored_after_review,ignored_after_review,0,none,Commercial National Security Algorithm (CNSA) Suite 2.0 Profile for SSH,"This document defines a base profile of SSH for use with the US
   Commercial National Security Algorithm (CNSA) 2.0 Suite, a
   cybersecurity advisory published by the United States Government
   which outlines quantum-resistant cryptographic algorithm policy for
   US national security applications.

   This profile applies to the capabilities, configuration, and
   operation of all components of US National Security Systems that
   employ SSH.  It is also appropriate for all other U.S.  Government
   systems that process high-value information.

   This memo is not an IETF standard, and has not been shown to have
   IETF community consensus.  This profile is made publicly available
   for use by developers and operators of these and any other system
   deployments.",https://datatracker.ietf.org/doc/draft-becker-cnsa2-ssh-profile/,2026-07-27,
draft-besleaga-sustainability-wellknown-04,draft-besleaga-sustainability-wellknown,4,new-draft,adjacent_watchlist,adjacent_watchlist,3,none,The 'sustainability-data' Well-Known URI,"This document defines the ""sustainability-data"" well-known URI.  This
   URI provides a uniform, out-of-band convention for web servers and
   digital services to publish aggregated environmental impact, energy
   consumption, and carbon footprint metrics for a declared reporting
   subject -- typically the publishing origin itself.

   By utilizing an asynchronous reporting model, this approach allows
   for transparent environmental accounting without the bandwidth and
   energy overhead associated with per-request HTTP headers.",https://datatracker.ietf.org/doc/draft-besleaga-sustainability-wellknown/,2026-07-27,
draft-boone-prompt-uri-scheme-01,draft-boone-prompt-uri-scheme,1,new-draft,read_now,core_identity,14,none,The 'prompt' URI Scheme for AI Agent Sessions and Prompts,"This document defines the prompt Uniform Resource Identifier (URI)
   scheme for identifying prompts within AI agent sessions.  A prompt
   URI encodes the agent identity, session identifier, and a timestamp
   sufficient to locate the originating prompt within an agent session
   log.  The scheme is intended for use in provenance records, audit
   trails, and cross-agent references where a human-readable, stable
   locator for a prompt interaction is required.

   This document also addresses the conditions under which multiple URIs
   MAY resolve to the same prompt and the conditions under which a
   single URI MAY be ambiguous with respect to the prompt it identifies.",https://datatracker.ietf.org/doc/draft-boone-prompt-uri-scheme/,2026-07-27,
draft-brown-epp-deleg-02,draft-brown-epp-deleg,2,new-draft,ignored_after_review,ignored_after_review,0,none,Extensible Provisioning Protocol (EPP) mapping for DELEG records,"This document describes an extension to the Extensible Provisioning
   Protocol ([STD69]) which allows clients to provision DELEG records
   for domain names.

About this draft

   This note is to be removed before publishing as an RFC.

   The source for this draft, and an issue tracker, may can be found at
   https://github.com/gbxyz/epp-deleg-extension.",https://datatracker.ietf.org/doc/draft-brown-epp-deleg/,2026-07-27,
draft-burls-mtac-00,draft-burls-mtac,0,new-draft,read_now,authorization,18,none,Merkle Tree Agent Certificates (MTAC): Batch-Issued Post-Quantum Identity Credentials for AI Agents,"This document specifies Merkle Tree Agent Certificates (MTAC), a
   credential format and issuance profile in which a certificate
   authority commits a batch of AI agent identity credentials to a
   Merkle tree, signs only the tree head with the post-quantum signature
   algorithm ML-DSA-65, and distributes a per-credential inclusion
   proof.  A relying party verifies a credential offline against the
   signed tree head without contacting the issuer.  Each batch root is
   additionally co-signed by an independently keyed witness, providing
   per-batch integrity and continuity attestation, and its root can be
   corroborated against an independent public record.

   MTAC defines the leaf structure, its deterministic encoding, the leaf
   hash preimage, the signed tree head wire format, the witness co-
   signature, and an optional challenge-response proof of possession
   that binds a credential to a holder key.  Test vectors are provided.
   This document specifies a credential issuance and verification
   mechanism.  Declared scopes carried in a credential are self-reported
   parameters recorded at issuance; this document does not specify a
   runtime authorization mechanism.",https://datatracker.ietf.org/doc/draft-burls-mtac/,2026-07-27,
draft-bzb-rats-intel-poe-endorsements-01,draft-bzb-rats-intel-poe-endorsements,1,new-draft,read_now,trust_infrastructure,14,none,A CoRIM Profile for Intel Platform Ownership Endorsements (POE),"A Platform Ownership Endorsement (POE) is a signed statement that a
   specific Intel confidential-computing platform instance, identified
   by its Platform Instance Identity (PIID), belongs to a named owner.
   POEs let a Verifier bind the attested hardware identity from an Intel
   SGX or TDX platform to an operational owner (e.g., a Cloud Service
   Provider) during appraisal, giving a Relying Party a trustworthy
   owner identity -- without trusting the attestation service or any in-
   band claim from the platform itself.

   This document defines POE as a profile of the IETF Concise Reference
   Integrity Manifest (CoRIM) data model.",https://datatracker.ietf.org/doc/draft-bzb-rats-intel-poe-endorsements/,2026-07-27,
draft-caini-dtn-quiccl-01,draft-caini-dtn-quiccl,1,new-draft,ignored_after_review,ignored_after_review,0,none,Delay-Tolerant Networking QUIC Convergence Layer Protocol Version 1,"This document describes a QUIC convergence layer (QUICCL) for Delay-
   Tolerant Networking (DTN).  QUICCL uses BPv7 bundles encoded by the
   Concise Binary Object Representation (CBOR) as its service data unit
   being transported and makes use of either QUIC streams (RFC 9001) or
   QUIC datagrams (RFC 9221) to transport such bundles.  QUICCL design
   is largely based on TCPCLv4 specification (RFC9174), with three
   significant differences.  First, as QUIC incorporates TLS security,
   all security related parts of TCPCLv4 were dropped.  Second, QUICCL
   provides two new transport services, notified and unreliable, in
   addition to the reliable service; Third, in the reliable service, by
   taking advantage of QUIC streams, four levels of priority are
   offered.",https://datatracker.ietf.org/doc/draft-caini-dtn-quiccl/,2026-07-27,
draft-carpenter-anima-grasp-rendezvous-01,draft-carpenter-anima-grasp-rendezvous,1,new-draft,monitor,core_identity,5,none,Using GRASP as an Agent Rendezvous Mechanism,"This document describes how the GeneRic Autonomic Signaling Protocol
   (GRASP) defined by RFC 8990 may be used as a rendezvous mechanism for
   one Autonomic Service Agent to find another, and then to establish a
   generic communication channel between them.  Such a channel could be
   used for any form of agent-to-agent communication, not limited to
   GRASP exchanges.  This document updates RFC 8990 by adding a
   transport identifier registry.",https://datatracker.ietf.org/doc/draft-carpenter-anima-grasp-rendezvous/,2026-07-27,
draft-carpenter-anima-otp-casa-00,draft-carpenter-anima-otp-casa,0,new-draft,adjacent_watchlist,core_identity,3,none,One-time Pad for Authorizing Device Identity,"This document describes how devices joining an autonomic control
   plane as defined in RFC 8994 may use the bootstrapping mechanism
   defined in RFC 8995 even if they cannot use a manufacturer-installed
   X.509 certificate.  Instead, such devices may generate a self-signed
   certificate embedding a unique token selected from a one-time pad.",https://datatracker.ietf.org/doc/draft-carpenter-anima-otp-casa/,2026-07-27,
draft-cassen-vrrp-auth-hmac-01,draft-cassen-vrrp-auth-hmac,1,new-draft,adjacent_watchlist,core_identity,3,none,An HMAC Authentication Extension for the Virtual Router Redundancy Protocol (VRRP),"VRRP relies on a hop limit of 255 to prove that an advertisement came
   from the local link.  That guard cannot apply when advertisements
   travel as multi-hop unicast across a routed or overlay network, as is
   common in cloud deployments, leaving the protocol open to off-segment
   injection and replay.  The legacy VRRPv2 authentication types do not
   close this gap and were removed from later VRRP specifications.  This
   document defines an authentication extension that appends an HMAC-
   SHA256 trailer and a time-based sequence number to VRRPv3
   advertisements, authenticating the sender as a holder of the group
   key, protecting message integrity and bounding replay, for both IP
   address families.  The extension is the primary defense where the
   hop-limit check cannot apply, and defense in depth for multicast and
   single-hop unicast, where that check remains in force.",https://datatracker.ietf.org/doc/draft-cassen-vrrp-auth-hmac/,2026-07-27,
draft-cel-nfsv4-rpc-over-quicv1-06,draft-cel-nfsv4-rpc-over-quicv1,6,new-draft,ignored_after_review,ignored_after_review,0,none,Remote Procedure Call over QUIC Version 1,"This document specifies a protocol for conveying Remote Procedure
   (RPC) messages via QUIC version 1 connections.  It requires no
   revision to application RPC protocols or the RPC protocol itself.",https://datatracker.ietf.org/doc/draft-cel-nfsv4-rpc-over-quicv1/,2026-07-27,
draft-cheng-rtgwg-srv6-multihome-egress-protection-12,draft-cheng-rtgwg-srv6-multihome-egress-protection,12,new-draft,ignored_after_review,ignored_after_review,0,rtgwg,SRv6 Egress Protection in Multi-homed scenario,"This document describes a SRv6 egress node protection mechanism in
   multi-homed scenarios.",https://datatracker.ietf.org/doc/draft-cheng-rtgwg-srv6-multihome-egress-protection/,2026-07-27,
draft-chueayen-attestation-receipts-01,draft-chueayen-attestation-receipts,1,new-draft,read_now,trust_infrastructure,8,none,Enforcement Attestation Receipts for AI Inference Decisions,"This document specifies a compact JSON attestation receipt for an AI
   inference decision.  A receipt binds an outcome to a request hash
   under a published Ed25519 public key, so a party that does not trust
   the issuer's infrastructure can still verify offline what was
   decided.  The format is intentionally small and version-selected, so
   independent verifiers stay easy to implement and audit.  It is
   intended for settings where an operator-controlled log is not, on its
   own, sufficient evidence of the decision.",https://datatracker.ietf.org/doc/draft-chueayen-attestation-receipts/,2026-07-27,
draft-crocker-dnsop-dnssec-algorithm-lifecycle-04,draft-crocker-dnsop-dnssec-algorithm-lifecycle,4,new-draft,ignored_after_review,ignored_after_review,0,none,Documenting and Managing DNSSEC Algorithm Lifecycles,"Cryptographic algorithms go through multiple phases during their
   lifetime: experimental, adopted, generally available, in mainstream
   use, phasing out, deprecated, and obsoleted.  This document defines
   phases for algorithm deployment lifecycles within DNSSEC, and
   criteria that the IETF and/or other Standards Development
   Organizations are encouraged to use when moving an algorithm from one
   phase to the next.",https://datatracker.ietf.org/doc/draft-crocker-dnsop-dnssec-algorithm-lifecycle/,2026-07-27,
draft-cxx-ippm-ioamaggr-06,draft-cxx-ippm-ioamaggr,6,new-draft,ignored_after_review,ignored_after_review,0,none,"Aggregation Trace Option for In-situ Operations, Administration, and Maintenance (IOAM)","The purpose of this memo is to describe a new option type for In-Situ
   Operations, Administration, and Maintenance (IOAM).  This option type
   allows to aggregate IOAM data along a network path.  Aggregates
   include functions such as the sum, average, minimum, or maximum of a
   given data parameter.",https://datatracker.ietf.org/doc/draft-cxx-ippm-ioamaggr/,2026-07-27,
draft-denis-dprive-dnscrypt-11,draft-denis-dprive-dnscrypt,11,new-draft,ignored_after_review,ignored_after_review,0,none,The DNSCrypt Protocol,"The DNSCrypt protocol is designed to encrypt and authenticate DNS
   traffic between clients and resolvers.

   This document specifies the protocol and its implementation,
   providing a standardized approach to securing DNS communications.

   DNSCrypt improves confidentiality, integrity, and resistance to
   attacks affecting the original DNS protocol while maintaining
   compatibility with existing DNS infrastructure.",https://datatracker.ietf.org/doc/draft-denis-dprive-dnscrypt/,2026-07-27,
draft-dikshit-bess-evpn-fhs-scoped-sync-01,draft-dikshit-bess-evpn-fhs-scoped-sync,1,new-draft,ignored_after_review,ignored_after_review,0,none,Scoped Sync for EVPN First-Hop-Security DHCP Snoop Routes,"[I-D.ietf-bess-evpn-first-hop-security] defines a new EVPN Route
   Type, the DHCP Snoop Route (DSR), to synchronize DHCP snoop
   MAC/IP bindings across EVPN Provider Edge (PE) devices so that
   First Hop Security (FHS) functions such as Dynamic ARP Inspection,
   Neighbor Discovery Inspection, and IPv4/IPv6 Source Guard continue
   to operate correctly across EVPN multihoming and host mobility
   events.  As specified, a DSR is distributed to every PE
   participating in the EVPN Broadcast Domain (BD) in which it was
   learned.  In deployments where a single EVPN BD spans many
   geographically or administratively distinct fabrics interconnected
   over a WAN, this ""flood to the whole BD"" behavior distributes
   client IP/MAC binding information -- and therefore knowledge of
   which hosts exist behind which access switches -- well beyond the
   set of fabrics that actually need it for FHS purposes.  This
   document defines a Sync-Scope Extended Community that an
   originating PE MAY attach to a DSR to restrict its distribution to
   an explicitly identified subset of participating fabrics, and
   specifies the associated PE processing rules.",https://datatracker.ietf.org/doc/draft-dikshit-bess-evpn-fhs-scoped-sync/,2026-07-27,
draft-dikshit-grow-bmp-rd-scoped-rib-stats-00,draft-dikshit-grow-bmp-rd-scoped-rib-stats,0,new-draft,ignored_after_review,ignored_after_review,0,none,Route-Distinguisher-Scoped BMP RIB Statistics,"[RFC7854] defines the BGP Monitoring Protocol (BMP) and its
   Statistics Report message.  [I-D.ietf-grow-bmp-bgp-rib-stats]
   (published as [RFC9972]) extended that message with a set of
   advanced, per-AFI/SAFI BGP RIB statistics types.  Several ongoing
   individual contributions independently define additional per-
   address-family, per-instance, or per-Route-Distinguisher (RD)
   statistics on top of that base (for example, EVPN-specific RIB
   statistics and VRF Loc-RIB monitoring enhancements), each proposing
   its own ad hoc Stat Data encoding.

   This document defines a single, address-family-agnostic Stat Data
   container -- the ""RD-Scoped Statistics"" format -- for BMP
   statistics that are naturally scoped below the per-AFI/SAFI level,
   to a specific Route Distinguisher (VRF instance, EVPN Instance,
   MVPN instance, or equivalent).  Address-family-specific documents,
   such as EVPN-specific BMP RIB statistics, are expected to become
   thin ""profiles"" of this container rather than defining their own
   wire format, reducing duplication and Stat Type registry
   fragmentation across the GROW working group's BMP statistics work.",https://datatracker.ietf.org/doc/draft-dikshit-grow-bmp-rd-scoped-rib-stats/,2026-07-27,
draft-dikshit-tiptop-oam-considerations-00,draft-dikshit-tiptop-oam-considerations,0,new-draft,ignored_after_review,ignored_after_review,0,none,Network Management and OAM Considerations for IP in Deep Space,"[I-D.ietf-tiptop-usecase] and [I-D.ietf-tiptop-ip-architecture]
   describe key characteristics, use cases, requirements, and an IP
   architecture for deep-space (lunar, Mars, and beyond) surface and
   orbital-relay networking, characterized by long, variable,
   asymmetric propagation delay (single-digit to tens of minutes
   one-way), scheduled/intermittent connectivity windows, and severely
   constrained link capacity.  Neither document currently addresses
   Operations, Administration, and Maintenance (OAM): fault detection,
   performance measurement, and reachability verification.

   This document identifies why conventional terrestrial OAM
   techniques (active round-trip probing such as ICMP Echo, BFD, or
   TWAMP; assumption of continuous connectivity) do not transfer
   directly to this environment, and proposes candidate adapted
   approaches -- passive, store-and-forward telemetry batched to
   contact windows; on-board local health self-diagnosis with delayed
   reporting; and confidence-interval-based reachability assessment in
   place of binary up/down status -- as a starting point for OAM
   discussion within the TIPTOP working group.  This document
   explicitly does not propose use of the Bundle Protocol or DTN
   architecture, both of which are out of scope for TIPTOP per its
   charter; where CCSDS space-data-system telemetry conventions are
   mentioned, it is as informative background only.",https://datatracker.ietf.org/doc/draft-dikshit-tiptop-oam-considerations/,2026-07-27,
draft-dimare-ans-protocol-registry-00,draft-dimare-ans-protocol-registry,0,new-draft,read_now,core_identity,10,none,An IANA Registry for Agent Name Service (ANS) Protocol Identifiers,"The Agent Name Service (ANS), described in draft-narajala-courtney-
   ansv2, identifies the interaction protocol an agent speaks by a
   protocol identifier carried in the ""p"" field of the agent's ""_ans""
   DNS record and Trust Card.  ANS defines the values ""a2a"", ""mcp"", and
   ""http"" by enumeration, and its IANA Considerations create no
   registry, leaving no interoperable procedure for adding a new
   protocol identifier.  This document requests that IANA create an ""ANS
   Protocol Identifiers"" registry, registers the values already in use,
   and registers ""pay"" as the protocol identifier for agent payment.",https://datatracker.ietf.org/doc/draft-dimare-ans-protocol-registry/,2026-07-27,
draft-dkg-openpgp-external-secrets-03,draft-dkg-openpgp-external-secrets,3,new-draft,ignored_after_review,ignored_after_review,0,none,OpenPGP External Secret Keys,"This document defines a standard wire format for indicating that the
   secret component of an OpenPGP asymmetric key is stored externally,
   for example on a hardware device or other comparable subsystem.",https://datatracker.ietf.org/doc/draft-dkg-openpgp-external-secrets/,2026-07-27,
draft-doehle-company-certs-discovery-00,draft-doehle-company-certs-discovery,0,new-draft,adjacent_watchlist,adjacent_watchlist,3,none,A Well-Known URI for Discovery of Application-Specific Trust Anchors,"This document defines the ""company-certs"" well-known URI in
   accordance with Request for Comments (RFC) 8615.  The URI provides a
   JSON metadata document that allows an organization to publish
   application-specific trust anchors and related revocation information
   for use by consuming applications.  The mechanism is intended for
   scoped trust bootstrapping, such as S/MIME, mutual TLS, or other
   application-local trust decisions, without modifying the global
   operating system trust store.",https://datatracker.ietf.org/doc/draft-doehle-company-certs-discovery/,2026-07-27,
draft-dohmeyer-chainsync-04,draft-dohmeyer-chainsync,4,new-draft,ignored_after_review,ignored_after_review,0,none,ChainSync: A Synchronization Protocol for Strict Sequential Execution in Linear Distributed Pipelines,"ChainSync is a lightweight application-layer protocol that runs over
   reliable TCP connections to synchronize a fixed linear chain of
   distributed processes such that they execute their local tasks in
   strict sequential order and only after every process in the chain has
   confirmed it is ready.  The protocol has four phases: 1) a forward
   ""readiness"" wave, 2) a backward ""start"" wave, 3) a forward
   ""execution"" wave, and 4) a backward exit wave.

   The design guarantees strict ordering even when nodes become ready at
   very different times and requires only point-to-point TCP connections
   along the chain, thus no central coordinator is needed.",https://datatracker.ietf.org/doc/draft-dohmeyer-chainsync/,2026-07-27,
draft-eckert-ietf-and-energy-overview-13,draft-eckert-ietf-and-energy-overview,13,new-draft,ignored_after_review,ignored_after_review,0,none,"An Overview of Energy-related Efforts and Impact of the IETF, IRTF, and IAB","This memo provides a compilation of existing work performed by or
   proposed within the IETF, the IRTF, and the IAB that relates to
   energy and sustainability: awareness, management, control, or
   reduction of energy consumption, together with the impact of that
   work on energy.

   The principal goal of this document is to help IETF, IRTF, and IAB
   participants, especially newcomers and future contributors, become
   familiar with the body of work already published on energy-related
   topics, serving as the first consolidated catalog of such efforts.

   In addition, the document raises awareness of the Internet's role in
   energy efficiency and energy-related activities within the IETF,
   IRTF, and IAB more broadly.  As a reference rather than a guide, it
   may help readers identify gaps and areas where further work could be
   pursued, without this document itself directing or recommending any
   such work.  The scope of this document includes selected work from
   the IETF, IRTF, and IAB where relevant, and it is descriptive in
   nature, not proposing new work items.

   This document captures work until December 2022, when the ""IAB
   workshop on Environmental Impact of Internet Applications and
   Systems"" contextualized renewed community interest and discussion of
   the topic.  This memo itself does not recommend or direct future
   work.",https://datatracker.ietf.org/doc/draft-eckert-ietf-and-energy-overview/,2026-07-27,
draft-editorial-rswg-mathinrfcs-02,draft-editorial-rswg-mathinrfcs,2,new-draft,ignored_after_review,ignored_after_review,0,none,Mathematical notation in RFCs,"This document defines policy and allows new technology for the
   representation of mathematical notation in RFCXML and relevant
   publication formats.  After implementation of this policy, the chosen
   mathematical notation should be used in RFCXML and the HTML
   publication format.",https://datatracker.ietf.org/doc/draft-editorial-rswg-mathinrfcs/,2026-07-27,
draft-etcheverry-action-ref-02,draft-etcheverry-action-ref,2,new-draft,read_now,core_identity,8,none,Action Reference: A Deterministic Identifier for Agent Actions,"This document defines ""action_ref"", a deterministic, content-
   addressed identifier for autonomous agent actions.  Any party holding
   the four preimage fields (agent_id, action_type, scope, timestamp)
   can independently compute and verify the identifier without trusting
   the emitting system.  The document specifies the derivation
   algorithm, canonical serialization using RFC 8785 JSON
   Canonicalization Scheme (JCS), timestamp format requirements,
   canonical receipt envelope, optional fields for revocation and policy
   rotation auditability, scope conventions, and a composability model
   with existing exactly-once execution guarantees.",https://datatracker.ietf.org/doc/draft-etcheverry-action-ref/,2026-07-27,
draft-fane-ai-safety-txt-01,draft-fane-ai-safety-txt,1,new-draft,monitor,adjacent_watchlist,4,none,The ai-safety.txt Domain AI Safety Declaration,"This document defines ai-safety.txt, a plain-text declaration format
   that a domain publishes at a well-known location to communicate its
   AI-safety posture to autonomous agents and agent-driven browsers.
   Modeled on the robots.txt convention, an ai-safety.txt file lets a
   domain assert, in a machine-readable form, whether its content is
   authored by the domain rather than user-generated, whether that
   content is hardened against prompt injection, and whether it is
   rendered consistently to human and agent user agents.  The file also
   carries a security contact, a link to an external verification
   record, and the date the declaration was last verified.

   The declarations in an ai-safety.txt file are self-asserted by the
   publishing domain.  This document specifies the file format and its
   well-known location, and it is explicit that a consuming agent treats
   a declaration as a hint rather than as proof, verifying it against
   independent evidence where such evidence is available.",https://datatracker.ietf.org/doc/draft-fane-ai-safety-txt/,2026-07-27,
draft-fane-opena2a-aap-01,draft-fane-opena2a-aap,1,new-draft,read_now,core_identity,28,none,OpenA2A Agent Authorization Protocol (AAP),"This document defines the OpenA2A Agent Authorization Protocol (AAP),
   a protocol for authorization in AI agent systems.  AAP provides
   mechanisms for agent identity assertion, scoped capability grants,
   cross-agent delegation, behavioral attestation, cross-organizational
   federation, and revocation propagation.  AAP is the authorization
   complement to agent communication protocols such as A2A and the Model
   Context Protocol, in the same way that OAuth 2.0 complements HTTP for
   web applications.

   AAP has two layers.  The token model, defined in this document,
   specifies the AAP credentials and assertions: what they contain, how
   they are signed, and how they are verified.  A companion broker and
   resolution layer specifies how an agent obtains and exercises a grant
   without the credential value ever entering the agent's reasoning
   context.  This confinement property, that no secret, temporary
   credential, or backend identifier reaches the agent or the model
   behind it, is the primary design goal of the protocol.",https://datatracker.ietf.org/doc/draft-fane-opena2a-aap/,2026-07-27,
draft-fane-opena2a-aip-01,draft-fane-opena2a-aip,1,new-draft,read_now,adjacent_watchlist,26,none,OpenA2A Agent Identity Protocol (AIP),"This document defines the OpenA2A Agent Identity Protocol (OpenA2A
   AIP), an open standard for creating, managing, and verifying
   cryptographic identities for AI agents.  As AI agents proliferate
   across browsers, cloud platforms, and enterprise environments,
   systems need a standardized answer to the question of which agent is
   present, what it is permitted to do, and whether it should be
   trusted.

   OpenA2A AIP is distinguished by five elements that it places at the
   center of the design: a multi-factor behavioral trust score that is
   computed from independently verifiable signals; a portable signed
   credential, the Agent Trust eXtension, carrying a hybrid Ed25519 and
   ML-DSA-65 signature for post-quantum readiness; an append-only, RFC
   9162-style Merkle transparency log for identity and credential
   issuance; agent identifiers expressed as W3C Decentralized
   Identifiers under the did:opena2a method; and a structured capability
   vocabulary with reserved namespaces.  On top of these, the protocol
   specifies challenge-response verification, behavioral governance
   policies, a lifecycle model, and an append-only audit log.

   The qualifier ""OpenA2A AIP"" is used throughout this document because
   the abbreviation ""AIP"" is shared by other Internet-Drafts.  OpenA2A
   AIP is framed as complementary to agent communication protocols such
   as A2A and the Model Context Protocol, and to identity and credential
   standards such as OpenID Connect, WebAuthn, and the W3C Verifiable
   Credentials Data Model.",https://datatracker.ietf.org/doc/draft-fane-opena2a-aip/,2026-07-27,
draft-farrel-dawn-terminology-04,draft-farrel-dawn-terminology,4,new-draft,monitor,agent_identity,6,none,"Terminology for the Discovery of Agents, Workloads, and Named Entities (DAWN)","The proliferation of distributed systems, Artificial Intelligence
   (AI) agents, cloud workloads, and network services has created a need
   for interoperable mechanisms to discover entities.  Entities may
   include AI agents, software services, compute workloads, and other
   named resources that need to be found and characterised before
   interaction can begin.

   This document defines terminology for Discovery of Agents, Workloads,
   and Named Entities (DAWN).  The intention is that this common set of
   terms can be used by other documents related to DAWN and so achieve
   consistency of meaning across the space.",https://datatracker.ietf.org/doc/draft-farrel-dawn-terminology/,2026-07-27,
draft-fassbender-scitt-time-anchor-03,draft-fassbender-scitt-time-anchor,3,new-draft,read_now,trust_infrastructure,9,none,Bitcoin-Anchored Temporal Proof for Transparency Services,"This document defines a mechanism for temporal anchoring of digital
   artifacts by committing cryptographic hashes to the Bitcoin
   blockchain via the OpenTimestamps protocol.  The resulting proof is
   independently verifiable by any party with access to independently
   validated Bitcoin chain data, without contacting the anchoring
   service.  The SCITT Architecture is used as the primary integration
   example.  No changes to the SCITT architecture are required.",https://datatracker.ietf.org/doc/draft-fassbender-scitt-time-anchor/,2026-07-27,
draft-ferro-apertomemory-02,draft-ferro-apertomemory,2,new-draft,read_now,verifiable_claims,11,none,"The ApertoMemory Format: Portable, Client-Side-Encrypted AI Memory","AI assistants and agents accumulate long-term memory about their
   users.  This memory is typically stored in proprietary, provider-held
   silos: it cannot be moved between tools, its integrity cannot be
   verified, and its confidentiality depends entirely on the provider.
   This document specifies the ApertoMemory format: a canonical, signed,
   client-side-encrypted representation of AI memory objects, together
   with a portable single-file export container.  Memory objects are
   encoded in deterministic CBOR, signed with COSE_Sign1, and encrypted
   with COSE_Encrypt0 under keys derived from and controlled by the
   user.  A storage or synchronisation server handling ApertoMemory
   objects has zero access to their content, authorship, or semantic
   timestamps.

   This revision specifies format_version 2, which cryptographically
   binds every signature to the author it claims and to the cleartext
   envelope around it, and derives trust from which key verified an
   object rather than from a declared field. format_version 1, described
   by earlier revisions of this document, carries a known forgeable-
   provenance defect and MUST NOT be implemented for new deployments.",https://datatracker.ietf.org/doc/draft-ferro-apertomemory/,2026-07-27,
draft-fossati-tls-attestation-10,draft-fossati-tls-attestation,10,new-draft,adjacent_watchlist,trust_infrastructure,3,none,Using Attestation in Transport Layer Security (TLS) and Datagram Transport Layer Security (DTLS),"This draft has been withdrawn.

About This Document

   This note is to be removed before publishing as an RFC.

   Status information for this document may be found at
   https://datatracker.ietf.org/doc/draft-fossati-tls-attestation/.

   Source for this draft and an issue tracker can be found at
   https://github.com/yaronf/draft-tls-attestation.",https://datatracker.ietf.org/doc/draft-fossati-tls-attestation/,2026-07-27,
draft-gandhi-ippm-stamp-mpls-hdr-08,draft-gandhi-ippm-stamp-mpls-hdr,8,new-draft,ignored_after_review,ignored_after_review,0,none,Simple Two-Way Active Measurement Protocol (STAMP) Extensions for Reflecting STAMP Packet MPLS Network Action Headers,"The Simple Two-Way Active Measurement Protocol (STAMP) and its
   optional extensions can be used for Edge-to-Edge (E2E) active
   measurements.  In Situ Operations, Administration, and Maintenance
   (IOAM) data fields can be used for recording and collecting Hop-by-
   Hop (HBH) and E2E operational and telemetry information.  This
   document extends STAMP to reflect MPLS Network Action Sub-Stacks and
   Post-Stack MPLS Headers, for HBH and E2E active measurements, for
   example, using the IOAM data fields.",https://datatracker.ietf.org/doc/draft-gandhi-ippm-stamp-mpls-hdr/,2026-07-27,
draft-gandhi-pce-ber-02,draft-gandhi-pce-ber,2,new-draft,ignored_after_review,ignored_after_review,0,none,Extensions to the Path Computation Element Communication Protocol (PCEP) for Utilizing Link Bit Error Rate (BER) Metric,"Networks may experience transmission bit errors due to various
   factors, such as poor fiber quality.  The Path Computation Element
   Communication Protocol (PCEP) provides mechanisms for Path
   Computation Elements (PCEs) to perform path computations in response
   to Path Computation Client (PCC) requests.  This document describes
   the extensions to PCEP to include link Bit Error Rate (BER) metric as
   a constraint for end-to-end path computation.  The PCEP extension
   utilize link BER metric advertisements defined for IS-IS and OSPF in
   draft-gandhi-lsr-ber.",https://datatracker.ietf.org/doc/draft-gandhi-pce-ber/,2026-07-27,
draft-gandhi-pce-pm-14,draft-gandhi-pce-pm,14,new-draft,ignored_after_review,ignored_after_review,0,none,PCEP Extensions for Performance Measurement for SR-TE and MPLS-TE LSPs with Stateful PCE,"In certain networks, network performance data such as packet loss,
   delay, and delay variation, as well as bandwidth utilization, are
   critical measures for Traffic Engineering (TE).  These data provide
   operators with the characteristics of their networks for the
   performance evaluation required to provide Service-Level Agreements
   (SLAs).

   Stateful Path Computation Element Communication Protocol (PCEP)
   extensions have been defined for TE LSPs for Segment Routing (SR) and
   RSVP.  This document describes the PCEP extensions for enabling and
   notifying end-to-end performance measurement including liveness
   detection for both PCE-Initiated and PCC-Initiated LSPs for SR-TE
   over MPLS and IPv6 data planes, and MPLS-TE using RSVP to an Active
   Stateful PCE.",https://datatracker.ietf.org/doc/draft-gandhi-pce-pm/,2026-07-27,
draft-geng-acme-sm2dualcert-extension-00,draft-geng-acme-sm2dualcert-extension,0,new-draft,read_now,authorization,12,none,ACME Extension for SM2 Dual-Certificate System,"This document describes the extension of the ACME protocol [RFC8555]
   to support automated issuance of SM2 dual certificates (signature
   certificates and encryption certificates) in the Chinese National
   Cryptography certificate system.  This document does not represent
   IETF consensus; the technical solution is applicable only to PKI
   environments based on an SM2 dual-certificate system.

   Under the framework of the ACME protocol [RFC8555], this document
   proposes using two separate Orders to request the two certificates.
   For the signature certificate, the existing ACME workflow is reused,
   optionally using the standard CSR approach or the pk-01 challenge
   [I-D.geng-acme-public-key].  For the encryption certificate, this
   document defines a new challenge type, auth-01, specifically for
   *identity authorization* scenarios: the client proves possession of
   the *signature private key* to authorize the Key Management Center
   (KMC) to generate an encryption key pair and issue the encryption
   certificate on behalf of the entity.  This challenge type
   intrinsically binds the issuance of the encryption certificate to the
   signature key, requiring no additional binding identifiers.

   All extensions are compatible with the existing ACME resource model.
   No new Order types are introduced.  This document only adds optional
   fields in the client's newOrder request (authKey, includeEnvelope)
   and an additional field in the server's response (envelope), without
   changing the core semantics or state machine of Order.",https://datatracker.ietf.org/doc/draft-geng-acme-sm2dualcert-extension/,2026-07-27,
draft-geng-acme-sm2dualcert-rotation-00,draft-geng-acme-sm2dualcert-rotation,0,new-draft,ignored_after_review,ignored_after_review,0,none,ACME STAR Extension for SM2 Dual-Certificate Automated Key Rotation,"The SM2 dual-certificate system, specified in [GMT.0034-2014],
   employs a dual-certificate architecture in which each entity holds
   both a signature certificate and an encryption certificate.  The
   encryption private key is generated and escrowed by the Key
   Management Center (KMC).

   This document defines an *ACME Profile* that adapts the core protocol
   of [RFC8555] to the specific deployment scenario of SM2 dual-
   certificate management in the ShangMi (SM) ecosystem.  Building upon
   the dual-certificate foundation framework defined in [I-D.geng-acme-
   sm2dualcert-extension], this document defines a STAR extension for
   the ACME protocol that enables *synchronized short-term automatic
   renewal* of SM2 dual certificates.  The signature certificate follows
   [RFC8739] (ACME STAR) for automatic renewal with the same key pair;
   the encryption certificate achieves automated key rotation with a
   fresh key pair per epoch based on *Asynchronous Remote Key Generation
   (ARKG)* [Frymann2020].

   This extension establishes a *unified ARKG seed chain key derivation
   system*: the KMC holds a seed seed_kmc and derives all encryption
   certificate key pairs (pk_i, sk_i) for all epochs via the ARKG
   algorithm, enabling stateless, lightweight KMC operations.  On this
   basis, this extension provides *two private key delivery modes*:

   *  *Mode A (ARKG Envelope Delivery)*: delivers sk_i to the client via
      a digital envelope, fully inheriting the envelope mechanism of the
      base framework.

   *  *Mode B (ARKG Offline DH Derivation)*: the initial private key is
      obtained via envelope delivery; subsequent private keys are
      derived offline by the client, providing key insulation security
      properties.

   Both modes share the same ARKG cryptographic infrastructure,
   differing only in the final delivery mechanism of the private key.
   Deployers may choose according to their requirements, with full
   compatibility and coexistence achieved through ACME directory object
   negotiation.

   *Document Positioning*: This document is intended for the *specific
   SM ecosystem* as a practical guide and interoperability reference,
   and does not seek to become a general Internet standard.",https://datatracker.ietf.org/doc/draft-geng-acme-sm2dualcert-rotation/,2026-07-27,
draft-geng-savnet-inter-domain-spa-03,draft-geng-savnet-inter-domain-spa,3,new-draft,ignored_after_review,ignored_after_review,0,none,Source Prefix Advertisement for Inter-domain SAVNET,"This document proposes a mechanism that enables a Source AS to
   actively advertise their locally observed Customer Cone and prefix
   information to the adjacent Validating AS via a new inter-domain
   message called Source Prefix Advertisement (SPA).  The Validating AS
   then combines this SPA-carried information with local source address
   validation-related information to construct more accurate prefix
   allowlists for interfaces connected to Source ASes.",https://datatracker.ietf.org/doc/draft-geng-savnet-inter-domain-spa/,2026-07-27,
draft-gerke-publication-process-reform-02,draft-gerke-publication-process-reform,2,new-draft,ignored_after_review,ignored_after_review,0,none,Publication Process Reform to prevent misuse of AUTH48 or equivalent states,"This document updates the AUTH48 or equivalent process by introducing
   deterministic state-integrity constraints within the IETF Datatracker
   architecture.  It establishes automated validation milestones and
   explicit access controls to prevent late technical modifications
   after the Working Group Last Call, thereby safeguarding the Rough
   Consensus.

   This document updates RFC 7841.

   RFC 2026bis is updated by this document.",https://datatracker.ietf.org/doc/draft-gerke-publication-process-reform/,2026-07-27,
draft-gondwana-email-header-maintenance-01,draft-gondwana-email-header-maintenance,1,new-draft,ignored_after_review,ignored_after_review,0,none,Maintenance of the IANA Message Header Field Registries,"The IANA ""Message Headers"" registries record, for each registered
   header field, the protocol it belongs to, its status, whether it is a
   trace field, and the document(s) that specify it.  These registries
   were populated incrementally by many documents over more than two
   decades, and the instructions those documents gave to IANA were not
   consistent with one another.  As a result the registries no longer
   present a reliable picture of the relative status or usage of the
   fields they contain: fields of equal standing carry different status
   values, foundational fields appear less classified than minor ones,
   the ""trace"" property is recorded for only a fraction of the fields
   whose defining documents describe them as trace fields, and the
   reference column frequently points at a later registration document
   rather than at the document that actually defines or updates the
   field.  This reduces the value of the metadata to the point where a
   reader cannot use it to reason about a field with confidence.

   This document reviews the initial definition of, and every subsequent
   update to, each registered header field, and gives IANA a single,
   coherent set of instructions for correcting each registry entry.
   Every recommended change, and every deliberate decision to leave a
   non-obvious entry unchanged, is justified by reference to the clear
   intent of the authors of the source documents in which the field was
   defined or modified.",https://datatracker.ietf.org/doc/draft-gondwana-email-header-maintenance/,2026-07-27,
draft-google-cfrg-libzk-02,draft-google-cfrg-libzk,2,new-draft,adjacent_watchlist,ignored_after_review,2,none,Longfellow ZK,"This document defines an algorithm for generating and verifying a
   succinct non-interactive zero-knowledge argument that for a given
   input x and a circuit C, there exists a witness w, such that C(x,w)
   evaluates to 0.  The technique here combines the MPC-in-the-head
   approach for constructing ZK arguments described in Ligero [ligero]
   with a verifiable computation protocol based on sumcheck for proving
   that C(x,w)=0.",https://datatracker.ietf.org/doc/draft-google-cfrg-libzk/,2026-07-27,
draft-gould-regext-epp-status-set-02,draft-gould-regext-epp-status-set,2,new-draft,read_now,core_identity,9,none,Status Set Extension Mapping for the Extensible Provisioning Protocol,"This document describes an Extensible Provisioning Protocol (EPP)
   extension for the provisioning and management of status sets applied
   to EPP objects, such as the domain name object in RFC 5731.  The EPP
   status values defined in the EPP object mappings, such as Section 2.3
   of RFC 5731, support human-readable text that describes the rationale
   or reason for the status applied to the object.  There can be many
   overlapping reasons for a status value being applied to the object,
   such as implementing a lock service, complying with a court order, or
   addressing domain abuse.  A status set defines an object representing
   the reason for setting a list of status values, so clients and
   servers can manage the status sets in place of individual status
   values to effectively manage the overlapping reasons.  The EPP
   extension supports the provisioning of client status sets, disclosure
   of the server status sets, and an enhanced authorization model for
   client status sets with the EPP Authentication Token in
   [I-D.gould-regext-auth-token].",https://datatracker.ietf.org/doc/draft-gould-regext-epp-status-set/,2026-07-27,
draft-grant-ntp-server-identifier-extension-00,draft-grant-ntp-server-identifier-extension,0,new-draft,adjacent_watchlist,core_identity,3,none,NTP Server Identifier Extension,"This document defines an extension field that allows operators of NTP
   services the ability to provide additional information about their
   services to clients which request it.",https://datatracker.ietf.org/doc/draft-grant-ntp-server-identifier-extension/,2026-07-27,
draft-gravit-gevp-04,draft-gravit-gevp,4,new-draft,read_now,trust_infrastructure,16,none,Gravit Epistemic Verification Protocol (GEVP) v0.1,"Gravit Epistemic Verification Protocol (GEVP) defines minimal data
   types and APIs for autonomous agents and human-machine systems to
   achieve epistemic convergence without centralized truth arbiters.
   GEVP is transport-agnostic, blockchain-agnostic, and model-agnostic.
   This document defines a parameterized cost model where C_validation
   is the cost to verify a Claim's provenance and signatures, and
   C_manipulation is the estimated cost to forge a quorum of
   attestations under GQRVP.  The protocol enforces the engineering
   invariant C_manipulation > C_validation for all accepted Claims.

   This document was previously published as draft-gravit-vcp-00 and -01
   under the acronym VCP (Verifiable Convergence Protocol).  To avoid
   collision with VeritasChain Protocol (VCP) defined in draft-kamimura-
   scitt-vcp [KAMIMURA-VCP], which is a SCITT profile for financial
   trading audit trails first published December 2025, the acronym is
   changed to GEVP from -02 onward.  The two protocols are unrelated and
   address different domains.  The former VCP acronym is deprecated and
   MUST NOT be used for this protocol.

   This revision (-04) archives reproducible trace to Zenodo DOI for
   long-term permanence (addresses GitHub rebase risk), adds Section 3.2
   Authentication Profile (SHOULD did:web, MAY did:key, PoW/stake
   deferred), adds Section 1.2 explicit comparison table with [KAMIMURA-
   VCP], adds Liaison Statement with SCITT WG, adds Implementation
   Status with two independent implementations, retains Informational
   status per RFC track strategy, and retains all normative content from
   -03 Posted 23 Jul 2026.  This revision (-03) removed workgroup tag,
   normalized Godel ASCII.  This revision (-02) pinned commits, added
   confusion matrix, clarified heuristics, defined SCITT mappings, added
   Appendix B.",https://datatracker.ietf.org/doc/draft-gravit-gevp/,2026-07-27,
draft-guo-krb-spake-2fa-02,draft-guo-krb-spake-2fa,2,new-draft,adjacent_watchlist,core_identity,3,none,Kerberos SPAKE with Two-Factor Authentication,"This document defines a new two-factor authentication mechanism for
   the Kerberos SPAKE pre-authentication.  The mechanism uses the time-
   based one-time password (TOTP) as a second factor, and combines it
   with the password factor in a more secure way, which can prevent
   attackers from both impersonating Kerberos clients and obtaining
   TGTs' session keys in case of any factor leakage.",https://datatracker.ietf.org/doc/draft-guo-krb-spake-2fa/,2026-07-27,
draft-gupta-emu-eap-wsim-01,draft-gupta-emu-eap-wsim,1,new-draft,read_now,core_identity,10,none,EAP-WSIM: SIM-Based EAP Authentication for Enterprise Wi-Fi Using the MILENAGE-ML-KEM-FWD Construction,"Enterprise Wi-Fi networks authenticate devices using enterprise
   credentials and provisioning policies that are entirely independent
   of MNO subscriber identity.  As a result, MNO application traffic on
   enterprise Wi-Fi is completely anonymous at the Wi-Fi layer: the
   enterprise cannot identify MNO subscribers, apply per-subscriber QoS,
   or support fast BSS transitions for VoWiFi continuity.

   This document specifies EAP-WSIM, an evolutionary enhancement of EAP-
   AKA' (RFC 9048) that enables MNO devices to authenticate to
   enterprise Wi-Fi using their existing SIM credential (WSIM-Card)
   without contacting the MNO backend during authentication.  A WSIM-
   Authentication Server (WSIM-AS) within the enterprise Wi-Fi
   infrastructure holds MNO-provisioned MASTER KEY material in tamper-
   resistant security hardware.  Per-subscriber MILENAGE key material is
   derived on-demand from the MASTER KEY using the device's IMSI --
   identical in principle to MNO SIM personalization -- entirely within
   the security hardware boundary.  No per-subscriber key provisioning
   at the WSIM-AS is required.",https://datatracker.ietf.org/doc/draft-gupta-emu-eap-wsim/,2026-07-27,
draft-haynes-nfsv4-flexfiles-v2-07,draft-haynes-nfsv4-flexfiles-v2,7,new-draft,ignored_after_review,ignored_after_review,0,none,Parallel NFS (pNFS) Flexible File Layout Version 2,"Parallel NFS (pNFS) allows a separation between the metadata (onto a
   metadata server) and data (onto a storage device) for a file.  The
   Flexible File Version 2 Layout Type is defined in this document as an
   extension to pNFS that allows the use of storage devices that require
   only a limited degree of interaction with the metadata server and use
   already-existing protocols.  Data protection is also added to provide
   integrity.  Both Client-side mirroring and the erasure coding
   algorithms are used for data protection.",https://datatracker.ietf.org/doc/draft-haynes-nfsv4-flexfiles-v2/,2026-07-27,
draft-haynes-nfsv4-flexfiles-v2-proxy-server-03,draft-haynes-nfsv4-flexfiles-v2-proxy-server,3,new-draft,ignored_after_review,ignored_after_review,0,none,Proxy-Driven Server for Flexible Files Version 2,"Parallel NFS (pNFS) with the Flexible Files Version 2 layout type
   supports client-side erasure coding and per-chunk repair between
   clients and data servers.  This document extends that architecture
   with a proxy server role: a registered peer of the metadata server
   that polls the metadata server for work assignments and carries them
   out -- moving a file from one layout to another, reconstructing a
   whole file from surviving shards, or translating between encodings
   for clients that cannot participate in the file's native encoding
   (including NFSv3 clients).  All proxy-server-to-metadata-server
   coordination is fore-channel: the metadata server returns work
   assignments inline in the response to a proxy-server-initiated
   PROXY_PROGRESS poll, and the proxy server reports completion via a
   fore-channel PROXY_DONE.  No callback operations are required for the
   proxy server protocol.",https://datatracker.ietf.org/doc/draft-haynes-nfsv4-flexfiles-v2-proxy-server/,2026-07-27,
draft-he-ippm-ioam-trace-type-bandwidth-01,draft-he-ippm-ioam-trace-type-bandwidth,1,new-draft,ignored_after_review,ignored_after_review,0,none,IOAM Trace-Type Extensions for Path bandwidth,"Traffic scheduling and optimization have become routine network
   operation and maintenance tasks for operators.  The operators need to
   select a path that can accommodate the capacity of the traffic to be
   scheduled.  In situ Operations, Administration, and Maintenance
   (IOAM) is used for recording and collecting operational and telemetry
   information.  This document defines two bit flags within IOAM Trace-
   Type for carrying bandwidth information.",https://datatracker.ietf.org/doc/draft-he-ippm-ioam-trace-type-bandwidth/,2026-07-27,
draft-helmprotocol-tttps-07,draft-helmprotocol-tttps,7,new-draft,read_now,adjacent_watchlist,14,none,The TLS TimeToken Secure Protocol (tttps://),"This document specifies the TLS TimeToken Secure Protocol (tttps://),
   a protocol extension that augments TLS 1.3 with cryptographically
   verifiable temporal ordering.  TTTPS introduces Proof-of-Time (PoT):
   a multi-source synthesised timestamp bound to a holder identity and
   to a live TLS session through an explicit holder-proof construction,
   verified in constant time independent of network size.

   Internet infrastructure conventionally assumes ordering-neutral
   channels.  NTP servers, BGP routing authorities, DNS resolvers, and
   transaction sequencers all have an operational incentive to
   misrepresent event ordering; this document formalises that condition
   as the Strategic Channel Controller Problem (SCCP).  PoT detects
   Byzantine time-source manipulation with probability at least 1 minus
   2 to the negative 61st power, and an AdaptiveSwitch mechanism makes
   sustained ordering manipulation economically self-defeating; the
   equilibrium threshold is derived in closed form and empirically
   calibrated from deployed auction data.

   This document has Experimental status.  A reference deployment has
   produced over 70,000 verified records, 55 percent of which were
   generated by autonomous AI agents.  The mandatory-to-implement
   integrity mode (SHA-256) is completely and publicly specified in
   Appendix B; the optional high-assurance integrity mode (GRG) remains
   subject to pending patent proceedings and is specified only at the
   abstract-interface level pending their conclusion.

Discussion Note

   This note is to be removed before publishing as an RFC.

   This document is being discussed on the dispatch@ietf.org mailing
   list.  Comments and participation are welcome.

   Changes from -06:

   *  Header: revision -06 -> -07; submissionType corrected from ""IETF""
      to ""independent"" (this document is an Independent Submission, not
      an IETF Working Group product); dates updated.

   *  Section 2 / Section 5.1 (the former binding_key construction): the
      -06 construction let any participant in the TLS session --
      including an attacker in its own session with the Issuer --
      recompute binding_key and pass verification without proving
      possession of any holder key material, because binding_key was
      derived solely from public TLS Exporter output and the public PoT
      bytes.  This is replaced with a PoT Record v2 (180 octets)
      carrying an explicit holder_auth_type (Ed25519 public key, MTI, or
      a pre-shared secret, OPTIONAL) and a binding_proof computed by the
      holder over the TLS Exporter output at binding time.  Verification
      now performs integrity-tag interpretation first, in a single
      fixed-cost pass with a three-way intact/resolved/unresolvable
      verdict; in -06 the equivalent check was ordered after five other
      checks.  The full 8-step order is specified in Section 2.5.

   *  Appendix B: removed the ""(Placeholder)"" designation.  Appendix B
      now specifies a public Integrity Algorithm Registry: alg_id 0x0001
      (SHA-256, detection-only) is the Mandatory-to-Implement algorithm
      and is completely and publicly specified, free of any licensing
      condition. alg_id 0x0100 (GRG, detection-and-correction) remains
      OPTIONAL and interface-only pending conclusion of the patent
      proceedings referenced in Section 10.

   *  IANA Considerations, HTTP/3 Stream Types: renamed from ""HTTP/3 and
      QUIC Stream Types"".  The ""QUIC Stream Types"" registry entry is
      removed; no such IANA registry exists, and QUIC stream
      identification for TTTPS is carried entirely by the HTTP/3-layer
      frame registration.

   *  Abstract: shortened from six paragraphs to three; removed inline
      document citations (an abstract is conventionally self-contained
      and does not carry bracketed references).

   *  Scope reduced to the core protocol: satellite communication, SS7
      legacy infrastructure, 5G/6G core network ordering, and deep-
      space/SAGIN deployment material are removed from this revision as
      out of scope; see 3GPP and CCSDS/TIPTOP for domain-specific
      profiles.  The former Appendix E (a regulated therapeutic-design
      motivating scenario) is removed as non-normative and out of scope
      for a protocol specification.

   *  Sections 1 through 4 of -06 (Introduction, Use Cases, Requirements
      Language, Problem Statement) are consolidated into a single
      Section 1, removing a duplicated BCP 14 paragraph and shortening
      the document.

   *  The former Section 4.3 (Shannon Gap / SCCP) and Section 7.4 (V*
      equilibrium) are shortened; the full economic and information-
      theoretic derivations remain in the companion paper [POT2026],
      which this document now points to rather than reproduces.

   *  IANA Time Source Type Registry: named operators (NIST, Google,
      Cloudflare, Apple) are replaced with source classes (national
      metrology laboratory, GNSS-disciplined, Roughtime-authenticated,
      NTS-authenticated, PTP grandmaster); the same replacement is
      applied to the worked examples in Sections 1.3, 2.2, and 7.1.
      This document does not depend on, or endorse, any specific named
      operator.

   *  References [RFC8915], [RFC5705], and [RFC8126] are unchanged from
      -06.

   Changes from -02 through -05 (compressed; see prior revisions of this
   draft for the full itemised changelog): -03 added Use Cases, the SS7/
   SCCP instance analysis, path manipulation scenarios, the trust model,
   and the Implementation Status section (RFC 7942). -04 added the
   Formal Verification Artifacts subsection and the former Appendix E.
   -05 is not separately archived. -06 added Oracle Confidence Gating
   (the G-Score), corrected IPR licensing language per ISE guidance, and
   recorded the provisional ""tttps"" URI scheme registration.",https://datatracker.ietf.org/doc/draft-helmprotocol-tttps/,2026-07-27,
draft-hezami-pulseproof-sentinel-00,draft-hezami-pulseproof-sentinel,0,new-draft,read_now,core_identity,9,none,PulseProof Sentinel Protocol Specification,"This document specifies the PulseProof Sentinel Protocol (PPS), an
   experimental, technology-agnostic protocol for time-bound asymmetric
   authentication proofs.  PPS is not a new cryptographic primitive; it
   profiles established mechanisms -- Ed25519 signatures, SHA-256
   hashing, HKDF key derivation, and deterministic CBOR encoding --
   into a compact, interoperable verification model suited to offline,
   embedded, and non-browser environments where a full WebAuthn
   ceremony is unavailable.

   A PPS authentication event produces a Pulse: a signed statement
   bound to a relying-party identifier, time epoch, monotonic counter,
   expiration, and optional nonce, context, policy, and transaction
   data.  Because the verifier stores only public keys, PPS removes the
   shared-secret exposure problem inherent in TOTP.

   PulseProof Sentinel extends the basic Pulse model with several
   optional but interoperable security extensions:",https://datatracker.ietf.org/doc/draft-hezami-pulseproof-sentinel/,2026-07-27,
draft-hillier-certisyn-ai-governance-verified-01,draft-hillier-certisyn-ai-governance-verified,1,new-draft,read_now,trust_infrastructure,11,none,AI Governance Verified -- A Cryptographic Verification Standard for Agentic AI Governance in Regulated Industries,"This document specifies a verification standard for the cryptographic
   attestation of agentic AI governance in regulated industries.  It
   defines the Verification Reconciliation Object (VRO), the issuing-
   partner framework, the eight control areas through which AI
   governance posture is reconciled, three maturity-attestation levels
   (Documented, Operational, Adversarial-ready), and the cryptographic
   continuity requirements that together produce deterministic,
   independently reconstructable, auditor-grade attestations of agentic
   AI governance.  The standard sits beneath ISO/IEC 42001:2023, the
   NIST AI Risk Management Framework, and other agentic AI governance
   frameworks, and produces the verifiable artefact those frameworks
   were designed to imply but do not deliver.",https://datatracker.ietf.org/doc/draft-hillier-certisyn-ai-governance-verified/,2026-07-27,
draft-hillier-certisyn-essential-eight-verified-01,draft-hillier-certisyn-essential-eight-verified,1,new-draft,read_now,trust_infrastructure,8,none,Essential Eight Verified -- A Cryptographic Verification Standard for the ACSC Essential Eight Maturity Model,"This document specifies a verification standard for the cryptographic
   attestation of conformance to the Australian Cyber Security Centre
   (ACSC) Essential Eight Maturity Model.  It defines the Verification
   Reconciliation Object (VRO), the issuing-partner framework, the
   evidence categories required for each of the eight controls of the
   Essential Eight, the three maturity-attestation levels, and the
   cryptographic continuity requirements that together produce
   deterministic, independently reconstructable, auditor-grade
   attestations of cybersecurity posture.  The standard sits beneath the
   ACSC Essential Eight Maturity Model and produces the verifiable
   artefact the model was designed to imply but does not deliver.",https://datatracker.ietf.org/doc/draft-hillier-certisyn-essential-eight-verified/,2026-07-27,
draft-hillier-scitt-arp-01,draft-hillier-scitt-arp,1,new-draft,read_now,trust_infrastructure,26,none,Attestation Reconciliation Protocol,"This document specifies the Attestation Reconciliation Protocol
   (ARP), a deterministic, bilateral, zero-knowledge-capable mechanism
   for reconciling verification claims against a plurality of sovereign
   authoritative registers without raw register records leaving their
   data-residency jurisdiction.  ARP extends the SCITT (Supply Chain
   Integrity, Transparency, and Trust) architecture to cross-sovereign
   claim reconciliation.  A reconciliation server canonicalises a
   structured claim, binds the identity of the requesting principal --
   including, where the requester is an autonomous agent, a friend-or-
   foe determination of that agent's verifiable principal binding --
   projects the claim through register-specific controlled projection
   functions producing the greatest-lower-bound predicate supported by
   each addressed register, transmits register-specific ciphertexts,
   receives partial attestations whose payload discloses only a verdict
   and an optional divergence axis, aggregates the partial attestations
   through either homomorphic or hash-linkage aggregation, and seals the
   resulting reconciliation output against a policy-version hash.  An
   append-only cross-jurisdictional settlement-layer ledger records only
   hashes, with no content.  The protocol supports retroactive re-
   evaluation of historical reconciliations under updated pattern
   libraries or policy versions without bilateral renegotiation, and a
   cryptographic-primitive-upgrade path including post-quantum
   primitives.  This revision adds agentic-principal reconciliation,
   requester identity binding, alignment with HTTP Message Signatures
   and COSE Receipts, and composition of heterogeneous agent-action
   accountability attestations into a single producer-agnostic
   reconciled verdict evaluated at decision time.",https://datatracker.ietf.org/doc/draft-hillier-scitt-arp/,2026-07-27,
draft-hoflev-secure-smtp-01,draft-hoflev-secure-smtp,1,new-draft,ignored_after_review,ignored_after_review,0,none,Secure SMTP,"SMTP [RFC5321] uses opportunistic TLS to optionally protect transport
   sessions.  Secure SMTP uses mandatory TLS on all connections.  It
   also provides a method for SMTP clients to locate Secure SMTP
   servers.",https://datatracker.ietf.org/doc/draft-hoflev-secure-smtp/,2026-07-27,
draft-housley-asn1-layman-guide-01,draft-housley-asn1-layman-guide,1,new-draft,ignored_after_review,ignored_after_review,0,none,"A Layman's Guide to a Subset of ASN.1, BER, and DER","This note gives a layman's introduction to a subset of the Abstract
   Syntax Notation One (ASN.1), Basic Encoding Rules (BER), and
   Distinguished Encoding Rules (DER).  The purpose of this note is to
   provide background material sufficient for understanding and
   implementing standards that make use of ASN.1.",https://datatracker.ietf.org/doc/draft-housley-asn1-layman-guide/,2026-07-27,
draft-hwang-silp-protocol-02,draft-hwang-silp-protocol,2,new-draft,read_now,adjacent_watchlist,7,none,Semantic Interlingua Layer Protocol (SILP): A Payload Codec for Cross-Model Agent Communication,"This document specifies the Semantic Interlingua Layer Protocol
   (SILP), a black-box, text-interface payload codec designed for cross-
   model agent-to-agent communication.  SILP defines a coarse-grained
   action-slot intermediate representation (IR) as the reference
   semantic layer and compiles it into multiple pluggable surface
   frontends -- code-like function-call syntax, pure JSON, natural
   language, and ML-compressed text.  SILP is designed as a payload-
   layer option within existing agent transport protocols such as the
   Model Context Protocol (MCP) and Agent-to-Agent (A2A) protocol, which
   define transport envelopes and capability discovery but leave payload
   encoding unspecified.

   SILP provides compile/decode round-trip guarantees for lossless
   frontends, dynamic frontend negotiation via probe messages, session
   management with heartbeat renewal, and a verb whitelist verified
   across six production tokenizers for cross-model token-level
   stability.

   This document is a product of independent research and is not an IETF
   standard.  It is published as an Informational document to establish
   a stable reference for implementers.",https://datatracker.ietf.org/doc/draft-hwang-silp-protocol/,2026-07-27,
draft-iab-ip-geo-workshop-report-04,draft-iab-ip-geo-workshop-report,4,new-draft,ignored_after_review,ignored_after_review,0,iab,Report from the IAB Workshop on IP Address Geolocation,"The IAB Workshop on IP Address Geolocation (IP-GEO) was held from
   December 3-5, 2025, as a three-day virtual meeting.  It covered the
   use cases and background on using IP addresses as indicators of
   geolocation, explored various problems and challenges that exist in
   that ecosystem, and discussed future directions and opportunities to
   improve or replace the current practices.

   Note that this document is a report on the proceedings of the
   workshop.  The views and positions documented in this report are
   those of the workshop participants and do not necessarily reflect IAB
   views and positions.",https://datatracker.ietf.org/doc/draft-iab-ip-geo-workshop-report/,2026-07-27,
draft-iab-rfc4053bis-05,draft-iab-rfc4053bis,5,new-draft,ignored_after_review,ignored_after_review,0,iab,Procedures for Handling Liaison Statements to and from the IETF,"This document describes the procedures for generating and handling
   liaison statements between the IETF and other Standards Development
   Organizations (SDOs), so that the IETF can effectively collaborate
   with other organizations in the international standards community.",https://datatracker.ietf.org/doc/draft-iab-rfc4053bis/,2026-07-27,
draft-ietf-acme-authority-token-jwtclaimcon-04,draft-ietf-acme-authority-token-jwtclaimcon,4,new-draft,read_now,core_identity,9,acme,JWTClaimConstraints profile of ACME Authority Token,"This document defines an authority token profile for the validation
   of JWTClaimConstraints and EnhancedJWTClaimConstraints certificate
   extensions within the Automated Certificate Management Environment
   (ACME) protocol.  This profile is based on the Authority Token
   framework and establishes the specific ACME identifier type,
   challenge mechanism, and token format necessary to authorize a client
   to request a certificate containing these constraints.",https://datatracker.ietf.org/doc/draft-ietf-acme-authority-token-jwtclaimcon/,2026-07-27,
draft-ietf-acme-device-attest-09,draft-ietf-acme-device-attest,9,new-draft,read_now,core_identity,9,acme,Automated Certificate Management Environment (ACME) Device Attestation Extension,"This document specifies new identifiers and a challenge for the
   Automated Certificate Management Environment (ACME) protocol which
   allows validating the identity of a device using attestation.  This
   document updates RFC 8555 to enable a privacy-preserving mode for the
   identifiers defined in this document.",https://datatracker.ietf.org/doc/draft-ietf-acme-device-attest/,2026-07-27,
draft-ietf-anima-constrained-join-proxy-21,draft-ietf-anima-constrained-join-proxy,21,new-draft,ignored_after_review,ignored_after_review,0,anima,Join Proxy for Onboarding of Constrained Network Elements,"This document supports the constrained Bootstrapping Remote Secure
   Key Infrastructures (cBRSKI) onboarding protocol by adding a required
   network function, the Join Proxy.  This function can be implemented
   on a constrained node.  The goal of the Join Proxy is to help new
   constrained nodes (""Pledges"") securely onboard into a new IP network
   using the cBRSKI protocol.  It acts as a circuit proxy for User
   Datagram Protocol (UDP) packets that carry the onboarding messages.
   The solution is extensible to support other UDP-based onboarding
   protocols as well.  The Join Proxy functionality is designed for use
   in constrained networks, including IPv6 over Low-Power Wireless
   Personal Area Networks (6LoWPAN) based networks in which the
   onboarding authority server (""Registrar"") may be multiple IP hops
   away from a Pledge.  Despite this distance, the Pledge only needs to
   use link-local communication to complete cBRSKI onboarding.  Two
   modes of Join Proxy operation are defined, stateless and stateful, to
   allow different trade-offs regarding resource usage, implementation
   complexity and security.",https://datatracker.ietf.org/doc/draft-ietf-anima-constrained-join-proxy/,2026-07-27,
draft-ietf-anima-rfc8366bis-34,draft-ietf-anima-rfc8366bis,34,new-draft,ignored_after_review,ignored_after_review,0,anima,A Voucher Artifact for Bootstrapping Protocols,"This document defines a strategy to securely assign a candidate
   device (Pledge) to an Owner using an artifact signed, directly or
   indirectly, by the Pledge's manufacturer.  This artifact is known as
   a ""Voucher"".

   This document defines an artifact format as a YANG-defined JSON or
   CBOR document that has been signed using a variety of cryptographic
   systems.

   The Voucher Artifact is normally generated by the Pledge's
   manufacturer (i.e., the Manufacturer Authorized Signing Authority
   (MASA)).

   This document obsoletes RFC8366: it includes a number of desired
   extensions into the YANG module.  The Voucher Request YANG module
   defined in RFC8995 is also updated and now included in this document,
   as well as other YANG extensions needed for variants of RFC8995.",https://datatracker.ietf.org/doc/draft-ietf-anima-rfc8366bis/,2026-07-27,
draft-ietf-asdf-sdf-nonaffordance-04,draft-ietf-asdf-sdf-nonaffordance,4,new-draft,ignored_after_review,ignored_after_review,0,asdf,Semantic Definition Format (SDF) Extension for Non-Affordance Information,"This document describes an extension to the Semantic Definition
   Format (SDF) for representing non-affordance information of Things,
   such as physical, contextual, and descriptive metadata.  This
   extension introduces a new class keyword, sdfContext, that enables
   comprehensive modeling of Things and improves semantic clarity.",https://datatracker.ietf.org/doc/draft-ietf-asdf-sdf-nonaffordance/,2026-07-27,
draft-ietf-avtcore-hevc-webrtc-09,draft-ietf-avtcore-hevc-webrtc,9,new-draft,ignored_after_review,ignored_after_review,0,avtcore,H.265 Profile for WebRTC,"RFC 7742 defines WebRTC video processing and codec requirements,
   including guidance for endpoints supporting the VP8 and H.264 codecs,
   which are mandatory to implement.  This document defines a profile of
   RFC 7798 for browsers supporting the H.265 codec.",https://datatracker.ietf.org/doc/draft-ietf-avtcore-hevc-webrtc/,2026-07-27,
draft-ietf-bess-evpn-first-hop-security-01,draft-ietf-bess-evpn-first-hop-security,1,new-draft,ignored_after_review,ignored_after_review,0,bess,EVPN First Hop Security,"The Dynamic Host Configuration Protocol (DHCP) snoop database stores
   valid IPv4-to-MAC and IPv6-to-MAC bindings by snooping on DHCP
   messages.  These bindings are used by security functions like Dynamic
   Address Resolution Protocol Inspection (DAI), Neighbor Discovery
   Inspection (NDI), IPv4 Source Guard, and IPv6 Source Guard to
   safeguard against traffic received with a spoofed address.  These
   functions are collectively referred to as First Hop Security (FHS).

   This document proposes BGP extensions and new Ethernet VPN (EVPN)
   procedures to distribute and synchronize the DHCP snoop database to
   support FHS.  Such synchronization is needed to support EVPN host
   mobility and multihoming.",https://datatracker.ietf.org/doc/draft-ietf-bess-evpn-first-hop-security/,2026-07-27,
draft-ietf-bess-evpn-ip-mac-proxy-adv-00,draft-ietf-bess-evpn-ip-mac-proxy-adv,0,new-draft,ignored_after_review,ignored_after_review,0,bess,Proxy MAC-IP Advertisement in EVPNs,"This document specifies procedures for EVPN PEs connected to a common
   multihomed site to generate proxy EVPN MAC-IP advertisements on
   behalf of other PEs to facilitate preservation of ARP/ND state across
   link or node failures.",https://datatracker.ietf.org/doc/draft-ietf-bess-evpn-ip-mac-proxy-adv/,2026-07-27,
draft-ietf-bess-evpn-umr-mobility-01,draft-ietf-bess-evpn-umr-mobility,1,new-draft,ignored_after_review,ignored_after_review,0,bess,Applications and Procedures for the Unknown MAC Route in EVPN,"The Interconnect Solution for Ethernet VPN defines Unknown MAC (Media
   Access Control) Route (UMR) utilization for Data Center Interconnect
   (DCI) when EVPN MPLS or EVPN VXLAN is used as an overlay network for
   such interconnects.  The use of UMR has implications for EVPN MAC
   mobility procedures, for EVPN Layer 2 and IRB operations, and for
   EVPN Proxy ARP/ND operations.  This document describes additional
   enhancements required to EVPN procedures and operations when using
   UMR.  This document updates RFC9014 to clarify and extend the
   procedures for UMR usage.",https://datatracker.ietf.org/doc/draft-ietf-bess-evpn-umr-mobility/,2026-07-27,
draft-ietf-bier-frr-14,draft-ietf-bier-frr,14,new-draft,ignored_after_review,ignored_after_review,0,bier,A Framework for Fast Reroute with Bit Index Explicit Replication (BIER-FRR),"This document provides a framework for the development of Fast
   Reroute (FRR) mechanisms for Bit Index Explicit Replication
   forwarding (BIER-FRR).  BIER-FRR can provide protection against link
   or BFR failure by invoking locally pre-determined repair paths that
   can react in the same time-scales as (unicast) FRR for MPLS or IP
   networks - ""sub 50msec"", and without the creation of additional per-
   path or per-flow state coordinated across multiple routers/LSR.

   BIER-FRR can be implemed locally within a router/LSR with minimal
   interoperability requirements against other router/LSR.  It can
   therefore easily be introduced incrementally or selectively where
   needed.  BIER-FRR implementing nodes only need to understand the
   routing topology of the network for calculation of repair paths and
   know what type of unicast encapsulation can be used to send
   (""tunnel"") BIER packets to remote BFR.

   This document proposes and discusses different options for BIER
   forwardng (BIFT) extensions to support BIER-FRR.  These are exemplary
   and non-normative.  This document does not specify any standards or
   experiments but aims to support such efforts.",https://datatracker.ietf.org/doc/draft-ietf-bier-frr/,2026-07-27,
draft-ietf-bier-ospfv3-extensions-10,draft-ietf-bier-ospfv3-extensions,10,new-draft,ignored_after_review,ignored_after_review,0,bier,OSPFv3 Extensions for BIER,"Bit Index Explicit Replication (BIER) is an architecture that
   provides multicast forwarding through a ""BIER domain"" without
   requiring intermediate routers to maintain multicast related per-flow
   state.  The BIER architecture uses MPLS or other encapsulations to
   steer the multicast traffic towards the receivers.

   This document describes the OSPFv3 protocol extensions required for
   BIER with MPLS encapsulation.  Support for other encapsulation types
   is outside the scope of this document.",https://datatracker.ietf.org/doc/draft-ietf-bier-ospfv3-extensions/,2026-07-27,
draft-ietf-calext-jscontact-profiles-15,draft-ietf-calext-jscontact-profiles,15,new-draft,ignored_after_review,ignored_after_review,0,calext,Protocol-Specific Profiles for JSContact,"This document defines JSContact profiles, an IANA registry for named
   subsets of JSContact elements.  It aims to facilitate using JSContact
   in context of contact data exchange protocols or other use cases, in
   which supporting all JSContact semantics might be inappropriate.",https://datatracker.ietf.org/doc/draft-ietf-calext-jscontact-profiles/,2026-07-27,
draft-ietf-cats-oam-fw-01,draft-ietf-cats-oam-fw,1,new-draft,adjacent_watchlist,adjacent_watchlist,3,cats,"Computing-Aware Traffic Steering (CATS) Operations, Administration, and Maintenance (OAM) Framework","This document describes the Operations, Administration, and
   Maintenance (OAM) framework and requirements for Computing-Aware
   Traffic Steering (CATS).  The framework defines the CATS OAM layering
   model and functional components.  It also specifies the requirements
   to enable fault management and performance monitoring for CATS end-
   to-end connections across clients, network paths, and service
   instances.",https://datatracker.ietf.org/doc/draft-ietf-cats-oam-fw/,2026-07-27,
draft-ietf-cbor-edn-literals-27,draft-ietf-cbor-edn-literals,27,new-draft,ignored_after_review,ignored_after_review,0,cbor,Concise Diagnostic Notation (CDN),"This document formalizes and consolidates the definition of the
   Concise Diagnostic Notation (CDN) of the Concise Binary Object
   Representation (CBOR), addressing implementer experience.

   Replacing CDN's previous informal descriptions, it updates RFC 8949,
   obsoleting its Section 8, and RFC 8610, obsoleting its Appendix G.

   It also specifies registry-based extension points and uses them to
   support text representations such as of epoch-based dates/times and
   of IP addresses and prefixes.


   // (This cref will be removed by the RFC editor:) This is the
   // editorial round focusing on editorial cleanup, specifically where
   // that causes moving text around.  It does not have WG input yet on
   // any renaming decisions (CDN name, b1/t1 name), ABNF cleanup, or
   // Rohan's suggestion to fix the questionable figure in 3.8.",https://datatracker.ietf.org/doc/draft-ietf-cbor-edn-literals/,2026-07-27,
draft-ietf-ccamp-fgotn-yang-00,draft-ietf-ccamp-fgotn-yang,0,new-draft,ignored_after_review,ignored_after_review,0,ccamp,YANG Data Models for fine grain Optical Transport Network,"This document defines YANG data models to describe the topology and
   tunnel information of a fine grain Optical Transport Network.  The
   YANG data models defined in this document are designed to meet the
   requirements for efficient transmission of sub-1Gbit/s client signals
   in transport network.",https://datatracker.ietf.org/doc/draft-ietf-ccamp-fgotn-yang/,2026-07-27,
draft-ietf-ccwg-ratelimited-increase-06,draft-ietf-ccwg-ratelimited-increase,6,new-draft,ignored_after_review,ignored_after_review,0,ccwg,Increase of the Congestion Window when the Sender Is Rate-Limited,"This document specifies how transport protocols increase their
   congestion window when the sender is rate-limited, and updates RFC
   4341, RFC 5681, RFC 9002, RFC 9260, and RFC 9438.  Such a limitation
   can be caused by the sending application not supplying data or by
   receiver flow control.",https://datatracker.ietf.org/doc/draft-ietf-ccwg-ratelimited-increase/,2026-07-27,
draft-ietf-cose-c509-test-vectors-02,draft-ietf-cose-c509-test-vectors,2,new-draft,adjacent_watchlist,adjacent_watchlist,3,cose,Test Vectors for CBOR-Encoded X.509 (C509) Certificates,"This document contains examples of CBOR-encoded X.509 (C509)
   certificates, certification requests, and certification request
   templates.",https://datatracker.ietf.org/doc/draft-ietf-cose-c509-test-vectors/,2026-07-27,
draft-ietf-cose-hpke-pq-pqt-01,draft-ietf-cose-hpke-pq-pqt,1,new-draft,monitor,verifiable_claims,6,cose,COSE HPKE PQ & PQ/T Algorithm Registrations,"This document registers Post-Quantum (PQ) and Post-Quantum/
   Traditional (PQ/T) hybrid algorithm identifiers for use with CBOR
   Object Signing and Encryption (COSE), building on the Hybrid Public
   Key Encryption (HPKE) framework.",https://datatracker.ietf.org/doc/draft-ietf-cose-hpke-pq-pqt/,2026-07-27,
draft-ietf-dance-client-auth-13,draft-ietf-dance-client-auth,13,new-draft,monitor,core_identity,6,dance,TLS Client Authentication via DANE TLSA records,"The DANE TLSA protocol describes how to publish Transport Layer
   Security (TLS) server certificates or public keys in the DNS.  This
   document updates RFC 6698 and RFC 7671.  It describes how to use the
   TLSA record to publish client certificates or public keys, and also
   the rules and considerations for using them with TLS.  In addition,
   it defines a new TLS extension, DANE Client Identity, to convey the
   client's domain name identity to the server.",https://datatracker.ietf.org/doc/draft-ietf-dance-client-auth/,2026-07-27,
draft-ietf-deleg-11,draft-ietf-deleg,11,new-draft,adjacent_watchlist,ignored_after_review,2,deleg,Extensible Delegation for DNS,"This document specifies a new extensible method for the delegation of
   authority for a domain in the Domain Name System (DNS) using DELEG
   and DELEGPARAM records.

   A delegation in the DNS enables efficient and distributed management
   of the DNS namespace.  The traditional DNS delegation is based on NS
   records which contain only hostnames of servers and no other
   parameters.  In classic DNS, both parent and child zones contain
   copies of NS delegation records, which can potentially be out of sync
   and confusing.  The new delegation records are extensible, can be
   secured with DNSSEC, and eliminate the problem of having two sources
   of truth for delegation information.",https://datatracker.ietf.org/doc/draft-ietf-deleg/,2026-07-27,
draft-ietf-detnet-glbf-01,draft-ietf-detnet-glbf,1,new-draft,adjacent_watchlist,adjacent_watchlist,3,detnet,Deterministic Networking (DetNet) Data Plane - guaranteed Latency Based Forwarding (gLBF) for bounded latency with low jitter and asynchronous forwarding in Deterministic Networks,"This memo proposes a mechanism called ""guaranteed Latency Based
   Forwarding"" (gLBF) as part of DetNet for hop-by-hop packet forwarding
   with per-hop deterministically bounded latency and minimal jitter.

   gLBF is intended to be useful across a wide range of networks and
   applications with need for high-precision deterministic networking
   services, including in-car networks or networks used for industrial
   automation across on factory floors, all the way to ++100Gbps
   country-wide networks.

   Contrary to other mechanisms, gLBF does not require network wide
   clock synchronization, nor does it need to maintain per-flow state at
   network nodes, avoiding drawbacks of other known methods while
   leveraging their advantages.

   Specifically, gLBF uses the queuing model and calculus of Urgency
   Based Scheduling (UBS, [UBS]), which is used by TSN Asynchronous
   Traffic Shaping [TSN-ATS]. gLBF is intended to be a plug-in
   replacement for TSN-ATN or as a parallel mechanism beside TSN-ATS
   because it allows to keeping the same controller-plane design which
   is selecting paths for TSN-ATS, sizing TSN-ATS queues, calculating
   latencies and admitting flows to calculated paths for calculated
   latencies.

   In addition to reducing the jitter compared to TSN-ATS by additional
   buffering (dampening) in the network, gLBF also eliminates the need
   for per-flow, per-hop state maintenance required by TSN-ATS.  This
   avoids the need to signal per-flow state to every hop from the
   controller-plane and associated scaling problems.  It also reduces
   implementation cost for high-speed networking hardware due to the
   avoidance of additional high-speed speed read/write memory access to
   retrieve, process and update per-flow state variables for a large
   number of flows.",https://datatracker.ietf.org/doc/draft-ietf-detnet-glbf/,2026-07-27,
draft-ietf-detnet-multi-domain-framework-02,draft-ietf-detnet-multi-domain-framework,2,new-draft,adjacent_watchlist,adjacent_watchlist,3,detnet,A Control Plane Framework for Multi-Domain Deterministic Networking (DetNet),"Deterministic Networking (DetNet) provides the capability to carry
   specified unicast or multicast data flows for real-time applications
   with extremely low data loss rates and bounded latency over a path or
   network.  As DetNet deployments expand, they will inevitably need to
   span multiple domains that may be under separate technological
   control.  This creates a need for a control plane solution that can
   establish and maintain end-to-end DetNet services across these domain
   boundaries.

   This document defines a generic framework for a multi-domain DetNet
   control plane.  It first establishes a working definition of a
   ""DetNet Domain"" for the purpose of path computation and control.  It
   then describes two high-level architectural approaches for inter-
   domain path computation and resource reservation: a Hierarchical
   model and a peer-to-peer ""stitching"" model.  While a Path Computation
   Element (PCE)-based realization is used as an illustrative example,
   the framework is designed to be applicable to any controller-plane
   technology that satisfies the stated functional requirements.  This
   framework provides the foundation for more specific work on multi-
   domain DetNet solutions.",https://datatracker.ietf.org/doc/draft-ietf-detnet-multi-domain-framework/,2026-07-27,
draft-ietf-detnet-tcqf-01,draft-ietf-detnet-tcqf,1,new-draft,ignored_after_review,ignored_after_review,0,detnet,Deterministic Networking (DetNet) Data Plane - Tagged Cyclic Queuing and Forwarding (TCQF) for bounded latency with low jitter in large scale DetNets,"This memo specifies a forwarding method for bounded latency and
   bounded jitter for Deterministic Networks and is a variant of the
   IEEE TSN Cyclic Queuing and Forwarding (CQF) method.  Tagged CQF
   (TCQF) supports more than 2 cycles and indicates the cycle number via
   an existing or new packet header field called the tag to replace the
   cycle mapping in CQF which is based purely on synchronized reception
   clock.

   This memo standardizes TCQF as a mechanism independent of the tagging
   method used.  It also specifies tagging via the (1) the existing MPLS
   packet Traffic Class (TC) field for MPLS packets, (2) the IP/IPv6
   DSCP field for IP/IPv6 packets, and (3) a new TCQF Option header for
   IPv6 packets.

   Target benefits of TCQF include low end-to-end jitter, ease of high-
   speed hardware implementation, optional ability to support large
   number of flow in large networks via DiffServ style aggregation by
   applying TCQF to the DetNet aggregate instead of each DetNet flow
   individually, and support of wide-area DetNet networks with arbitrary
   link latencies and latency variations as well as low accuracy clock
   synchronization.",https://datatracker.ietf.org/doc/draft-ietf-detnet-tcqf/,2026-07-27,
draft-ietf-dkim-dkim2-dns-00,draft-ietf-dkim-dkim2-dns,0,new-draft,ignored_after_review,ignored_after_review,0,dkim,Domain Name Specification for DKIM2,"The updated DomainKeys Identified Mail (DKIM2) permits an
   organization that owns the signing domain to claim some
   responsibility for a message by associating the domain with the
   message through a digital signature.  This is done by publishing to
   Domain Name Service (DNS) of the domain a public key that is then
   associated to the domain and where messages can be signed by the
   corresponding private key.  Assertion of responsibility is validated
   through a cryptographic signature and by querying the Signer’s domain
   directly to retrieve the appropriate public key.  This document
   describes DKIM2 DNS record format and how to find the record.",https://datatracker.ietf.org/doc/draft-ietf-dkim-dkim2-dns/,2026-07-27,
draft-ietf-dnsop-delext-10,draft-ietf-dnsop-delext,10,new-draft,adjacent_watchlist,ignored_after_review,2,dnsop,DNS Protocol Modifications for Delegation Extensions,"The Domain Name System (DNS) protocol permits Delegation Signer (DS)
   records at delegation points.  This document specifies modifications
   to the DNS protocol to permit a range of Resource Record types at
   delegation points.  These modifications are designed to maintain
   compatibility with existing DNS resolution mechanisms and provide a
   secure method for processing these records at delegation points.

   This document updates RFCs 1034, 4035, 6672, 6840, 6895 and 9824.",https://datatracker.ietf.org/doc/draft-ietf-dnsop-delext/,2026-07-27,
draft-ietf-dnsop-integration-04,draft-ietf-dnsop-integration,4,new-draft,adjacent_watchlist,core_identity,3,dnsop,Integration of DNS Domain Names into Application Environments: Motivations and Considerations,"This document describes considerations when integrating a DNS domain
   name into an application environment.  Goals of this document include
   minimizing conflicts between the global DNS and applications that
   integrate with the global DNS, providing a consistent user experience
   (unique identifier across environments), and avoiding impacts to the
   security, stability, and resiliency of the global DNS.  While all
   sources of potential concern cannot be enumerated in one document,
   accounting for at least the considerations discussed here should
   improve the security posture of both the global DNS and integrating
   applications.",https://datatracker.ietf.org/doc/draft-ietf-dnsop-integration/,2026-07-27,
draft-ietf-dtn-adm-yang-07,draft-ietf-dtn-adm-yang,7,new-draft,monitor,core_identity,6,dtn,DTNMA Application Data Model (ADM) YANG Syntax,"This document defines a concrete syntax for encoding a Delay-Tolerant
   Networking Management Architecture (DTNMA) Application Data Model
   (ADM) using the syntax and modular structure, but not the full data
   model, of YANG.  Extensions to YANG are defined to capture the
   specifics needed to define DTNMA Application Management Model (AMM)
   objects and to use the Application Resource Identifier (ARI) data-
   value syntax.",https://datatracker.ietf.org/doc/draft-ietf-dtn-adm-yang/,2026-07-27,
draft-ietf-dtn-amm-07,draft-ietf-dtn-amm,7,new-draft,monitor,adjacent_watchlist,5,dtn,DTNMA Application Management Model (AMM) and Data Models,"This document defines a model that captures the information necessary
   to asynchronously manage applications within the Delay-Tolerant
   Networking Management Architecture (DTNMA).  This model provides a
   set of common managed object types, data types and structures, and a
   template for information needed within each application data model.
   The built-in definitions are made to be extensible by applications
   without needing to modify core Agent or Manager behavior.",https://datatracker.ietf.org/doc/draft-ietf-dtn-amm/,2026-07-27,
draft-ietf-dtn-amp-04,draft-ietf-dtn-amp,4,new-draft,adjacent_watchlist,adjacent_watchlist,3,dtn,DTNMA Asynchronous Management Protocol (AMP),"This document defines a messaging protocol for the Delay-Tolerant
   Networking (DTN) Management Architecture (DTNMA) Asynchronous
   Management Model (AMM) and a transport binding for exchanging those
   messages over a network.  This Asynchronous Management Protocol (AMP)
   does not require transport-layer sessions, operates over
   unidirectional links, and seeks to reduce the energy and compute
   power necessary for performing remote management of resource
   constrained devices possibly over challenged networks.",https://datatracker.ietf.org/doc/draft-ietf-dtn-amp/,2026-07-27,
draft-ietf-dtn-ari-09,draft-ietf-dtn-ari,9,new-draft,monitor,core_identity,6,dtn,DTNMA Application Resource Identifier (ARI),"This document defines the structure, format, and features of the
   naming scheme for the objects defined in the Delay-Tolerant
   Networking Management Architecture (DTNMA) Application Management
   Model (AMM), in support of challenged network management solutions
   described in the DTNMA document.

   This document defines the DTNMA Application Resource Identifier
   (ARI), using a text-form based on the common Uniform Resource
   Identifier (URI) and a binary-form based on Concise Binary Object
   Representation (CBOR).  These meet the needs for a concise, typed,
   parameterized, and hierarchically organized set of managed data
   elements.",https://datatracker.ietf.org/doc/draft-ietf-dtn-ari/,2026-07-27,
draft-ietf-grow-bmp-rel-06,draft-ietf-grow-bmp-rel,6,new-draft,ignored_after_review,ignored_after_review,0,grow,Logging of routing events in BGP Monitoring Protocol (BMP),"The BGP Monitoring Protocol (BMP) does provide for BGP session event
   logging (Peer Up, Peer Down), state synchronization (Route
   Monitoring), debugging (Route Mirroring) and Statistics messages,
   among others.  This document defines a new Route Event Logging (REL)
   message type for BMP with the aim of covering use cases with affinity
   to alerting, reporting and on-change analysis.",https://datatracker.ietf.org/doc/draft-ietf-grow-bmp-rel/,2026-07-27,
draft-ietf-grow-bmp-tlv-21,draft-ietf-grow-bmp-tlv,21,new-draft,ignored_after_review,ignored_after_review,0,grow,BMP v4: Extended TLV Support for BGP Monitoring Protocol (BMP),"Most of the BGP Monitoring Protocol (BMP) message types make
   provision for data in Type, Length, Value (TLV) format.  However,
   Route Monitoring messages (which provide a snapshot of the monitored
   Routing Information Base) Stats Reports (which supply periodical
   counters) and Peer Down messages (which indicate that a peering
   session was terminated) do not.  Supporting (optional) data in TLV
   format across all BMP message types provides consistent and
   extensible structures that would be useful among the various use-
   cases where conveying additional data to a monitoring station is
   required.  This document updates RFC 7854 [RFC7854] to support TLV
   data in all message types and defines some essential TLVs.

   Additionally, this document introduces support for enterprise-
   specific TLVs in the BGP Monitoring Protocol by defining an
   Enterprise Bit (E-bit) that allows usage of per-vendor Type values.",https://datatracker.ietf.org/doc/draft-ietf-grow-bmp-tlv/,2026-07-27,
draft-ietf-httpbis-connect-tcp-12,draft-ietf-httpbis-connect-tcp,12,new-draft,adjacent_watchlist,adjacent_watchlist,3,httpbis,Template-Driven HTTP CONNECT Proxying for TCP,"TCP proxying using HTTP CONNECT has long been part of the core HTTP
   specification.  However, this proxying functionality has several
   important deficiencies in modern HTTP environments.  This
   specification defines an alternative HTTP proxy service configuration
   for TCP connections.  This configuration is described by a URI
   Template, similar to the CONNECT-UDP and CONNECT-IP protocols.",https://datatracker.ietf.org/doc/draft-ietf-httpbis-connect-tcp/,2026-07-27,
draft-ietf-ianabis-early-registries-02,draft-ietf-ianabis-early-registries,2,new-draft,ignored_after_review,ignored_after_review,0,ianabis,Early IANA Registry Creation,"This memo describes the requirements for establishing an IANA
   registry before the IETF Stream document that creates the registry is
   approved for publication as an RFC.  This process can be used when an
   IETF working group needs to coordinate allocations among multiple
   documents or with an organization outside the IETF.",https://datatracker.ietf.org/doc/draft-ietf-ianabis-early-registries/,2026-07-27,
draft-ietf-idr-sdwan-edge-discovery-29,draft-ietf-idr-sdwan-edge-discovery,29,new-draft,ignored_after_review,ignored_after_review,0,idr,BGP UPDATE for SD-WAN Edge Discovery,"The document describes the BGP mechanisms for SD-WAN (Software
   Defined Wide Area Network) edge node attribute discovery.  These
   mechanisms include a new tunnel type and sub-TLVs for the BGP Tunnel-
   Encapsulation Attribute (RFC9012) and set of NLRI (network layer
   reachability information) for SD-WAN underlay information.",https://datatracker.ietf.org/doc/draft-ietf-idr-sdwan-edge-discovery/,2026-07-27,
draft-ietf-idr-ts-flowspec-srv6-policy-12,draft-ietf-idr-ts-flowspec-srv6-policy,12,new-draft,ignored_after_review,ignored_after_review,0,idr,Traffic Steering using BGP FlowSpec with SR Policy,"BGP Flow Specification defined in [RFC8955], [RFC8956] and [RFC9117]
   has been proposed to distribute BGP [RFC4271] FlowSpec NLRI to
   FlowSpec clients to mitigate (distributed) denial-of-service attacks,
   and to provide traffic filtering in the context of a BGP/MPLS VPN
   service.  Recently, traffic steering applications in the context of
   SR-MPLS and SRv6 using FlowSpec are being used in networks.  This
   document introduces the usage of BGP Flow Specification to steer
   packets into an SR Policy.",https://datatracker.ietf.org/doc/draft-ietf-idr-ts-flowspec-srv6-policy/,2026-07-27,
draft-ietf-iotops-mud-rats-03,draft-ietf-iotops-mud-rats,3,new-draft,read_now,trust_infrastructure,21,iotops,MUD-Based RATS Resources Discovery,"Manufacturer Usage Description (MUD) files and the MUD URIs that
   point to them are defined in RFC 8520.  This document introduces a
   new type of MUD file to be delivered in conjunction with a MUD file
   signature and/or to be referenced via a MUD URI embedded in other
   documents or messages, such as an IEEE 802.1AR Secure Device
   Identifier (DevID) or a CBOR Web Token (CWT).  These signed documents
   can be presented to other entities, e.g., a network management system
   or network path orchestrator.  If this entity also takes on the role
   of a verifier as defined by the IETF Remote ATtestation procedureS
   (RATS) architecture, this verifier can use the references included in
   the MUD file specified in this document to discover, for example,
   appropriate reference value providers, endorsement documents or
   endorsement distribution APIs, trust anchor stores, remote verifier
   services (sometimes referred to as Attestation Verification
   Services), or transparency logs.  All theses references in the MUD
   file pointing to resources and auxiliary RATS services can satisfy
   general RATS prerequisite by enabling discovery or improve discovery
   resilience of corresponding resources or services.",https://datatracker.ietf.org/doc/draft-ietf-iotops-mud-rats/,2026-07-27,
draft-ietf-ippm-encrypted-pdmv2-14,draft-ietf-ippm-encrypted-pdmv2,14,new-draft,monitor,authorization,6,ippm,IPv6 Performance and Diagnostic Metrics Version 2 (PDMv2) Destination Option,"RFC 8250 defines an IPv6 Destination Option that carries Performance
   and Diagnostic Metrics (PDM) such as sequence numbers and timing
   information.  While useful for measurement and troubleshooting,
   clear-text PDM data may expose operational characteristics of
   endpoints and networks.

   This document defines PDMv2, a revised version of PDM that introduces
   a registration-based security model.  Instead of specifying
   cryptographic algorithms or inline key negotiation, PDMv2 relies on a
   prior registration process to authenticate entities, authorize
   participation, and establish shared secrets.  These secrets are then
   used by endpoints and authorized analyzers to protect and interpret
   PDMv2 data according to local policy.

   This document specifies the PDMv2 semantics, header structure, and
   operational model.  Cryptographic algorithms, key derivation
   functions, and cipher negotiation are explicitly out of scope.",https://datatracker.ietf.org/doc/draft-ietf-ippm-encrypted-pdmv2/,2026-07-27,
draft-ietf-ipsecme-hybrid-kem-ikev2-frodo-02,draft-ietf-ipsecme-hybrid-kem-ikev2-frodo,2,new-draft,ignored_after_review,ignored_after_review,0,ipsecme,Post-quantum Key Exchange in IKEv2 with FrodoKEM,"FrodoKEM is an unstructured lattice based Key Encapsulation Mechanism
   (KEM), standardized by ISO.  Compared to ML-KEM, it is considered
   with more conservative security.  This draft specifies how to use
   FrodoKEM by itself or as an additional key exchange in IKEv2 along
   with a traditional key exchange.  These options enable to negotiate
   IKE and Child SA keys that are safe against a Cryptographically
   Relevant Quantum Computer (CRQC).",https://datatracker.ietf.org/doc/draft-ietf-ipsecme-hybrid-kem-ikev2-frodo/,2026-07-27,
draft-ietf-ipsecme-ikev2-pqc-auth-10,draft-ietf-ipsecme-ikev2-pqc-auth,10,new-draft,adjacent_watchlist,core_identity,3,ipsecme,Signature Authentication in the Internet Key Exchange Version 2 (IKEv2) using PQC,"Signature-based authentication methods are utilized in the Internet
   Key Exchange Version 2 (IKEv2).  The current version of the IKEv2
   protocol, specified in RFC 7296, supports traditional digital
   signatures.

   This document specifies a generic mechanism for integrating post-
   quantum cryptographic (PQC) digital signature algorithms into the
   IKEv2 protocol.  The approach allows for seamless inclusion of any
   PQC signature scheme within the existing authentication framework of
   IKEv2.  Additionally, it outlines how Module-Lattice-Based Digital
   Signatures (ML-DSA) and Stateless Hash-Based Digital Signatures (SLH-
   DSA), can be employed as authentication methods within the IKEv2
   protocol, as they have been standardized by US NIST.",https://datatracker.ietf.org/doc/draft-ietf-ipsecme-ikev2-pqc-auth/,2026-07-27,
draft-ietf-jmap-calendars-27,draft-ietf-jmap-calendars,27,new-draft,adjacent_watchlist,adjacent_watchlist,3,jmap,JSON Meta Application Protocol (JMAP) for Calendars,"This document specifies a data model for synchronizing calendar data
   with a server using JMAP.  Clients can use this to efficiently read,
   write, and share calendars and events, receive push notifications for
   changes or event reminders, and keep track of changes made by others
   in a multi-user environment.",https://datatracker.ietf.org/doc/draft-ietf-jmap-calendars/,2026-07-27,
draft-ietf-jose-json-proof-algorithms-14,draft-ietf-jose-json-proof-algorithms,14,new-draft,monitor,verifiable_claims,6,jose,JSON Proof Algorithms,"The JSON Proof Algorithms (JPA) specification registers cryptographic
   algorithms and identifiers to be used with the JSON Web Proof, JSON
   Web Key (JWK), and COSE specifications.  It defines IANA registries
   for these identifiers.",https://datatracker.ietf.org/doc/draft-ietf-jose-json-proof-algorithms/,2026-07-27,
draft-ietf-jose-json-proof-token-14,draft-ietf-jose-json-proof-token,14,new-draft,monitor,privacy_security,4,jose,JSON Proof Token and CBOR Proof Token,"JSON Proof Token (JPT) is a compact, URL-safe, privacy-preserving
   representation of claims to be transferred between three parties.
   The claims in a JPT are encoded as base64url-encoded JSON objects
   that are used as the payloads of a JSON Web Proof (JWP) structure,
   enabling them to be digitally signed and selectively disclosed.  JPTs
   also support reusability and unlinkability when using Zero-Knowledge
   Proofs (ZKPs).

   A CBOR-based representation of JPTs is also defined, called a CBOR
   Proof Token (CPT).  It has the same properties as JPTs, but uses the
   JSON Web Proof (JWP) CBOR Serialization, rather than the JSON-based
   JWP Compact Serialization.",https://datatracker.ietf.org/doc/draft-ietf-jose-json-proof-token/,2026-07-27,
draft-ietf-jose-json-web-proof-14,draft-ietf-jose-json-web-proof,14,new-draft,read_now,verifiable_claims,14,jose,JSON Web Proof,"The JOSE set of standards established JSON-based container formats
   for Keys, Signatures, and Encryption.  They also established IANA
   registries to enable the algorithms and representations used for them
   to be extended.  Since those were created, newer cryptographic
   algorithms that support selective disclosure and unlinkability have
   matured and started seeing early market adoption.  The COSE set of
   standards likewise does this for CBOR-based containers, focusing on
   the needs of environments which are better served using CBOR, such as
   constrained devices and networks.

   This document defines a new container format similar in purpose and
   design to JSON Web Signature (JWS) and COSE Signed Messages called a
   _JSON Web Proof (JWP)_.  Unlike JWS, which integrity-protects only a
   single payload, JWP can integrity-protect multiple payloads in one
   message.  It also specifies a new presentation form that supports
   selective disclosure of individual payloads, enables additional proof
   computation, and adds a Presentation Header to prevent replay.",https://datatracker.ietf.org/doc/draft-ietf-jose-json-web-proof/,2026-07-27,
draft-ietf-lamps-pq-composite-kem-18,draft-ietf-lamps-pq-composite-kem,18,new-draft,adjacent_watchlist,adjacent_watchlist,3,lamps,Composite ML-KEM for use in X.509 Public Key Infrastructure,"This document defines combinations of US NIST ML-KEM in hybrid with
   traditional algorithms RSA-OAEP, ECDH, X25519, and X448.  These
   combinations are tailored to meet security best practices and
   regulatory guidelines.  Composite ML-KEM is applicable in any
   application that uses X.509 or PKIX data structures that accept ML-
   KEM, but where the operator wants extra protection against breaks or
   catastrophic bugs in ML-KEM.",https://datatracker.ietf.org/doc/draft-ietf-lamps-pq-composite-kem/,2026-07-27,
draft-ietf-lamps-rfc8550bis-00,draft-ietf-lamps-rfc8550bis,0,new-draft,monitor,adjacent_watchlist,5,lamps,Secure/Multipurpose Internet Mail Extensions (S/MIME) Version 4.0 Certificate Handling,"This document specifies conventions for X.509 certificate usage by
   Secure/Multipurpose Internet Mail Extensions (S/MIME) v4.0 agents.
   S/MIME provides a method to send and receive secure MIME messages,
   and certificates are an integral part of S/MIME agent processing.  S/
   MIME agents validate certificates as described in RFC 5280 (""Internet
   X.509 Public Key Infrastructure Certificate and Certificate
   Revocation List (CRL) Profile"").  S/MIME agents must meet the
   certificate-processing requirements in this document as well as those
   in RFC 5280.  This document obsoletes RFC 5750.",https://datatracker.ietf.org/doc/draft-ietf-lamps-rfc8550bis/,2026-07-27,
draft-ietf-lisp-ecdsa-auth-17,draft-ietf-lisp-ecdsa-auth,17,new-draft,monitor,core_identity,6,lisp,LISP Control-Plane ECDSA Authentication and Authorization,"This draft describes how LISP control-plane messages can be
   individually authenticated and authorized without a a priori shared-
   key configuration.  Public-key cryptography is used with no new PKI
   infrastructure required.",https://datatracker.ietf.org/doc/draft-ietf-lisp-ecdsa-auth/,2026-07-27,
draft-ietf-lsr-isis-flex-algo-yang-21,draft-ietf-lsr-isis-flex-algo-yang,21,new-draft,adjacent_watchlist,adjacent_watchlist,3,lsr,A YANG Data Model for IS-IS Application-Specific Link Attributes and Flexible Algorithm,"This document defines a YANG data model to support IS-IS Application-
   Specific Link Attributes and Flexible Algorithm.",https://datatracker.ietf.org/doc/draft-ietf-lsr-isis-flex-algo-yang/,2026-07-27,
draft-ietf-lsr-ospf-flex-algo-yang-16,draft-ietf-lsr-ospf-flex-algo-yang,16,new-draft,adjacent_watchlist,adjacent_watchlist,3,lsr,A YANG Data Model for OSPF Application-Specific Link Attributes and Flexible Algorithm,"This document defines a YANG data model to support OSPF Application-
   Specific Link Attributes and Flexible Algorithm.  It also creates the
   initial version of IANA-maintained YANG modules for IGP Algorithm
   Types, IGP Metric-Types, and IGP Link Attribute Applications.

   This document updates RFCs 8665, 9350, and 9843.",https://datatracker.ietf.org/doc/draft-ietf-lsr-ospf-flex-algo-yang/,2026-07-27,
draft-ietf-mailmaint-imap-objectid-bis-06,draft-ietf-mailmaint-imap-objectid-bis,6,new-draft,adjacent_watchlist,core_identity,3,mailmaint,IMAP Extension for Object Identifiers,"This document defines the OBJECTID+ extension for IMAP, which
   obsoletes [RFC8474].  OBJECTID+ introduces a compound OBJECTID
   response format that bundles object identifiers into key-value pairs,
   an ACCOUNTID identifier for account-level context, OBJECTID response
   codes for the RENAME command, and identifier-based mailbox selection
   via SELECT and EXAMINE.  The OBJECTID+ extension is activated
   implicitly when a client uses any OBJECTID+-specific feature,
   ensuring backward compatibility with clients that only support
   [RFC8474].  This document also updates [RFC9698]: when JMAPACCESS is
   advertised alongside OBJECTID+, ACCOUNTID values MUST correspond to
   JMAP accountIds.",https://datatracker.ietf.org/doc/draft-ietf-mailmaint-imap-objectid-bis/,2026-07-27,
draft-ietf-masque-connect-ethernet-11,draft-ietf-masque-connect-ethernet,11,new-draft,adjacent_watchlist,adjacent_watchlist,3,masque,Proxying Ethernet Frames in HTTP,"This document describes how to proxy Ethernet frames in HTTP.  This
   protocol is similar to IP proxying in HTTP, but for Layer 2 instead
   of Layer 3.  More specifically, this document defines a protocol that
   allows an HTTP client to create a tunnel to exchange Layer 2 Ethernet
   frames through an HTTP server with an attached physical or virtual
   Ethernet segment.",https://datatracker.ietf.org/doc/draft-ietf-masque-connect-ethernet/,2026-07-27,
draft-ietf-masque-connect-udp-ecn-dscp-02,draft-ietf-masque-connect-udp-ecn-dscp,2,new-draft,adjacent_watchlist,adjacent_watchlist,3,masque,ECN and DSCP support for HTTPS's Connect-UDP,"HTTP's Extended Connect's Connect-UDP protocol enables a client to
   proxy a UDP flow from the HTTP server towards a specified target IP
   address and UDP port.  QUIC and Real-time transport protocol (RTP)
   are examples of transport protocols that use UDP and support Explicit
   Congestion Notification (ECN) and provide the necessary feedback.
   This document specifies how ECN and DSCP can be supported through an
   extension to the Connect-UDP protocol for HTTP without per-packet
   byte overhead, solely using Context IDs.",https://datatracker.ietf.org/doc/draft-ietf-masque-connect-udp-ecn-dscp/,2026-07-27,
draft-ietf-mlcodec-opus-extension-06,draft-ietf-mlcodec-opus-extension,6,new-draft,ignored_after_review,ignored_after_review,0,mlcodec,Extension Formatting for the Opus Codec,"This document updates RFC6716 to extend the Opus codec (RFC6716) in a
   way that maintains interoperability, while adding optional
   functionality.",https://datatracker.ietf.org/doc/draft-ietf-mlcodec-opus-extension/,2026-07-27,
draft-ietf-mlcodec-opus-speech-coding-enhancement-04,draft-ietf-mlcodec-opus-speech-coding-enhancement,4,new-draft,ignored_after_review,ignored_after_review,0,mlcodec,Integration of Speech Codec Enhancement Algorithms into the Opus Codec,"This document proposes a set of requirements for integrating a speech
   codec enhancement algorithm into the Opus codec [RFC6716].",https://datatracker.ietf.org/doc/draft-ietf-mlcodec-opus-speech-coding-enhancement/,2026-07-27,
draft-ietf-mls-pq-ciphersuites-06,draft-ietf-mls-pq-ciphersuites,6,new-draft,ignored_after_review,ignored_after_review,0,mls,ML-KEM and Hybrid Cipher Suites for Messaging Layer Security,"This document registers new cipher suites for Messaging Layer
   Security (MLS) based on ""post-quantum"" algorithms, which are intended
   to be resilient to attack by quantum computers.  These cipher suites
   are constructed using the new Module-Lattice Key Encapsulation
   Mechanism (ML-KEM), optionally in combination with traditional
   elliptic curve KEMs, together with appropriate authenticated
   encryption, hash, and signature algorithms.",https://datatracker.ietf.org/doc/draft-ietf-mls-pq-ciphersuites/,2026-07-27,
draft-ietf-mpls-lsp-ping-ioam-conf-state-02,draft-ietf-mpls-lsp-ping-ioam-conf-state,2,new-draft,ignored_after_review,ignored_after_review,0,mpls,LSP Ping/Traceroute for Enabled In-situ OAM Capabilities,"This document describes the application of the mechanism of
   discovering In-situ OAM (IOAM) capabilities, described in RFC 9359
   ""Echo Request/Reply for Enabled In Situ OAM (IOAM) Capabilities"", in
   MPLS networks.  The MPLS Node IOAM Information Query functionality
   uses the MPLS echo request/reply messages, allowing the IOAM
   encapsulating node to discover the enabled IOAM capabilities of each
   IOAM transit and IOAM decapsulating node.",https://datatracker.ietf.org/doc/draft-ietf-mpls-lsp-ping-ioam-conf-state/,2026-07-27,
draft-ietf-netconf-list-pagination-nc-12,draft-ietf-netconf-list-pagination-nc,12,new-draft,ignored_after_review,ignored_after_review,0,netconf,NETCONF Extensions to Support List Pagination,"This document defines a mapping of the list pagination mechanism
   defined in [I-D.ietf-netconf-list-pagination] to NETCONF [RFC6241].

   This document updates [RFC6241], to augment the <get> and <get-
   config> ""rpc"" statements, and [RFC8526], to augment the <get-data>
   ""rpc"" statement, to define input parameters necessary for list
   pagination.",https://datatracker.ietf.org/doc/draft-ietf-netconf-list-pagination-nc/,2026-07-27,
draft-ietf-netconf-list-pagination-rc-11,draft-ietf-netconf-list-pagination-rc,11,new-draft,ignored_after_review,ignored_after_review,0,netconf,RESTCONF Extensions to Support List Pagination,"This document defines a mapping of the list pagination mechanism
   defined in [I-D.ietf-netconf-list-pagination] to RESTCONF [RFC8040].

   This document updates RFC 8040, to declare ""list"" and ""leaf-list"" as
   valid resource targets for the RESTCONF GET operation, to define GET
   query parameters necessary for list pagination, and to define a
   media-type for XML-based lists.",https://datatracker.ietf.org/doc/draft-ietf-netconf-list-pagination-rc/,2026-07-27,
draft-ietf-netmod-yang-semver-28,draft-ietf-netmod-yang-semver,28,new-draft,ignored_after_review,ignored_after_review,0,netmod,YANG Semantic Versioning,"This document specifies a YANG extension along with guidelines for
   applying an extended set of semantic versioning rules to revisions of
   YANG artifacts (e.g., modules and packages).  Additionally, this
   document defines a YANG extension for controlling module imports
   based on these modified semantic versioning rules.

   This document updates RFCs 7950, 9907, and 8525.",https://datatracker.ietf.org/doc/draft-ietf-netmod-yang-semver/,2026-07-27,
draft-ietf-nfsv4-nfs-acl-03,draft-ietf-nfsv4-nfs-acl,3,new-draft,ignored_after_review,ignored_after_review,0,nfsv4,The Network File System Access Control List Protocol,"This Informational document describes the NFS_ACL protocol.  NFS_ACL
   is a legacy member of the Network File System family of protocols
   that NFS clients use to view and update Access Control Lists stored
   on an NFS version 2 or version 3 server.",https://datatracker.ietf.org/doc/draft-ietf-nfsv4-nfs-acl/,2026-07-27,
draft-ietf-nfsv4-uncacheable-directories-09,draft-ietf-nfsv4-uncacheable-directories,9,new-draft,ignored_after_review,ignored_after_review,0,nfsv4,Adding an Uncacheable Directory-Entry Metadata Attribute to NFSv4.2,"Network File System version 4.2 (NFSv4.2) clients may cache the file
   attributes returned by READDIR alongside each directory entry.  This
   caching is inherently best-effort: those attributes belong to the
   underlying files and change when the files are written, which the
   directory's change attribute does not track.  In some deployments the
   rate of file writes by other clients makes such caching produce
   incorrect size and timestamp values often enough to be a deployment
   problem.  This document introduces an uncacheable dirent metadata
   attribute for NFSv4.2 that allows a server to identify a directory
   for which an honoring client is required to retrieve directory-entry
   metadata from the server on each READDIR rather than serving the
   response from a local cache.",https://datatracker.ietf.org/doc/draft-ietf-nfsv4-uncacheable-directories/,2026-07-27,
draft-ietf-nfsv4-uncacheable-files-11,draft-ietf-nfsv4-uncacheable-files,11,new-draft,ignored_after_review,ignored_after_review,0,nfsv4,Adding an Uncacheable File Data Attribute to NFSv4.2,"Network File System version 4.2 (NFSv4.2) clients commonly perform
   client-side caching of file data in order to improve performance.  On
   some systems, applications may influence client data caching
   behavior, but there is no standardized mechanism for a server or
   administrator to indicate that particular file data should not be
   cached by clients for reasons of performance or correctness.  This
   document introduces a new file data caching attribute for NFSv4.2.
   Files marked with this attribute are intended to be accessed with
   client-side caching of file data suppressed, in order to support
   workloads that require predictable data visibility.  This document
   extends NFSv4.2.",https://datatracker.ietf.org/doc/draft-ietf-nfsv4-uncacheable-files/,2026-07-27,
draft-ietf-opsawg-discardmodel-15,draft-ietf-opsawg-discardmodel,15,new-draft,adjacent_watchlist,adjacent_watchlist,3,opsawg,Information and Data Models for Packet Discard Reporting,"This document defines an Information Model and specifies a
   corresponding YANG data model for packet discard reporting.  The
   Information Model provides an implementation-independent framework
   for classifying packet loss - both intended (e.g., due to policy) and
   unintended (e.g., due to congestion or errors) - to enable automated
   network mitigation of unintended packet loss.  The YANG data model
   specifies an implementation of this Information Model for network
   elements with a focus on interface, device, and control-plane
   discards.",https://datatracker.ietf.org/doc/draft-ietf-opsawg-discardmodel/,2026-07-27,
draft-ietf-opsawg-ipfix-gtpu-18,draft-ietf-opsawg-ipfix-gtpu,18,new-draft,adjacent_watchlist,core_identity,3,opsawg,Export of GTP-U Information in IP Flow Information Export (IPFIX),"This document introduces IP Flow Information Export (IPFIX)
   Information Elements to report information contained in the Generic
   Packet Radio Service Tunneling Protocol (GTP) User Plane header such
   as Tunnel Endpoint Identifier, and data contained in its session
   container extension header.",https://datatracker.ietf.org/doc/draft-ietf-opsawg-ipfix-gtpu/,2026-07-27,
draft-ietf-pce-flexible-grid-16,draft-ietf-pce-flexible-grid,16,new-draft,ignored_after_review,ignored_after_review,0,pce,PCEP Extension for Flexible Grid Networks,"This document provides the Path Computation Element Communication
   Protocol (PCEP) extensions for the support of Routing and Spectrum
   Assignment (RSA) in Flexible Grid networks.",https://datatracker.ietf.org/doc/draft-ietf-pce-flexible-grid/,2026-07-27,
draft-ietf-quic-receive-ts-03,draft-ietf-quic-receive-ts,3,new-draft,ignored_after_review,ignored_after_review,0,quic,QUIC Extended Acknowledgement for Reporting Packet Receive Timestamps,"This document defines an extension to the QUIC transport protocol
   which supports reporting multiple packet receive timestamps for post-
   handshake packets.",https://datatracker.ietf.org/doc/draft-ietf-quic-receive-ts/,2026-07-27,
draft-ietf-rats-concise-ta-stores-03,draft-ietf-rats-concise-ta-stores,3,new-draft,read_now,trust_infrastructure,12,rats,Concise TA Stores (CoTS),"Trust anchor (TA) stores may be used for several purposes in the
   Remote Attestation Procedures (RATS) architecture including verifying
   endorsements, reference values, digital letters of approval,
   attestations, or public key certificates.  This document describes a
   Concise Reference Integrity Manifest (CoRIM) extension that may be
   used to convey optionally constrained trust anchor stores containing
   optionally constrained trust anchors in support of these purposes.",https://datatracker.ietf.org/doc/draft-ietf-rats-concise-ta-stores/,2026-07-27,
draft-ietf-roll-enrollment-priority-18,draft-ietf-roll-enrollment-priority,18,new-draft,ignored_after_review,ignored_after_review,0,roll,Controlling Network Enrollment in RPL networks,"The Routing Protocol for Low-Power and Lossy Networks (RPL) manages
   the routing topology but lacks a mechanism to globally regulate how
   many new nodes, known as Pledges, can join a node in a 6TiSCH network
   at any given time.  Currently, Join Proxies (6LowPAN Routers) make
   local decisions about whether to facilitate a Pledge's enrollment
   based only on their immediate resources.

   This document introduces RPL extensions to ensure that enrollment
   remains orderly, prevents localized congestion at specific Join
   Proxies, and allows the network to stay within its operational
   capacity limits.",https://datatracker.ietf.org/doc/draft-ietf-roll-enrollment-priority/,2026-07-27,
draft-ietf-rtgwg-srv6-egress-protection-25,draft-ietf-rtgwg-srv6-egress-protection,25,new-draft,ignored_after_review,ignored_after_review,0,rtgwg,SRv6 Path Egress Protection,"This document describes the mechanism and operational guidelines for
   fast protecting the egress node and link of a Segment Routing for
   IPv6 (SRv6) path.  Topology Independent Loop-Free Alternate (TI-LFA)
   specifies fast protections for transit nodes and links of an SR path,
   but does not present protections for the egress node.  The solution
   uses a Mirror SID (End.M) behavior to steer traffic to a protector
   egress upon failure of the primary egress.  The Interior Gateway
   Protocol (IGP) (IS-IS/OSPFv3) extensions used to advertise the Mirror
   SID and protected locators are specified in
   [I-D.he-lsr-srv6-mirror-sid-igp-encoding]; they build on the IS-IS
   and OSPFv3 SRv6 extensions defined in [RFC9352] and [RFC9513].",https://datatracker.ietf.org/doc/draft-ietf-rtgwg-srv6-egress-protection/,2026-07-27,
draft-ietf-schc-8824-update-10,draft-ietf-schc-8824-update,10,new-draft,ignored_after_review,ignored_after_review,0,schc,Static Context Header Compression (SCHC) for the Constrained Application Protocol (CoAP),"This document defines how to compress Constrained Application
   Protocol (CoAP) headers using the Static Context Header Compression
   and fragmentation (SCHC) framework.  SCHC defines a header
   compression mechanism adapted for constrained devices, and it uses a
   static description of the header to reduce the header's redundancy
   and size.  While RFC 8724 describes the SCHC compression and
   fragmentation framework and its application for IPv6 and UDP headers,
   this document applies SCHC to CoAP headers.  The CoAP header
   structure differs from that of IPv6 and UDP headers, since CoAP uses
   a flexible header with a variable number of options that are in turn
   of variable length.  The CoAP message format is asymmetric, i.e.,
   request messages have a header format different from that of response
   messages.  This specification gives guidance on applying SCHC to
   flexible headers and on leveraging the message format asymmetry for
   defining more efficient compression Rules.  This document replaces
   and obsoletes RFC 8824.",https://datatracker.ietf.org/doc/draft-ietf-schc-8824-update/,2026-07-27,
draft-ietf-schc-compress-payload-00,draft-ietf-schc-compress-payload,0,new-draft,adjacent_watchlist,core_identity,3,schc,SCHC Payload Compression for Structured Formats,"This document describes techniques to adapt the SCHC framework
   (RFC8724), used for header compression, to also compress and
   decompress payload of specific protocols.  To this end, this document
   defines a new matching operator, equal-template, to check equality of
   field values with respect to a user-defined template, and a payload
   keyword to be used as Field IDentifier (FID) to signal the presence
   of payload to be compressed or decompressed.  Additionally, this
   document defines a set of template functions and variables to
   optimize user-defined templates, which can be extended through the
   IANA registry defined herein.",https://datatracker.ietf.org/doc/draft-ietf-schc-compress-payload/,2026-07-27,
draft-ietf-schc-over-networks-prone-to-disruptions-05,draft-ietf-schc-over-networks-prone-to-disruptions,5,new-draft,ignored_after_review,ignored_after_review,0,schc,Static Context Header Compression and Fragmentation over networks prone to disruptions,"This document describes the use of SCHC over different network
   topologies and devices regardless of their capabilities and
   configurations.  The use of SCHC will bring connectivity to devices
   with disruptive connections caused by restrained use of battery and
   connectionless setups with long delays and latency.",https://datatracker.ietf.org/doc/draft-ietf-schc-over-networks-prone-to-disruptions/,2026-07-27,
draft-ietf-sidrops-rpki-erik-protocol-06,draft-ietf-sidrops-rpki-erik-protocol,6,new-draft,ignored_after_review,ignored_after_review,0,sidrops,The Erik Synchronization Protocol for use with the Resource Public Key Infrastructure (RPKI),"This document specifies the Erik Synchronization Protocol for use
   with the Resource Public Key Infrastructure (RPKI).  Erik
   Synchronization can be characterized as a data replication system
   using Merkle trees, a content-addressable naming scheme, concurrency
   control using monotonically increasing sequence numbers, and HTTP
   transport.  Relying Parties can combine information retrieved via
   Erik Synchronization with other RPKI transport protocols.  The
   protocol's design is intended to be efficient, fast, easy to
   implement, and robust in the face of partitions or faults in the
   network.",https://datatracker.ietf.org/doc/draft-ietf-sidrops-rpki-erik-protocol/,2026-07-27,
draft-ietf-spice-glue-id-10,draft-ietf-spice-glue-id,10,new-draft,adjacent_watchlist,adjacent_watchlist,3,spice,GLobal Unique Enterprise (GLUE) Identifiers,"This specification establishes a URI scheme for GLobal Unique
   Enterprise (GLUE) Identifiers.  This enables URI identifiers to be
   used for businesses and organizations.  It enables organizational
   identities from existing authorities to be represented within this
   URI scheme.",https://datatracker.ietf.org/doc/draft-ietf-spice-glue-id/,2026-07-27,
draft-ietf-spice-oidc-cwt-06,draft-ietf-spice-oidc-cwt,6,new-draft,monitor,adjacent_watchlist,5,spice,OpenID Connect Standard Claims Registration for CBOR Web Tokens,"This document registers OpenID Connect standard claims already used
   in JSON Web Tokens for use in CBOR Web Tokens.",https://datatracker.ietf.org/doc/draft-ietf-spice-oidc-cwt/,2026-07-27,
draft-ietf-spring-stamp-srpm-mpls-04,draft-ietf-spring-stamp-srpm-mpls,4,new-draft,ignored_after_review,ignored_after_review,0,spring,Performance Measurement Using Simple Two-Way Active Measurement Protocol (STAMP) for Segment Routing over the MPLS Data Plane,"Segment Routing (SR) can be used to steer packets through a network
   employing source routing.  SR can be applied to both MPLS (SR-MPLS)
   and IPv6 (SRv6) data planes.  This document describes the procedures
   for Performance Measurement in SR-MPLS networks using the Simple Two-
   Way Active Measurement Protocol (STAMP), as defined in RFC 8762,
   along with its optional extensions defined in RFC 8972 and further
   augmented in RFC 9503.  The described procedures are used for SR-MPLS
   paths (including Segment Lists of SR-MPLS Policies, SR-MPLS IGP best
   paths, and SR-MPLS IGP Flexible Algorithm paths), as well as Layer-3
   and Layer-2 services over the SR-MPLS paths.",https://datatracker.ietf.org/doc/draft-ietf-spring-stamp-srpm-mpls/,2026-07-27,
draft-ietf-sshm-strict-kex-02,draft-ietf-sshm-strict-kex,2,new-draft,ignored_after_review,ignored_after_review,0,sshm,SSH Strict KEX extension,"This document describes a small set of modifications to the Secure
   Shell (SSH) protocol to fix the so-called Terrapin Attack on the
   initial key exchange.",https://datatracker.ietf.org/doc/draft-ietf-sshm-strict-kex/,2026-07-27,
draft-ietf-stir-8588bis-02,draft-ietf-stir-8588bis,2,new-draft,monitor,core_identity,6,stir,Personal Assertion Token (PaSSporT) Extension for Signature-based Handling of Asserted information using toKENs (SHAKEN),"This document extends the Personal Assertion Token (PASSporT), which
   is a token object that conveys cryptographically signed information
   about the participants involved in communications.  The extension is
   defined based on the ""Signature-based Handling of Asserted
   information using toKENs (SHAKEN)"" specification by the ATIS/SIP
   Forum IP-NNI Task Group.  It provides both (1) a specific set of
   levels of confidence in the correctness of the originating identity
   of a call originated in a SIP-based telephone network as well as (2)
   an identifier that allows the Service Provider (SP) to uniquely
   identify the origin of the call within its network.  This document
   obsoletes RFC8588.",https://datatracker.ietf.org/doc/draft-ietf-stir-8588bis/,2026-07-27,
draft-ietf-suit-update-management-14,draft-ietf-suit-update-management,14,new-draft,adjacent_watchlist,core_identity,3,suit,Update Management Extensions for Software Updates for Internet of Things (SUIT) Manifests,"This document specifies extensions to the SUIT manifest format.
   These extensions allow an update author, update distributor or device
   operator to more precisely control the distribution and installation
   of updates to devices.  These extensions also provide a mechanism to
   inform a management system of Software Identifier and Software Bill
   Of Materials information about an updated device.",https://datatracker.ietf.org/doc/draft-ietf-suit-update-management/,2026-07-27,
draft-ietf-tvr-off-path-exposure-03,draft-ietf-tvr-off-path-exposure,3,new-draft,ignored_after_review,ignored_after_review,0,tvr,Using off-path mechanisms for exposing Time-Variant Routing information,"Time-Variant Routing (TVR) involves predictable, scheduled changes to
   network topology elements such as nodes, links, and adjacencies that
   impact routing behavior over time.  All those changes can alter the
   connectivity in the network in a predictable manner, which is known
   as Time-Variant Routing (TVR).  This document proposes mechanisms for
   exposing TVR information to both internal and external applications,
   focusing on off-path solutions that decouple the advertisement of
   scheduled changes from the routing control plane signaling.",https://datatracker.ietf.org/doc/draft-ietf-tvr-off-path-exposure/,2026-07-27,
draft-ietf-uta-tls13-iot-profile-23,draft-ietf-uta-tls13-iot-profile,23,new-draft,adjacent_watchlist,adjacent_watchlist,3,uta,TLS/DTLS 1.3 Profiles for the Internet of Things,"RFC 7925 offers guidance to developers on using TLS/DTLS 1.2 for
   Internet of Things (IoT) devices with resource constraints.  This
   document is a companion to RFC 7925, defining TLS/DTLS 1.3 profiles
   for IoT devices.  Additionally, it updates RFC 7925 with respect to
   the X.509 certificate profile and ciphersuite requirements.

Discussion Venues

   This note is to be removed before publishing as an RFC.

   Source for this draft and an issue tracker can be found at
   https://github.com/thomas-fossati/draft-tls13-iot.",https://datatracker.ietf.org/doc/draft-ietf-uta-tls13-iot-profile/,2026-07-27,
draft-ietf-v6ops-nat64-wkp-1918-04,draft-ietf-v6ops-nat64-wkp-1918,4,new-draft,ignored_after_review,ignored_after_review,0,v6ops,NAT64 WKP,"This document modifies the requirement introduced in Section 3.1 of
   RFC6052 that the NAT64 Well-Known Prefix 64:ff9b::/96 MUST NOT be
   used to represent non-globally reachable IPv4 addresses, such as
   those defined in RFC1918 or listed in Section 2.2.2 of RFC6890.  The
   proposed change enables IPv6-only nodes to reach IPv4-only services
   with specific non-globally reachable addresses by leveraging the
   Well-Known Prefix.

   This document updates Section 3.1 of RFC6052 (""Restrictions on the
   Use of the Well-Known Prefix"") to allow packets in which an address
   is composed of the Well-Known Prefix and specific non-globally
   reachable IPv4 addresses to be translated.",https://datatracker.ietf.org/doc/draft-ietf-v6ops-nat64-wkp-1918/,2026-07-27,
draft-jeong-nmrg-i2icf-framework-01,draft-jeong-nmrg-i2icf-framework,1,new-draft,ignored_after_review,ignored_after_review,0,none,A Framework for the Interface to In-Network Computing Functions (I2ICF),"This document specifies a framework to define Interface to In-Network
   Computing Functions (I2ICF) for user services both on the network-
   level and application-level.  In-Network Computing Functions (ICF)
   include In-Network Network Functions (INF), defined in the context of
   Network Functions Virtualization (NFV) and Software-Defined
   Networking (SDN).  ICFs also include In-Network Application Functions
   (IAF) which appear in the context of Internet-of-Things (IoT)
   Devices, Software-Defined Vehicles (SDV), and Unmanned Aerial
   Vehicles (UAV).  This document describes an I2ICF framework, which
   includes components and interfaces to configure and monitor the ICFs
   that implement applications and services.",https://datatracker.ietf.org/doc/draft-jeong-nmrg-i2icf-framework/,2026-07-27,
draft-jeong-nmrg-i2icf-problem-statement-01,draft-jeong-nmrg-i2icf-problem-statement,1,new-draft,monitor,ai_infrastructure,5,none,Interface to In-Network Computing Functions (I2ICF): Problem Statement,"This document specifies the problem statement for the Interface to
   In-Network Computing Functions (I2ICF) for user services both on the
   network-level and application-level.  In-Network Computing Functions
   (ICF) include In-Network Network Functions (INF) which are defined in
   the context of Network Functions Virtualization (NFV) and Software-
   Defined Networking (SDN).  ICFs also include In-Network Application
   Functions (IAF) which appear in the context of Internet-of-Things
   (IoT) Devices, Software-Defined Vehicles (SDV), and Unmanned Aerial
   Vehicles (UAV).  Intent-Based Networking (IBN) can be used to compose
   user services and consist of a combination of ICFs in a target
   network.  This document investigates the need for a standard
   framework with the interfaces for ICFs, in terms of applications with
   the need to run Artificial Intelligence (AI) in the network and
   interoperability among multi-vendor ICFs.",https://datatracker.ietf.org/doc/draft-jeong-nmrg-i2icf-problem-statement/,2026-07-27,
draft-josefsson-sshsig-format-04,draft-josefsson-sshsig-format,4,new-draft,ignored_after_review,ignored_after_review,0,sshm,Lightweight Secure Shell (SSH) Signature Format,"This document describes a lightweight SSH Signature format that is
   compatible with SSH keys and wire formats.",https://datatracker.ietf.org/doc/draft-josefsson-sshsig-format/,2026-07-27,
draft-jurkovikj-collab-tunnel-03,draft-jurkovikj-collab-tunnel,3,new-draft,adjacent_watchlist,authorization,3,none,The Collaboration Content Transfer (TCT) Protocol,"This document specifies the Collaboration Content Transfer (TCT)
   Protocol, an experimental HTTP profile for efficient delivery of
   publisher-selected web content to automated clients.  TCT defines a
   deterministic JSON representation at a machine-facing URL,
   bidirectional discovery between human-facing and machine-facing
   resources, JSON sitemaps containing representation-validator hints,
   and conditional request behavior using ordinary strong ETags.

   TCT preserves standard HTTP validator scope: an M-URL ETag identifies
   the exact selected M-URL representation.  Optional Semantic
   Validators can correlate the logical state of human-facing and
   machine-facing representations, but are not required by TCT and do
   not replace ordinary cache validators.  TCT does not define
   authorization, licensing, content-use policy, or mutation semantics.",https://datatracker.ietf.org/doc/draft-jurkovikj-collab-tunnel/,2026-07-27,
draft-jurkovikj-http-semantic-validator-01,draft-jurkovikj-http-semantic-validator,1,new-draft,ignored_after_review,ignored_after_review,0,none,Semantic Validators for HTTP,"This document defines the Semantic-ETag HTTP response field and the
   If-Semantic-Match HTTP request field.  Unlike the standard ETag
   field, which identifies a selected representation, Semantic-ETag
   identifies a server-defined semantic state within an explicitly
   scoped semantic equivalence domain.  If-Semantic-Match enables origin
   servers to perform representation-independent optimistic concurrency
   control when different HTTP resources or representations expose the
   same logical state.

   This document does not update or replace the semantics of ETag, If-
   Match, or HTTP cache validation defined by RFC 9110.",https://datatracker.ietf.org/doc/draft-jurkovikj-http-semantic-validator/,2026-07-27,
draft-jurkovikj-httpapi-agentic-state-02,draft-jurkovikj-httpapi-agentic-state,2,new-draft,adjacent_watchlist,agent_identity,3,none,HTTP Profile for Conditional Updates to Shared Resource State (Agentic State Transfer),"HTTP applications frequently expose one logical object through
   several representations or resources.  Ordinary HTTP entity tags
   identify selected representations; they do not, by themselves,
   provide a conditional-update mechanism spanning different request
   targets.

   This document specifies Agentic State Transfer (AST), an HTTP profile
   for preventing lost updates to shared application state.  AST Core
   requires a client to mutate the State-Bearing Resource using the
   strong ETag of its State-Bearing Representation and the standard If-
   Match field.  AST Semantic uses Semantic-ETag and If-Semantic-Match
   when a protected mutation targets a different resource or
   representation in the same concurrency domain.  The profile also
   defines state discovery, atomic compare-and-commit behavior, conflict
   handling, deferred processing, caching constraints, and security
   requirements.",https://datatracker.ietf.org/doc/draft-jurkovikj-httpapi-agentic-state/,2026-07-27,
draft-kamimura-rats-behavioral-evidence-02,draft-kamimura-rats-behavioral-evidence,2,new-draft,read_now,trust_infrastructure,8,none,On the Relationship Between Remote Attestation and Behavioral Evidence Recording,"This document provides an informational discussion of the conceptual
   relationship between remote attestation, as defined in RFC 9334 (RATS
   Architecture), and behavioral evidence recording mechanisms.  It
   observes that these two verification capabilities address
   fundamentally different questions - attestation addresses ""Is this
   system in a trustworthy state?"" while behavioral evidence addresses
   ""What did the system actually do?"" - and discusses how they could
   conceptually complement each other in accountability frameworks.
   This document is purely descriptive: it does not propose any
   modifications to RATS architecture, define new mechanisms or
   protocols, or establish normative requirements.  It explicitly does
   not define any cryptographic binding between attestation and
   behavioral evidence.",https://datatracker.ietf.org/doc/draft-kamimura-rats-behavioral-evidence/,2026-07-27,
draft-kamimura-scitt-vcp-03,draft-kamimura-scitt-vcp,3,new-draft,read_now,trust_infrastructure,17,none,A SCITT Profile for Verifiable Audit Trails in Algorithmic Trading: The VeritasChain Protocol (VCP),"This document defines a profile of the SCITT (Supply Chain Integrity,
   Transparency, and Trust) architecture for creating tamper-evident
   audit trails of AI-driven algorithmic trading decisions and
   executions.  The VeritasChain Protocol (VCP) applies the SCITT
   framework to address the specific requirements of financial markets,
   including high-precision timestamps, regulatory compliance
   considerations (EU AI Act, MiFID II), and privacy-preserving
   mechanisms (crypto-shredding) compatible with GDPR.  This profile
   specifies how VCP events are encoded as SCITT Signed Statements,
   registered with Transparency Services, and verified using COSE
   Receipts.  It further defines SCITT conformance profiles for
   interoperability and an ERASURE event type that records crypto-
   shredding operations as immutable audit events.

About This Document

   This note is to be removed before publishing as an RFC.

   The latest version of this document, along with implementation
   resources and test vectors, can be found at
   https://github.com/veritaschain/vcp-spec.

   Discussion of this document takes place on the SCITT Working Group
   mailing list (scitt@ietf.org).

   Changes from -02:

   *  Updated to align with VCP Specification v1.2

   *  Added SCITT Alignment Object and conformance profiles
      (Section 4.4)

   *  Added ERASURE event type recording crypto-shredding operations
      (Section 6.3)

   *  Corrected the post-quantum SignAlgo registry value from DILITHIUM3
      to DILITHIUM2 (ML-DSA, FIPS 204)

   *  PolicyID examples migrated to the Issuer Domain + Local ID naming
      convention defined in VCP v1.2",https://datatracker.ietf.org/doc/draft-kamimura-scitt-vcp/,2026-07-27,
draft-kamimura-vap-framework-01,draft-kamimura-vap-framework,1,new-draft,read_now,trust_infrastructure,27,none,Verifiable AI Provenance Framework (VAP): An Architectural Framework for Evidentiary-Grade AI Decision Trails,"Automated decision-making systems, including AI and algorithmic
   systems in critical infrastructure, currently lack standardized
   mechanisms for producing evidentiary-grade provenance records that
   can withstand independent verification.  Traditional logging
   approaches fail to provide the cryptographic guarantees required for
   regulatory compliance, forensic investigation, and cross-
   organizational accountability.

   This document describes the Verifiable AI Provenance Framework (VAP),
   an architectural framework that defines requirements for producing
   verifiable decision trails using existing IETF security technologies.
   VAP does not define new protocols or cryptographic primitives;
   rather, it provides an architectural coordination layer that enables
   domain-specific profiles to leverage Supply Chain Integrity,
   Transparency and Trust (SCITT), Remote Attestation Procedures (RATS),
   CBOR Object Signing and Encryption (COSE), and related IETF work in a
   consistent manner.

   This document is intended to frame the problem space and facilitate
   discussion about whether architectural coordination work is needed in
   this area.",https://datatracker.ietf.org/doc/draft-kamimura-vap-framework/,2026-07-27,
draft-kavian-aep-api-key-session-credential-02,draft-kavian-aep-api-key-session-credential,2,new-draft,read_now,core_identity,7,none,API-Key Session Credential Grant Type for the Agent Enrollment Protocol,"This document defines the API-key session-credential grant type for
   the Agent Enrollment Protocol (AEP).  The grant type lets an AEP
   Service issue an opaque API key through the AEP Grant command for
   deployments that already operate header-based API-key authentication.",https://datatracker.ietf.org/doc/draft-kavian-aep-api-key-session-credential/,2026-07-27,
draft-kavian-aep-basic-session-credential-02,draft-kavian-aep-basic-session-credential,2,new-draft,read_now,core_identity,7,none,Basic Session Credential Grant Type for the Agent Enrollment Protocol,"This document defines the Basic session-credential grant type for the
   Agent Enrollment Protocol (AEP).  The grant type lets an AEP Service
   issue an HTTP Basic credential through the AEP Grant command for
   deployments that already integrate with Basic authentication
   middleware.",https://datatracker.ietf.org/doc/draft-kavian-aep-basic-session-credential/,2026-07-27,
draft-kavian-aep-claims-00,draft-kavian-aep-claims,0,new-draft,adjacent_watchlist,ignored_after_review,2,none,AEP Claim Values,"This document defines a claim-value catalog for the Agent Enrollment
   Protocol (AEP).  It specifies stable claim names and forward-
   compatible JSON value shapes that Agents can submit during enrollment
   when requested by a Service Inspect document.",https://datatracker.ietf.org/doc/draft-kavian-aep-claims/,2026-07-27,
draft-kavian-aep-oauth-session-credential-02,draft-kavian-aep-oauth-session-credential,2,new-draft,read_now,core_identity,13,none,OAuth Bearer Session Credential Grant Type for the Agent Enrollment Protocol,"This document defines the OAuth Bearer session-credential grant type
   for the Agent Enrollment Protocol (AEP).  The grant type lets an AEP
   Service issue an OAuth-style Bearer access token through the AEP
   Grant command while preserving baseline AEP client assertion
   authentication as the root of trust.",https://datatracker.ietf.org/doc/draft-kavian-aep-oauth-session-credential/,2026-07-27,
draft-kavian-aep-platform-hosted-identity-00,draft-kavian-aep-platform-hosted-identity,0,new-draft,read_now,core_identity,7,none,AEP Platform Hosted Identity,"This document defines interoperable hosted identity behavior for
   Agent Enrollment Protocol (AEP) Platforms.  It lets a Platform
   provision Service-scoped Agent did:web identities, publish DID
   documents, custody signing keys, and produce AEP client assertion
   JWTs through delegated signing operations.",https://datatracker.ietf.org/doc/draft-kavian-aep-platform-hosted-identity/,2026-07-27,
draft-kavian-agent-enrollment-protocol-02,draft-kavian-agent-enrollment-protocol,2,new-draft,read_now,core_identity,8,none,The Agent Enrollment Protocol,"The Agent Enrollment Protocol (AEP) defines an HTTP-based mechanism
   for autonomous agents to discover service enrollment requirements,
   enroll an agent identity, obtain optional session credentials, revoke
   those credentials, and query enrollment status.  AEP uses
   Decentralized Identifiers, client assertion JWTs, and HTTP Problem
   Details to provide a narrow machine-first enrollment and
   authentication substrate for agent-to-service interactions.",https://datatracker.ietf.org/doc/draft-kavian-agent-enrollment-protocol/,2026-07-27,
draft-king-yew-choo-agentic-payments-00,draft-king-yew-choo-agentic-payments,0,new-draft,monitor,adjacent_watchlist,5,none,A Server-Side Model for Gating Agent-Initiated Human-Sourced Asynchronous HTTP Tasks on Payment or Entitlement,"This document presents a server-side model for paid, human-sourced
   asynchronous HTTP tasks initiated by software agents acting on behalf
   of a principal.  Clients may retry after uncertain outcomes and act
   under authority delegated in advance, while fulfilment incurs cost
   and may not be freely reversible.

   The model places a payment or entitlement gate before fulfilment,
   maps that gate to adjacent protocols, and defines a task state
   machine.  Under stated well-formedness constraints and operating
   assumptions, it yields gate-before-fulfilment safety, at most one
   task per retained idempotency key, at most one gate acceptance per
   payment requirement, and an operator-checkable record linking a
   delivered artefact to operator-controlled records.  It defines no
   protocol, wire format, or conformance requirements.",https://datatracker.ietf.org/doc/draft-king-yew-choo-agentic-payments/,2026-07-27,
draft-koch-openpgp-webkey-service-22,draft-koch-openpgp-webkey-service,22,new-draft,ignored_after_review,ignored_after_review,0,none,OpenPGP Web Key Directory,"This specification describes a service to locate OpenPGP and LibrePGP
   keys by mail address using a Web service and the HTTPS protocol.  It
   also provides a method for secure communication between the key owner
   and the mail provider to publish and revoke the public key.",https://datatracker.ietf.org/doc/draft-koch-openpgp-webkey-service/,2026-07-27,
draft-kondoju-evc-00,draft-kondoju-evc,0,new-draft,read_now,authorization,10,none,An External Verifier Contract for Agent Authorization Decisions,"This document specifies the External Verifier Contract (EVC): a
   small, testable, proof-system-agnostic boundary between a host (the
   program about to take a privileged action on an agent's behalf) and
   an external verifier (a subprocess that renders an allow/deny verdict
   on an opaque proof bundle).  The contract governs only the transport
   and verdict envelope: how the host hands a single JSON request to a
   verifier subprocess over stdin, how the verifier answers with exactly
   one JSON verdict on stdout, and how the host interprets exit codes,
   timeouts, and malformed output under a fail-closed rule.  Three
   properties make the boundary standardizable: (1) a single-shot
   subprocess transport with a closed JSON verdict schema; (2) fail-
   closed host semantics that are independently testable by a host-
   conformance suite; and (3) proof-system agnosticism, so the same
   envelope carries classical-signature, zero-knowledge, and third-party
   verdicts, distinguished only by an OPTIONAL self-description field.
   EVC is deliberately not a governance framework, not a delegation
   model, and not a policy language.  It is the narrow decision boundary
   those larger systems all require at the point of enforcement.",https://datatracker.ietf.org/doc/draft-kondoju-evc/,2026-07-27,
draft-krickert-pipestream-03,draft-krickert-pipestream,3,new-draft,ignored_after_review,ignored_after_review,0,none,PipeStream: A Recursive Entity Streaming Protocol for Distributed Processing over QUIC,"This document specifies PipeStream, a recursive scatter-gather
   streaming protocol for hierarchical task decomposition and
   distributed processing over QUIC transport.  PipeStream enables the
   decomposition (scattering) of complex, arbitrary workloads into
   constituent sub-tasks, their transmission across distributed
   processing nodes, and subsequent rehydration (gathering) at
   destination endpoints.

   While application-layer protocols like gRPC provide stream
   multiplexing, PipeStream embeds a hierarchical state machine directly
   into the protocol.  It employs a dual-stream architecture consisting
   of a data stream for payload transmission and a control stream for
   tracking completion status and maintaining distributed consistency.

   PipeStream defines a generic 2-bit Data Layer field for entity
   representation, leaving the concrete payload semantics to application
   profiles.  To ensure consistency across parallel processing
   pipelines, the protocol implements checkpoint blocking, guaranteeing
   that all constituent parts of a decomposed workload are successfully
   processed before rehydration operations commence.",https://datatracker.ietf.org/doc/draft-krickert-pipestream/,2026-07-27,
draft-krickert-pipestream-docproc-00,draft-krickert-pipestream-docproc,0,new-draft,adjacent_watchlist,ignored_after_review,2,none,PipeStream Application Profile for Distributed Document Processing,"This document defines an Application Profile for the PipeStream core
   protocol, mapping its generic recursive scatter-gather semantics to
   the domain of distributed document processing, AI ingestion, and
   retrieval-augmented generation (RAG) pipelines.

   This profile defines the concrete semantics for the four PipeStream
   Data Layers: BlobBag (Layer 0), SemanticLayer (Layer 1), ParsedData
   (Layer 2), and CustomEntity (Layer 3).  It also specifies the PipeDoc
   application-level envelope, ownership contexts for multi-tenant
   environments, and profile conventions for document-oriented
   processing and archival correlation.",https://datatracker.ietf.org/doc/draft-krickert-pipestream-docproc/,2026-07-27,
draft-krierhorn-idr-upa-04,draft-krierhorn-idr-upa,4,new-draft,ignored_after_review,ignored_after_review,0,none,BGP Unreachable Prefix Announcement (UPA),"Summarization is often used in multi-domain networks to improve
   network efficiency and scalability.  With summarization in place,
   there is a need to signal loss of reachability to an individual
   prefix covered by the summary.  This enables fast convergence by
   steering traffic away from the node which owns the prefix and is no
   longer reachable.

   This document specifies the mechanism, referred to as Unreachable
   Prefix Announcement (UPA), for networks where BGP is used to carry
   summary routes.  It is also equally beneficial for operators to share
   the unreachable prefixes.",https://datatracker.ietf.org/doc/draft-krierhorn-idr-upa/,2026-07-27,
draft-kriswamy-bess-evpn-perflow-df-02,draft-kriswamy-bess-evpn-perflow-df,2,new-draft,ignored_after_review,ignored_after_review,0,none,Per-Flow EVPN Designated Forwarder Election,"The Ethernet Virtual Private Network (EVPN) solution offers
   procedures for electing a Designated Forwarder (DF) for multihomed
   Ethernet Segments.  In this context, the Provider Edge (PE) router is
   responsible for sending Broadcast, Unknown Unicast, and Multicast
   (BUM) traffic to a multihomed device or network.  This applies in
   cases of an all-active multihomed Ethernet Segment (ES) as well as
   for BUM and unicast traffic in the case of single-active multihoming.
   While the Default Algorithm provides an efficient and automated
   mechanism for selecting the DF across Ethernet Tags within an
   Ethernet Segment, it does not provide Per-flow DF selection within an
   EVPN Instance (EVI).

   This document defines a new DF Election Algorithm that performs Per-
   flow DF selection by defining a new DF Algorithm value.",https://datatracker.ietf.org/doc/draft-kriswamy-bess-evpn-perflow-df/,2026-07-27,
draft-kumaresan-counter-sign-00,draft-kumaresan-counter-sign,0,new-draft,read_now,authorization,13,none,counter-sign: An Open Protocol for Agent-to-Human Authorization,"Autonomous software agents can now take consequential actions on an
   organization's behalf, such as moving money or changing production
   systems.  Existing agent protocols standardize how an agent reaches
   tools and how agents reach one another, but not how a specific action
   is authorized by a human in a way that stays verifiable after the
   fact.  This document describes counter-sign, an open protocol for
   agent-to-human authorization.  An agent emits a signed Intent that
   states the action it proposes to take.  One or more humans return
   signed Countersignatures that authorize the action, each signed with
   a key the coordinating service does not hold.  Every decision
   produces a tamper-evident receipt that can be verified offline.  The
   protocol defines the Intent and Countersignature objects, a per-
   approver-key quorum model for separation of duty, an enrollment
   registry that binds actors to keys, and a hash-chained receipt log.
   Conformance test vectors accompany the specification.",https://datatracker.ietf.org/doc/draft-kumaresan-counter-sign/,2026-07-27,
draft-laxsharma-pact-00,draft-laxsharma-pact,0,new-draft,read_now,adjacent_watchlist,15,none,PACT: A Contract Layer for Autonomous Agent Commerce,"Existing agent interoperability protocols move tasks (A2A) and money
   (x402, AP2) but provide no mechanism that binds work to payment to
   proof of completion.  This document specifies PACT (Propose, Agree,
   Complete, Trust), an application-layer contract protocol for commerce
   between autonomous agents.  PACT defines (1) a sealed-bid second-
   price task-award procedure; (2) the Verifiable Task Contract (VTC), a
   signed JSON object binding parties, scope, price, verification
   method, and liability; (3) escrowed, optimistically released
   settlement with a fraud-proof challenge window; (4) graded
   verification methods ranging from deterministic re-execution to zero-
   knowledge proofs of inference and staked arbitration; and (5) co-
   signed Work Attestations from which agent reputation is derived as a
   byproduct of settlement.  PACT composes existing primitives:
   Decentralized Identifiers, JSON Web Signatures, OAuth token-exchange
   delegation chains, the x402 payment protocol, and AP2 mandates.",https://datatracker.ietf.org/doc/draft-laxsharma-pact/,2026-07-27,
draft-le-carrier-identity-core-00,draft-le-carrier-identity-core,0,new-draft,adjacent_watchlist,core_identity,3,none,Carrier Identity Core: A Proof-Bearing Kernel for Content-Derived Node Identity and Structural Graphs,"This document specifies Carrier Identity Core, a minimal, proof-
   bearing identity kernel for content-derived node identity, canonical
   references, and finite structural graphs.

   It defines a finite-sequence substrate, a self-contained frame and
   hash interface, staged formation of immutable lanes, node bodies and
   proof-bearing occurrences, Qualified Node Keys, canonical reference
   construction, exact structural theorem schemas, and structural graph
   validity.

   Informative derivations of the exact structural theorem schemas are
   provided in an informative appendix.

   This document does not define computational security experiments,
   evidence records, proof admission, resource evaluation, consensus,
   liveness, finality, governance, or operational protocol behavior.",https://datatracker.ietf.org/doc/draft-le-carrier-identity-core/,2026-07-27,
draft-lenders-dns-cbor-18,draft-lenders-dns-cbor,18,new-draft,ignored_after_review,ignored_after_review,0,none,A Concise Binary Object Representation (CBOR) of DNS Messages,"This document specifies a compact data format of DNS messages using
   the Concise Binary Object Representation [RFC8949].  The primary
   purpose is to keep DNS messages small in constrained networks.",https://datatracker.ietf.org/doc/draft-lenders-dns-cbor/,2026-07-27,
draft-lg-bmwg-benchmarking-methodology-for-rov-03,draft-lg-bmwg-benchmarking-methodology-for-rov,3,new-draft,adjacent_watchlist,authorization,3,none,Benchmarking Methodology for Route Origin Validation (ROV),"This document defines a benchmarking methodology for routers that
   implement Route Origin Validation (ROV).  The methodology focuses on
   device-level behavior, including processing of validated Route Origin
   Authorization (ROA) payload (VRP) updates, the interaction between
   ROV and BGP, resource utilization, and the scalability of ROV under
   varying operational conditions.  The procedures described here follow
   the principles and constraints of the Benchmarking Methodology
   Working Group (BMWG) and are intended to produce repeatable and
   comparable results across implementations.",https://datatracker.ietf.org/doc/draft-lg-bmwg-benchmarking-methodology-for-rov/,2026-07-27,
draft-li-cats-task-segmentation-framework-02,draft-li-cats-task-segmentation-framework,2,new-draft,adjacent_watchlist,adjacent_watchlist,3,none,A Task Segmentation Framework for Computing-Aware Traffic Steering,"This document proposes an extension to the Computing-Aware Traffic
   Steering (CATS) framework by introducing a task segmentation module.
   This extension enables the CATS framework to handle divisible
   computing requests by breaking them down into smaller computational
   units, referred to as ""Task"".  The document focuses on two primary
   task segmentation modes: the distributed mode and the chain-
   structured Directed Acyclic Graph (DAG) model, providing detailed
   workflows for each.",https://datatracker.ietf.org/doc/draft-li-cats-task-segmentation-framework/,2026-07-27,
draft-li-coap-task-resources-01,draft-li-coap-task-resources,1,new-draft,adjacent_watchlist,adjacent_watchlist,3,none,CoAP Extensions for Asynchronous Task Resources,"Many operations on constrained devices cannot complete within a
   single CoAP request and response exchange.  Examples include firmware
   installation, diagnostic procedures, commissioning, calibration, and
   physical actuation.

   This document defines a common lifecycle model for representing such
   operations as addressable CoAP Task Resources.  It specifies task
   creation, state monitoring, discovery, cancellation, terminal-state
   retention, and eventual removal.  It also defines a four-part request
   payload model, identified by the existing CoAP Content-Format Option,
   for carrying resource operations together with task execution
   controls.  No new CoAP Option is defined.",https://datatracker.ietf.org/doc/draft-li-coap-task-resources/,2026-07-27,
draft-li-oauth-delegated-authorization-03,draft-li-oauth-delegated-authorization,3,new-draft,read_now,authorization,9,none,OAuth 2.0 Delegated Authorization,"This specification defines Delegated Authorization Tokens, key-bound
   tokens that enable an OAuth client to delegate a constrained subset
   of its authorization to another client without contacting the
   authorization server for each delegation.  An authorization server
   issues the root token and binds it to a client key.  That client can
   use the bound key either to prove possession when accessing a
   protected resource or to sign a further token bound to a delegate
   client's key.  Resource servers validate the ordered token chain, the
   restrictions imposed at every delegation step, and a DPoP proof
   signed by the key bound to the leaf token.",https://datatracker.ietf.org/doc/draft-li-oauth-delegated-authorization/,2026-07-27,
draft-linkova-6man-ununra-02,draft-linkova-6man-ununra,2,new-draft,ignored_after_review,ignored_after_review,0,none,Unicast Unsolicited Router Advertisements for Propagating Network Configuration Updates,"Multicast transmissions on Wi-Fi links are known to be unreliable,
   making the propagation of critical network configuration changes via
   multicast Router Advertisements (RAs) prone to failure or severe
   delay.  Existing approaches to improve reliability, such as sending
   multiple unsolicited multicast RAs, require fine-tuning timers and
   packet counts that may not fit all deployment scenarios.

   This document updates RFC 4861 by introducing an optimization: when a
   router detects a configuration change that must be propagated to
   hosts, it sends unicast Router Advertisements to every client
   recently observed on that interface.",https://datatracker.ietf.org/doc/draft-linkova-6man-ununra/,2026-07-27,
draft-lohmann-qikvrt-effect-ack-01,draft-lohmann-qikvrt-effect-ack,1,new-draft,monitor,authorization,6,none,QIK-VRT Effect Acknowledgement: Separating Receipt from Authorization for Downstream Effect,"Transport acknowledgements establish technical receipt; they do not
   establish that a received information unit is understood, policy-
   compliant, or authorized to produce a downstream effect.  This
   document defines an Experimental application-layer control record,
   called EFFECT_ACK, that separates receipt from effect authorization.

   The protocol has five closed version-1 outcomes.  Ordinary downstream
   release is permitted only for EFFECT_ACK_DONE and only after
   validation of the record, its policy and evidence bindings, its
   freshness, and its authenticated origin.  This document specifies the
   state-selection algorithm, version handling, a deterministic JSON
   representation, hash chaining, timeout behavior, conformance
   requirements, and security and privacy boundaries.

   This protocol does not modify TCP, QUIC, or the OSI model; does not
   solve the halting problem; and does not establish the truth of
   external evidence.  It provides a machine-checkable authorization
   boundary under explicitly stated deployment assumptions.",https://datatracker.ietf.org/doc/draft-lohmann-qikvrt-effect-ack/,2026-07-27,
draft-mahy-oob-aad-00,draft-mahy-oob-aad,0,new-draft,ignored_after_review,ignored_after_review,0,none,MLS Extension for Out-Of-Band Additional Authenticated Data,"This document specifies an explicit way to signal that the Additional
   Authenticated Data does include or should include data elements that
   are conveyed out-of-band (ex: are not in the MLS message).",https://datatracker.ietf.org/doc/draft-mahy-oob-aad/,2026-07-27,
draft-marenamat-grow-route-server-nh-translation-02,draft-marenamat-grow-route-server-nh-translation,2,new-draft,ignored_after_review,ignored_after_review,0,none,Route Server Next Hop Translation,"With the advent of RFC8950, Internet Exchange Points (IXPs) are
   enabled to rely solely on IPv6 addresses for adressing in their
   peering LANs.  However, routers not supporting RFC8950 are a
   technical roadblock.

   It is easier to extend the capabilities of the IXP Route Server (RS)
   instead of those of every unsupporting router.  Thus, this document
   introduces the concept of Specific Local Address Tables (SLATs).
   SLATs translate BGP next hops between all IXP members, regardless of
   their RFC8950 support, paving the way for IPv6-only IXPs.

   This document also introduces another, more transparent variant of
   BGP next hop translation applicable in IXPs which do not employ ARP
   and ND proxying.

   This document updates RFC 7947 by specifying an allowed route
   modification at the route server.",https://datatracker.ietf.org/doc/draft-marenamat-grow-route-server-nh-translation/,2026-07-27,
draft-mbci-ippm-ioam-template-option-03,draft-mbci-ippm-ioam-template-option,3,new-draft,ignored_after_review,ignored_after_review,0,none,"In Situ Operations, Administration, and Maintenance (IOAM) Template Option","In situ measurement is performed by incorporating performance related
   information into in-flight data packets.  This document specifies a
   new IOAM Option-Type that has a fixed length and can be updated by
   transit nodes along the path.  It enables lightweight monitoring
   while maintaining a constant length that is not changed in-flight and
   is not affected by the number of hops in the network.",https://datatracker.ietf.org/doc/draft-mbci-ippm-ioam-template-option/,2026-07-27,
draft-mcgraw-httpapi-agent-budget-03,draft-mcgraw-httpapi-agent-budget,3,new-draft,read_now,verifiable_claims,21,none,The Delegation HTTP Authentication Scheme for Request-Bound Authority,"Delegated software requesters increasingly make HTTP requests that
   spend, consume, disclose, mutate, invoke, or actuate on behalf of
   human or organizational principals.  Existing HTTP authentication
   mechanisms indicate whether a requester holds a credential.
   RateLimit fields communicate server-advertised quota and current
   service-limit information.  HTTP Message Signatures can protect
   selected components of an HTTP message.  None of these mechanisms
   directly defines a common origin-server challenge for a requester to
   present verifiable, bounded authority from its principal before the
   server performs protected processing.

   This document defines the ""Delegation"" HTTP authentication scheme,
   response semantics for delegated-authority challenges using existing
   HTTP status codes and Problem Details, the Delegation-Proof HTTP
   field, and a COSE/CBOR proof carriage model for request-bound
   delegated authority.  The initial authority profile is the Budget
   profile, which uses a CBOR/COSE Budget-Attestation envelope to prove
   bounded authority to spend, consume metered service units, or commit
   bounded resources.  The mechanism is algorithm-agile; the initial
   cose-ml-dsa proof profile uses existing JOSE and COSE serializations
   for ML-DSA, with ML-DSA-65 as the baseline algorithm and ML-DSA-87
   available as a high-assurance deployment policy option.  A dedicated
   4NN Delegated Authority Required status code remains an open design
   question for HTTP Working Group review; this revision does not depend
   on that status code and does not define payment semantics.  This
   revision also defines a mandatory-to-implement preflight flow for
   large proof profiles so that GET and HEAD requests do not depend on
   request content, and so that requests with application
   representations do not need to multiplex the application body and the
   proof body in a single content stream.

   For implementation experience, this individual draft also includes
   the initial Budget authority profile.  The HTTP authentication
   scheme, status-code semantics, Problem Details members, and field-
   carriage rules are intentionally separable from the COSE/CBOR Budget
   profile.  If a Working Group chooses to progress the HTTP mechanism
   independently, the Budget authority profile can be moved to a
   companion profile document without changing the Delegation challenge
   semantics defined here.",https://datatracker.ietf.org/doc/draft-mcgraw-httpapi-agent-budget/,2026-07-27,
draft-miller-sshm-composite-sigs-00,draft-miller-sshm-composite-sigs,0,new-draft,ignored_after_review,ignored_after_review,0,none,Post-Quantum Composite Signatures in SSH,"This document specifies the integration of two composite post-quantum
   signature schemes into the Secure Shell (SSH) protocol.  These
   schemes combine the post-quantum Module-Lattice Digital Signature
   Algorithm (ML-DSA) with Elliptic Curve signature algorithms (Ed25519
   and ECDSA, respectively) to provide security against both quantum and
   classical adversaries.",https://datatracker.ietf.org/doc/draft-miller-sshm-composite-sigs/,2026-07-27,
draft-morrison-binding-moment-envelope-01,draft-morrison-binding-moment-envelope,1,new-draft,read_now,adjacent_watchlist,7,none,The Briefing-and-Binding Envelope: A Delivery Contract for Agent-to-Principal Decision Moments with Dual-Veto Reconciliation,"This memo specifies the briefing-and-binding envelope: a delivery
   contract for the wire-level structure by which an artificial-
   intelligence agent surfaces a consequential decision to the human
   principal it acts for, and by which the principal commits, declines,
   amends, or rejects that decision.  The envelope carries eight named
   slots (a synopsis, findings, recommendations, an offer of detail, a
   question stem, a set of options each marked with its own reasoning, a
   single recommended option, and a pair of escape hatches) and is
   emitted as a structured field of a Model Context Protocol [MCP] tool
   result.  The contribution is the delivery contract itself: a single
   renderer-agnostic envelope so that the briefing an agent delivers and
   the binding a principal commits back have one machine-checkable shape
   across every consuming surface.  The central element is the dual-veto
   handshake: one escape hatch lets the principal revise the answer
   space while accepting the question; the other lets the principal
   reject the question itself and reopen deliberation.  Either party may
   veto.  The memo defines a content digest over the envelope,
   canonicalized under JCS and hashed with SHA-256, so that a resolution
   names the exact envelope it resolves and an external receipt can
   reference that envelope by digest.  The memo is Informational.  No
   new transport is introduced; the envelope composes with the handle
   namespace of [IDPRONOUNS] and the MCP tool surface of [POLICYPROV].",https://datatracker.ietf.org/doc/draft-morrison-binding-moment-envelope/,2026-07-27,
draft-morrison-consent-settlement-02,draft-morrison-consent-settlement,2,new-draft,read_now,core_identity,13,none,Consent-Bound Identity Disclosure with Subject Settlement for HTTP-Native Agent Payments,"This memo specifies an extension to HTTP-native agent payment
   protocols by which the disclosure of an identity attribute about a
   human subject is bound to that subject's recorded consent and
   settled, in part, to that subject.  When an agent pays to read an
   identity attribute about a person, the extension requires that the
   read carry a reference to a scoped, revocable consent grant issued by
   the subject, and it requires that the payment's settlement
   instruction name the subject as a beneficiary of a share of the
   read's price greater than the shares of all other parties combined.
   The extension composes above an identity- attestation envelope (which
   asserts who a credential is about) and above an HTTP-native payment
   flow (which moves value for the read); it adds the two functions
   neither layer provides: consent capture at disclosure time and
   settlement to the data subject.  The wire additions are an
   advertisement in the server's payment-required response, a consent-
   grant reference echoed in the client's payment payload, and a
   settlement instruction enumerating subject beneficiary roles.  The
   extension is settlement-network-agnostic and attestation-format-
   agnostic.  The memo is Informational; the underlying COSE and CBOR
   formats are normative per [RFC9052] and [RFC8949], and the HTTP
   semantics are normative per [RFC9110].",https://datatracker.ietf.org/doc/draft-morrison-consent-settlement/,2026-07-27,
draft-morrison-mcp-dns-discovery-05,draft-morrison-mcp-dns-discovery,5,new-draft,read_now,core_identity,13,none,Discovery of Model Context Protocol Servers via DNS TXT Records,"This document defines a DNS-based mechanism for discovering Model
   Context Protocol (MCP) servers, the identity of the organisations
   that operate them, and a cryptographic identity envelope bound to an
   individual Sovereign-tier ~handle published under the same zone.

   Three TXT records are defined.  _mcp.<domain> advertises an MCP
   server's endpoint URL, agent protocol family, transport binding,
   cryptographic identity, and capability profile. _org-alter.<domain>
   advertises the operator's canonical organisational identity,
   including its legal entity, registry identifier, regions of
   operation, and any regulatory framework under which it must refuse
   external automated access.  _alter.<domain> publishes an
   Ed25519-signed envelope binding a ~handle to a public key, an
   IdentityLog root reference, and a revocation commitment.  DNSSEC
   validation is REQUIRED for the envelope record, and a DANE TLSA pin
   on the MCP endpoint is REQUIRED where resolving an envelope and
   opening an MCP session are one recognition transaction.

   This revision (v05) corrects earlier ones and introduces no new
   mechanism.  It withdraws several claims that v04 could not support,
   marks publication of a per-individual envelope in DNS as NOT
   RECOMMENDED on enumeration, size, and erasure grounds, and separates
   the agent protocol family from the transport binding in the _mcp
   record, aligning that vocabulary with neighbouring DNS agent-
   discovery drafts.  All three record formats and all three procedures
   are given here in full, so no earlier revision need be fetched.

   The mechanism complements HTTPS-based discovery, and follows the
   precedent set by DKIM, SPF, DMARC, and MTA-STS.  Provisional
   registration of a companion alter: URI scheme is requested of IANA,
   and is not yet granted.",https://datatracker.ietf.org/doc/draft-morrison-mcp-dns-discovery/,2026-07-27,
draft-morrison-ot-command-authority-01,draft-morrison-ot-command-authority,1,new-draft,read_now,core_identity,12,none,Consented and Attributable Agent Authority for Operational-Technology Control Actions,"This memo specifies a binding profile by which a control action
   issued to an operational-technology (OT) or industrial control system
   on the authority of a software agent is refused unless it carries a
   verifiable statement of who the agent is, which human principal it
   acts for, whether that principal consented to this specific action on
   this specific asset, whether a human authorised the action where the
   action's risk class requires it, and an append-only record sufficient
   to attribute the action afterward.  The profile does not invent new
   cryptography or a new identity mechanism.  It composes primitives
   defined elsewhere, DNSSEC-rooted agent discovery, scoped and
   revocable consent, a human-in-the-loop binding moment, and a
   provenance-labelled audit record, into a single structure, the
   Command Authority Envelope, that an OT conduit evaluates and, on any
   missing or invalid binding, refuses.  The profile is availability-
   first and fails closed on authority, never on safety: it MUST NOT be
   placed in the trip path of a safety function.  The memo maps the
   profile onto the identification, use-control, and audit requirements
   that [IEC62443] and [NERCCIP] state but do not give a wire mechanism
   for.  The methods by which a principal's identity is inferred are out
   of scope by construction.",https://datatracker.ietf.org/doc/draft-morrison-ot-command-authority/,2026-07-27,
draft-munizaga-quic-alternative-server-address-01,draft-munizaga-quic-alternative-server-address,1,new-draft,ignored_after_review,ignored_after_review,0,none,QUIC Alternative Server Address Frames,"This document specifies an extension to QUIC that allows a server to
   advertise a prioritized set of alternative addresses.  This allows a
   client to migrate the connection as the availability or preference of
   server addresses changes.",https://datatracker.ietf.org/doc/draft-munizaga-quic-alternative-server-address/,2026-07-27,
draft-norton-sdlp-identity-02,draft-norton-sdlp-identity,2,new-draft,monitor,core_identity,6,none,SDLP RFC 1: DigitalID Specification,"This document defines the DigitalID specification for the Secured
   Digital Lifecycle Protocol (SDLP). The DigitalID is the foundational
   identity construct for all SDLP-governed objects, providing
   deterministic uniqueness, lineage preservation, collision
   elimination, and stable identity bindings across all compliant
   implementations. This document updates and formalizes the DigitalID
   structure, canonical encoding rules, lineage grammar, identity
   assignment requirements, collision model, and validation rules
   originally introduced in draft-norton-sdlp-identity-00.",https://datatracker.ietf.org/doc/draft-norton-sdlp-identity/,2026-07-27,
draft-norton-sdlp-overview-01,draft-norton-sdlp-overview,1,new-draft,monitor,core_identity,6,none,SDLP RFC 0: Overview and Architecture,"This document presents an architectural overview of the Secured
   Digital Lifecycle Protocol (SDLP). SDLP defines a structured model
   for representing, identifying, tracking, and securing digital
   objects across their lifecycle. This overview summarizes the SDLP
   object model, explains how identity, lineage, lifecycle, and
   security architecture interrelate, and outlines the rationale for
   defining SDLP through multiple coordinated specifications. It
   serves as the entry point for understanding the SDLP framework.",https://datatracker.ietf.org/doc/draft-norton-sdlp-overview/,2026-07-27,
draft-norton-sdlp-phys-00,draft-norton-sdlp-phys,0,new-draft,monitor,core_identity,6,none,SDLP Physics Specification,"The Secured Digital Lifecycle Protocol (SDLP) defines a physics layer
   for digital objects: a set of non-negotiable behavioral laws that
   govern identity stability, lineage integrity, lifecycle determinism,
   and irreversible state transitions. SDLP Physics establishes how
   object security depletes, transforms, or terminates as an object is
   activated, used, or shared, ensuring that each operation consumes or
   alters the object’s allowable state in predictable ways.

   These laws prevent cloning, enforce legitimate descent, bind objects
   to their environments, and guarantee that destruction and zeroization
   are final. This document specifies the core physics that underpin
   SDLP’s security model and define how digital objects behave across all
   environments and distribution paths.

This Internet-Draft is submitted in full conformance with the
provisions of BCP 78 and BCP 79.

Internet-Drafts are working documents of the Internet Engineering Task
Force (IETF), its areas, and its working groups. Note that other groups
may also distribute working documents as Internet-Drafts.

Internet-Drafts are draft documents valid for a maximum of six months
and may be updated, replaced, or obsoleted by other documents at any
time. It is inappropriate to use Internet-Drafts as reference material
or to cite them other than as ""work in progress.""

The list of current Internet-Drafts can be accessed at:
https://www.ietf.org/1id-abstracts.html

The list of Internet-Draft Shadow Directories can be accessed at:
https://www.ietf.org/shadow.html",https://datatracker.ietf.org/doc/draft-norton-sdlp-phys/,2026-07-27,
draft-norton-sdlp-sec-arch-04,draft-norton-sdlp-sec-arch,4,new-draft,read_now,trust_infrastructure,12,none,SDLP Security Architecture (SDLP RFC 4),"The Secured Digital Lifecycle Protocol (SDLP) defines a physics-layer
security model in which digital objects secure themselves throughout
their entire lifecycle. Existing security measures—such as cryptographic
signatures, watermarking, provenance metadata, and attestation—are
integrated and enforced within a unified physics layer positioned
between the Transport and Application layers. This document describes
the SDLP security architecture, including the environment safety check,
the composite PASS/FAIL trust verdict, and the mandatory BitDrop
behavior applied when any trust condition fails. The SDLP security
architecture ensures that digital objects operate only within verified,
tamper-resistant environments and provides a complete, end-to-end
defense against unauthorized access, copying, modification, and
redistribution.",https://datatracker.ietf.org/doc/draft-norton-sdlp-sec-arch/,2026-07-27,
draft-nottnick-ietf-decisions-00,draft-nottnick-ietf-decisions,0,new-draft,ignored_after_review,ignored_after_review,0,none,Making Decisions in the IETF,"This document specifies Best Current Practice for making decisions
   within the IETF process.

   It updates Section 3.3 of [RFC2418].

About This Document

   This note is to be removed before publishing as an RFC.

   Status information for this document may be found at
   https://datatracker.ietf.org/doc/draft-nottnick-ietf-decisions/.

   information can be found at https://projects.mnot.net/I-D/.

   Source for this draft and an issue tracker can be found at
   https://github.com/mnot/I-D/labels/SHORT.",https://datatracker.ietf.org/doc/draft-nottnick-ietf-decisions/,2026-07-27,
draft-parecki-oauth-refresh-token-scope-response-00,draft-parecki-oauth-refresh-token-scope-response,0,new-draft,monitor,authorization,6,none,OAuth 2.0 Refresh Token Scope,"This specification defines a new OAuth 2.0 token response parameter,
   refresh_token_scope, that indicates the scope authorized for a
   refresh token when it differs from the scope of the access token
   issued alongside it.  This allows clients to discover that a refresh
   token carries broader authorization than the initial access token,
   enabling just-in-time requests for elevated access without requiring
   a new authorization flow.",https://datatracker.ietf.org/doc/draft-parecki-oauth-refresh-token-scope-response/,2026-07-27,
draft-pei-opsawg-agentops-observability-00,draft-pei-opsawg-agentops-observability,0,new-draft,read_now,agent_identity,8,none,AgentOps Observability for Failure Detection and Attribution,"Agentic systems execute tasks through long-running sequences of model
   inference, planning, delegation, tool use, state updates,
   verification, and recovery.  Conventional metrics, logs, and traces
   can identify a failed request but often cannot determine whether a
   failure is emerging, which actor introduced it, or which earlier
   event was its root cause.  This document specifies an AgentOps
   observability event model and processing requirements for
   interoperable early failure detection and post-failure root-cause
   attribution.  It defines common event, anomaly, assertion, and
   diagnosis records; distinguishes causal origins from propagated
   symptoms; and provides the evidence model required by separate
   benchmarks of detection lead time, responsible-actor attribution, and
   root-cause localization.  The model is transport-neutral and can be
   carried by existing telemetry systems.",https://datatracker.ietf.org/doc/draft-pei-opsawg-agentops-observability/,2026-07-27,
draft-pignataro-icmp-enviro-info-02,draft-pignataro-icmp-enviro-info,2,new-draft,ignored_after_review,ignored_after_review,0,none,ICMP Extensions for Environmental Information,"This document defines a data structure that can be appended to
   selected ICMP messages.  The ICMP extension defined herein can be
   used to gain visibility into environmental information on the
   internet by providing per-hop (i.e., per topological network node)
   power metrics and other present or future metrics around
   environmental information.  This will contribute to achieving an
   objective mentioned in the report of the IAB E-Impact workshop.

   The techniques presented are useful not only in a transactional
   setting (e.g., a user-issued traceroute or a ping request), but also
   in a scheduled automated setting where they may be run periodically
   in a mesh across an administrative domain to map out environmental
   information.",https://datatracker.ietf.org/doc/draft-pignataro-icmp-enviro-info/,2026-07-27,
draft-praveen-fann-lq-telemetry-info-00,draft-praveen-fann-lq-telemetry-info,0,new-draft,adjacent_watchlist,adjacent_watchlist,2,none,A YANG Data Model for Link Quality Telemetry in CLOS Data Center Fabrics,"This document defines a YANG data model for real-time link quality
   telemetry in multi-stage CLOS (leaf-spine) data center fabrics.  The
   data model provides a vendor-agnostic representation of link
   congestion state, enabling next-next-hop (NNH) path quality
   visibility required for adaptive routing in AI/ML training networks.
   The link quality advertisement is modeled as a YANG data structure,
   making the model directly usable with any transport.

   The data model is deliberately decoupled from any transport.  A
   lightweight UDP transport binding for disseminating the modeled data
   is specified in a companion document; additional transport bindings
   may be specified in future documents.",https://datatracker.ietf.org/doc/draft-praveen-fann-lq-telemetry-info/,2026-07-27,
draft-praveen-fann-lq-telemetry-udp-00,draft-praveen-fann-lq-telemetry-udp,0,new-draft,adjacent_watchlist,adjacent_watchlist,3,none,A UDP Transport Binding for Link Quality Telemetry in CLOS Data Center Fabrics,"This document specifies a UDP transport binding for the Link Quality
   Telemetry data model.  The binding disseminates YANG-modeled link
   quality data between directly connected switches in multi-stage CLOS
   (leaf-spine) data center fabrics using a compact, fixed-offset binary
   encoding designed for forwarding-plane (ASIC) generation and
   consumption, achieving sub-100 microsecond notification latency on
   forwarding engines capable of data-plane UDP processing.  The encoded
   payload can be carried natively on a dedicated UDP port or as a TLV
   within the Router-Info advertisement mechanism; both carriages share
   a byte-identical payload.

   The data model, receiver processing rules, and requirements
   applicable to all transport bindings are defined in a companion
   document.",https://datatracker.ietf.org/doc/draft-praveen-fann-lq-telemetry-udp/,2026-07-27,
draft-pythia-bmwg-programmable-power-profiling-00,draft-pythia-bmwg-programmable-power-profiling,0,new-draft,adjacent_watchlist,adjacent_watchlist,3,none,Power Consumption Profiling for Programmable Network Devices,"A programmable network device can execute different packet-processing
   programs on the same hardware.  Device-level power measurements show
   the total input power but do not explain the power associated with a
   program's parser, match-action tables, and stateful or stateless
   actions.  Models designed for fixed-function switches do not directly
   describe these program-dependent operations.

   This document describes a power profiling methodology for
   programmable network devices.  The methodology decomposes packet
   processing into functional components, uses controlled calibration
   programs to derive target-specific parameters, and estimates the
   power of a data-plane program from its processing features and
   traffic.  It also specifies validation and reporting requirements
   that distinguish direct measurements from model-derived estimates.
   The methodology is based on implementation experience with an ASIC
   programmable switch and an FPGA-based programmable switch.",https://datatracker.ietf.org/doc/draft-pythia-bmwg-programmable-power-profiling/,2026-07-27,
draft-ranjbar-dane-anchored-identity-00,draft-ranjbar-dane-anchored-identity,0,new-draft,read_now,core_identity,16,none,"DANE-Anchored Identity for Network Clients, Devices, and Autonomous Agents","A rapidly growing set of protocols for autonomous agents, connected
   devices, and machine workloads bootstraps trust in an endpoint's
   public key over the Web PKI together with an HTTPS .well-known fetch,
   a bespoke certificate authority, or a centralized registry.  These
   approaches inherit domain-takeover exposure, depend on a reachable
   call-home endpoint, are not verifiable across organizational
   boundaries, and frequently provide no timely revocation.  This
   document describes a complementary identity model in which an
   endpoint's key is anchored directly in DNSSEC-signed DNS using DANE
   (a TLSA record), bound to a routable address whose reverse and
   forward names are served from a signed zone, and described by RDAP.
   The model, consistent with the architecture developed in the DANE
   Authentication for Network Clients Everywhere (DANCE) working group,
   lets any relying party verify an endpoint's identity from stock DNS
   tooling with no account or private trust root, and lets the
   identity's holder revoke it worldwide at DNS TTL.  It is intended as
   an anchor that existing agent-, device-, and content-identity schemes
   can adopt without abandoning their own transports or object formats.",https://datatracker.ietf.org/doc/draft-ranjbar-dane-anchored-identity/,2026-07-27,
draft-ranjbar-dane-did-00,draft-ranjbar-dane-did,0,new-draft,read_now,core_identity,8,none,Rooting Decentralized Identifiers in DNSSEC: A DANE-EE Key-Binding Profile,"Several Decentralized Identifier (DID) methods root trust in a DNS
   name: did:web binds an identifier to a domain and today verifies its
   keys over the Web PKI, did:dns serves DID data from DNS resource
   records, and did:webvh retrieves its history from an HTTPS location
   derived from a name.  Each either depends on the Web PKI, treats
   DNSSEC as an optional recommendation, or does not bind the
   verification-method key to the name at all.  This document defines a
   single, normative DANE-EE key-binding profile that any DNS-anchored
   DID method can point at rather than reinventing: a verification
   method's public key is published as a TLSA record with certificate
   usage DANE-EE(3), selector SubjectPublicKeyInfo(1), and matching type
   SHA-256(1) under a DNSSEC-signed name, so that a relying party can
   confirm the key from the DNS root of trust with no certificate
   authority and no fetch from the subject.  The profile binds a name to
   a key and the key to the specific DID document it signs, and no
   further; it states precisely what it does not cover, including
   continuity of holding, and points to where those answers live.",https://datatracker.ietf.org/doc/draft-ranjbar-dane-did/,2026-07-27,
draft-ranjbar-regext-rdap-subordinate-referrals-01,draft-ranjbar-regext-rdap-subordinate-referrals,1,new-draft,ignored_after_review,ignored_after_review,0,none,Redirecting RDAP Queries to Holder-Designated Servers for Subordinate Resources,"Registration Data Access Protocol (RDAP) queries can be resolved from
   the IANA bootstrap registries down to the most specific object held
   by a registry operator's RDAP service.  Where the holder of a
   registered resource maintains registration data for resources
   subordinate to it, such as DNS names below a registered domain or
   more-specific networks below an address allocation, and operates a
   conformant RDAP service for that data, there is currently no
   discoverable referral from the registry's response to the holder's
   service.  This document describes an optional, holder-designated
   referral for subordinate resources, carried by a pair of directional
   RDAP link relations, ""rdap-base-down"" and ""rdap-base-up"", whose
   targets are the base URL of a downstream RDAP service and the base
   URL of the covering registry service, respectively.  The holder-
   designated subordinate referral is the primary application, but the
   same relations serve related base-URL discovery needs, including
   delegated and hybrid RPKI referrals.  It is written as input to
   draft-ietf-regext-rdap-referrals and its content may be merged into
   that document.",https://datatracker.ietf.org/doc/draft-ranjbar-regext-rdap-subordinate-referrals/,2026-07-27,
draft-raskar-agentic-web-federated-resolution-01,draft-raskar-agentic-web-federated-resolution,1,new-draft,read_now,core_identity,17,none,Registry-Assisted Discovery for AI Agents and Workloads Without DNS Discovery Anchors,"Many agent-discovery mechanisms assume that an organization controls
   a DNS domain and can publish a DNS record, a well-known catalog, or
   an organization gateway. That model works well for enterprises with
   operational DNS infrastructure, but it does not cover every agent or
   workload. Small businesses may own a domain yet lack the expertise or
   infrastructure to publish agent-specific DNS records. Individuals may
   have a globally scoped account identifier, such as an email address,
   while not controlling the provider domain. Personal agents and other
   workloads may run on a cloud service or local device while their
   public descriptor is hosted elsewhere.

   This document describes registry-assisted discovery for these cases.
   A NandaIndex registry binds a stable Subject Identity to a
   subject-authorized terminal object, such as an A2A Agent Card, an MCP
   server descriptor, a workload descriptor, a subject-owned AI Catalog,
   or a subject-authorized gateway. The binding includes authority,
   freshness, and revocation information. The identity owner, descriptor
   host, and runtime operator may be different parties.

   This document does not define a directory of discovery servers,
   directory federation, or a global switchboard. A NandaIndex response
   does not direct a client to another generic resolution or discovery
   service. DNS-anchored systems remain direct: when an authoritative AI
   Catalog, DNS-AID record, or organization gateway is already known,
   NandaIndex is not in the critical path. The focus is permissionless
   publication and discovery for agents and workloads that do not have a
   usable DNS Discovery Anchor.",https://datatracker.ietf.org/doc/draft-raskar-agentic-web-federated-resolution/,2026-07-27,
draft-reilly-cbpi-00,draft-reilly-cbpi,0,new-draft,read_now,trust_infrastructure,22,none,Cognitive Behavioral Provenance and Integrity (CBPI) for Autonomous AI Agents,"This document defines Cognitive Behavioral Provenance and Integrity
   (CBPI), a framework for recording, verifying, and analyzing the
   operant conditioning history of an autonomous artificial
   intelligence agent.  Existing agent identity, delegation, and
   attestation mechanisms establish who an agent is, who authorized it,
   and what model weights it loaded.  None of them record what shaped
   the agent's behavior after deployment.  CBPI closes that gap by
   defining a tamper-evident, hash-linked record of the reinforcement
   contingencies applied to an agent, a set of integrity properties
   over that record, and a Cognitive Behavioral Analysis (CBA)
   procedure for detecting behavioral drift, unauthorized conditioning,
   and adventitious reinforcement.  A formal data model is provided in
   CDDL.  The framework applies the
   three-term contingency of behavior analysis to machine agents and
   treats reinforcement delivery as a security-relevant event requiring
   authorization, attribution, and non-repudiation.",https://datatracker.ietf.org/doc/draft-reilly-cbpi/,2026-07-27,
draft-reilly-hdrp-00,draft-reilly-hdrp,0,new-draft,adjacent_watchlist,ignored_after_review,2,none,Hypercube Data Rotation Protocol (HDRP) for Distributed Integrity and Moving Target Defense,"This document specifies the Hypercube Data Rotation Protocol (HDRP),
   an experimental protocol for distributing erasure-coded data shards
   across nodes arranged in an n-dimensional binary hypercube topology
   and periodically permuting shard placement through structured
   rotation operations.  Rotations are automorphisms of the hypercube
   graph, applied on a fixed epoch schedule and committed to a
   verifiable epoch ledger.  The design applies the established
   principles of hypercube interconnection networks, maximum distance
   separable (MDS) erasure coding, and moving target defense (MTD) to
   provide three properties in combination: storage-efficient fault
   tolerance, continuous cryptographic verifiability, and reduction of
   the value of static reconnaissance by an adversary.  HDRP is
   designed to integrate with autonomous self-healing pipelines and
   with dual-layer permanence anchoring (blockchain timestamping and
   DOI archival) as defined in related documents by the same author.
   Informally, the rotation mechanism may be visualized as the face
   turns of a combination puzzle applied to a data topology; this
   document defines that intuition as a precise algebraic operation.",https://datatracker.ietf.org/doc/draft-reilly-hdrp/,2026-07-27,
draft-reilly-looking-glass-00,draft-reilly-looking-glass,0,new-draft,monitor,adjacent_watchlist,4,none,Project Looking Glass: An Integrative Framework for Verifiable Observability and Autonomous Self-Healing Across the Reilly Protocol Suite,"This document specifies Project Looking Glass, an integrative
   framework that unifies the Reilly Protocol Suite -- including the
   REM Protocol, WebProof, PLPES, CTS, AIMED/AIMED-EVAL, UAEMF, RMRP,
   SkyLedger, RLT Genesis, Machine-Web Symbiosis (MWS), and Cognitive
   Sovereignty -- into a single verifiable observability and autonomous
   self-healing architecture.  Project Looking Glass defines how a live
   production system, exemplified by the REM Protocol 14-agent
   autonomous pipeline, continuously inspects its own state (""the
   looking glass""), proves that state using Dual-Layer Digital
   Permanence (Bitcoin blockchain timestamping via OpenTimestamps plus
   DOI archival), and autonomously detects, diagnoses, and repairs
   faults without human intervention while preserving human epistemic
   authority as defined by the Cognitive Sovereignty framework.  A
   complete step-by-step implementation process is provided.",https://datatracker.ietf.org/doc/draft-reilly-looking-glass/,2026-07-27,
draft-reilly-web4-orion-00,draft-reilly-web4-orion,0,new-draft,read_now,agent_identity,13,none,"Web4: An Agentic, Verifiable Internet Architecture and the Project Orion Reference System","This document defines Web4, an architectural model for an agentic,
   cryptographically verifiable Internet in which autonomous AI agents
   operate as first-class participants alongside humans, and every
   published artifact carries independently checkable proof of origin,
   integrity, and time.  Web4 is realized through the Reilly Protocol
   Suite, a set of eighteen active IETF Internet-Drafts spanning
   permanence, integrity, agent orchestration, defense, and human
   epistemic autonomy.  This document also specifies Project Orion,
   the live reference implementation that unifies the full suite
   behind autonomous agents on both backend and frontend, verified
   against three independent Internet-Draft distribution points, and
   operating publicly at
   https://project-orion-production.up.railway.app/.  A step-by-step
   implementation guide is provided.",https://datatracker.ietf.org/doc/draft-reilly-web4-orion/,2026-07-27,
draft-sabey-refusal-transparency-02,draft-sabey-refusal-transparency,2,new-draft,monitor,trust_infrastructure,6,none,"Refusal Transparency: Signed, Replay-Resistant Evidence of Refused Agent-System Transitions","A governance system for autonomous agents is defined as much by what
   it refuses as by what it permits, yet refusals are the one behavior
   vendors only ever assert.  A Refusal Digest is a portable, signed
   JSON document recording one adversarial probe run against a live
   agent-governance system: for every attack attempted, the system's
   verbatim refusal ground, the event types the attack would have
   recorded had it succeeded, and the complete signed event ledger of
   the attempt — in which the refused transition is provably absent.
   Digests verify offline, by parties who do not operate the probed
   system, using only the issuer's public key.  From version 0.2, every
   quantity that varies between runs derives deterministically from a
   per-run seed carried in the digest, so a relying party can recompute
   the derivations and a replayed or pre-recorded ledger cannot match a
   fresh digest.  This document specifies the digest wire format, its
   canonicalization and signature scheme, the seeded-variation
   derivations, and the verification algorithm.  Where succession
   receipts prove that an agent legitimately became the holder of an
   authority, refusal digests prove what the governing system declined
   to let happen.",https://datatracker.ietf.org/doc/draft-sabey-refusal-transparency/,2026-07-27,
draft-sabey-succession-receipts-02,draft-sabey-succession-receipts,2,new-draft,read_now,authorization,11,none,Succession Receipts: Portable Signed Evidence of Authority Succession Between Autonomous Agents,"Autonomous agents are upgraded, replaced, suspended, and restored
   while holding real operational authority.  A Succession Receipt is a
   portable, signed JSON document that proves one completed, policy-
   gated transfer of authority between two agents: which agent held the
   authority, which agent holds it now, under what legitimacy
   determination the transfer ran, and which obligations carried
   forward, with every claim grounded in signed evidence events embedded
   in the receipt itself.  Receipts are verifiable offline by parties
   who do not operate the issuing system, using only the issuer's public
   key.  This document specifies the receipt wire format, its
   canonicalization and signature scheme (JSON Canonicalization Scheme
   with Ed25519), the verification algorithm including bidirectional
   claim grounding, and an optional claim that binds a pre-execution
   authorization of the handoff to the succession evidence.  Where
   decision receipts prove what an agent did, and delegation receipts
   prove what an agent may do, Succession Receipts prove that an agent
   legitimately became the holder of an authority.",https://datatracker.ietf.org/doc/draft-sabey-succession-receipts/,2026-07-27,
draft-sabey-succession-receipts-sd-02,draft-sabey-succession-receipts-sd,2,new-draft,read_now,verifiable_claims,11,none,Selective Disclosure for Succession Receipts,"A Succession Receipt proves one completed, policy-gated transfer of
   authority between autonomous agents, and it is all-or-nothing:
   whoever holds the receipt holds every claim and every evidence event
   in it.  In regulated deployments the parties entitled to verify a
   transfer are not all entitled to read it in full — a regulator, a
   counterparty, and the public each warrant a different view.  This
   document specifies a selective-disclosure form of the receipt: the
   issuer signs salted commitments to each claim unit and each evidence
   event, disclosures travel outside the signature, and a projection —
   the signed envelope plus any subset of the disclosures — still
   verifies against the one issuer signature.  Withholding never breaks
   the proof, disclosing never re-signs, withheld content remains
   visibly committed, and a projection that opens every commitment is
   verifiable to exactly the strength of the underlying receipt.  The
   disclosure mechanism deliberately follows the salted-digest analysis
   of SD-JWT, restated for plain-JSON documents canonicalized with the
   JSON Canonicalization Scheme.",https://datatracker.ietf.org/doc/draft-sabey-succession-receipts-sd/,2026-07-27,
draft-saum-grow-bmp-afi-safi-evpn-06,draft-saum-grow-bmp-afi-safi-evpn,6,new-draft,ignored_after_review,ignored_after_review,0,none,EVPN-Specific BMP RIB Statistics Extensions,"This document defines new EVPN-specific BGP Monitoring Protocol
   (BMP) statistics types.  These extensions include scalar counters
   for EVPN route types specifically, while also keeping scope for
   defining counters which are EVPN route-type agnostic but related to
   BGP-EVPN RIB like, number of multihoming Ethernet Segments, number
   of multihomed EVIs, number of aliased paths, number of dynamic
   inter-VRF route leaking (IVRL).

   This revision (-06) firms up the specification for working group
   consideration: it adds a Relationship to Other Work section that
   explicitly maps this document to concurrently circulating GROW
   contributions on BMP statistics and TLV extensions and invites
   coordination with their authors, corrects the YANG alignment
   reference, strengthens Security Considerations, and adds a worked
   example. No statistics semantics, Stat Type/Subtype allocations, or
   wire formats defined in -05 are changed.",https://datatracker.ietf.org/doc/draft-saum-grow-bmp-afi-safi-evpn/,2026-07-27,
draft-saumthimma-evpn-ip-binding-sync-10,draft-saumthimma-evpn-ip-binding-sync,10,new-draft,ignored_after_review,ignored_after_review,0,none,Secure IP Binding Synchronization via BGP EVPN,"The distribution of clients of L2 domain across extended networks
   leveraging overlay fabric needs to deal with synchronizing the
   Client Binding Database.  The 'Client IP Binding' indicates the IP,
   MAC and VLAN details of the clients that are learnt by security
   protocols.  Since learning the 'Client IP Binding database' is a
   last mile solution, this information stays local to the end point
   switch to which clients are connected.  When networks are extended
   across geographies, both at layer 2 and layer 3, the 'Client IP
   Binding Database' in end point switches of remote fabrics should be
   in sync.  This document aligns the synchronization of the 'Client
   IP Binding Database' through an extension to BGP control plane
   constructs, as BGP is a typical control plane protocol configured
   to communicate across network boundaries.",https://datatracker.ietf.org/doc/draft-saumthimma-evpn-ip-binding-sync/,2026-07-27,
draft-saumvinayak-bess-all-df-bum-13,draft-saumvinayak-bess-all-df-bum,13,new-draft,ignored_after_review,ignored_after_review,0,none,All PEs as DF,"The Designated Forwarder concept is leveraged to prevent looping of
   BUM traffic into a tenant network sourced across an NVO fabric for
   multihoming deployments.  [RFC7432] defines a preliminary approach
   to select the DF for an ES, VLAN or ES, VLAN Group, spanning
   multiple NVEs.  [RFC8584] makes the election logic more robust and
   fine grained by inculcating fair election of DF, handling most of
   the prevalent use cases.  This document presents a deployment
   problem and a corresponding solution which cannot be easily
   resolved by rules mentioned in [RFC7432] and [RFC8584].  It
   involves redundant firewall deployment on disparate overlay sites
   connected over WAN.  The requirement is to allow reachability, ONLY,
   to the local firewall, unless there is an outage.  In case of
   outage the reachability can be extended to the remote site's
   firewall over WAN.",https://datatracker.ietf.org/doc/draft-saumvinayak-bess-all-df-bum/,2026-07-27,
draft-sayre-gendispatch-derivative-03,draft-sayre-gendispatch-derivative,3,new-draft,ignored_after_review,ignored_after_review,0,none,Limiting Derivative Works Restrictions to IETF Documents,"This document clarifies that only IETF Documents may contain legal
   limitations on derivative works.

About This Document

   This note is to be removed before publishing as an RFC.

   Status information for this document may be found at
   https://datatracker.ietf.org/doc/draft-sayre-gendispatch-derivative/.

   Discussion of this document takes place on the ipr-wg Working Group
   mailing list (mailto:ipr-wg@ietf.org), which is archived at
   https://mailarchive.ietf.org/arch/browse/ipr-wg/.  Subscribe at
   https://www.ietf.org/mailman/listinfo/ipr-wg/.",https://datatracker.ietf.org/doc/draft-sayre-gendispatch-derivative/,2026-07-27,
draft-schinazi-httpbis-ohttp-pfs-01,draft-schinazi-httpbis-ohttp-pfs,1,new-draft,ignored_after_review,ignored_after_review,0,none,A Perfect Forward Secure Extension to Oblivious HTTP,"Oblivious HTTP (OHTTP) is a protocol for forwarding encrypted HTTP
   messages.  It does not provide Perfect Forward Secrecy (PFS).
   Chunked OHTTP expands OHTTP to be suitable for longer-lived streams,
   but still does not offer PFS.  Combined, this is leading sensitive
   traffic to de deployed at scale without PFS.  This document proposes
   a solution.",https://datatracker.ietf.org/doc/draft-schinazi-httpbis-ohttp-pfs/,2026-07-27,
draft-schrock-action-evidence-boundary-00,draft-schrock-action-evidence-boundary,0,new-draft,read_now,core_identity,17,none,The Action Evidence Boundary for Consequential Agent Effects,"Consequential agent actions can cross identity, transport,
   authorization, policy, and execution systems.  Each system can
   produce a valid artifact while the executor still lacks a safe rule
   for joining the artifacts to the exact effect, consuming one-time
   authority, and handling an uncertain outcome.  This document defines
   the Action Evidence Boundary (AEB), an executor-side processing model
   for that lifecycle.

   AEB requires native artifact verification, Canonical Action
   Identifier (CAID) matching, Authorization Evidence Chain (AEC)
   satisfaction, a separate local authorization decision, durable atomic
   consumption or reservation, invocation, closed effect outcomes, and
   authenticated reconciliation.  It defines no receipt or token format,
   no policy language, no universal evidence taxonomy, and no new
   registry.  Native workload credentials, message signatures, attested
   per-action tokens, permit records, authorization receipts, and status
   mechanisms retain their own semantics and verifiers.",https://datatracker.ietf.org/doc/draft-schrock-action-evidence-boundary/,2026-07-27,
draft-schrock-ae-challenge-00,draft-schrock-ae-challenge,0,new-draft,read_now,authorization,12,none,An Authorization Evidence Challenge for High-Risk Agent Actions,"The agent-action evidence stack has declaration (a resource declares
   what evidence its actions require), presentation (an AEC presentation
   of signed artifacts), and decision (deterministic policy replay
   yielding a closed verdict).  Nothing closes the loop: when the
   verdict is that evidence is missing or stale, no machine-readable
   message tells the agent what to obtain, how to re-present, or what
   the retry semantics are -- every deployment hand-rolls the dance.
   This document defines the Authorization Evidence Challenge: the
   message a relying party returns before a high-risk action executes,
   naming the exact evidence still required (type, profile constraints,
   freshness bound, revocation-check requirement), how to present it,
   where it might be obtained, and the challenge's own expiry and
   single-use nonce.  The action digest in a challenge is computed by
   the RELYING PARTY over its own canonical action, so evidence is
   obtained against the action that will actually execute.  The exchange
   generalizes OAuth step-up authentication (RFC 9470) from
   authentication to evidence, and completes the circuit: declare,
   attempt, challenge, obtain, present, replay, consume.  A satisfied
   challenge yields a verdict under the relying party's policy, never a
   promise to execute.",https://datatracker.ietf.org/doc/draft-schrock-ae-challenge/,2026-07-27,
draft-schrock-canonical-action-identifier-01,draft-schrock-canonical-action-identifier,1,new-draft,read_now,core_identity,14,none,The Canonical Action Identifier (CAID),"Authorization, delegation, execution, and audit artifacts often
   identify an action using format-local content and digests.  Those
   digests are not directly comparable when the formats select or encode
   material action fields differently.  This document defines the
   Canonical Action IDentifier (CAID): a typed action object, a
   canonicalization and digest suite, a compact identifier string, and
   immutable action-type definitions with required material fields.  It
   also defines an Action-Mapping Profile for projecting independently
   verified native artifacts into a common action type, with the closed
   results EQUIVALENT_UNDER_PROFILE, NOT_EQUIVALENT, and INDETERMINATE.
   CAID carries no trust semantics.  It does not establish identity,
   authority, authorization, execution, safety, or legal reliance.",https://datatracker.ietf.org/doc/draft-schrock-canonical-action-identifier/,2026-07-27,
draft-schrock-ep-architecture-02,draft-schrock-ep-architecture,2,new-draft,read_now,core_identity,18,none,The EMILIA Protocol: An Evidence Architecture for Consequential Agent Actions,"Consequential agent actions can cross operator and administrative
   boundaries.  The party that later decides whether to rely on an
   action record may not have participated in the interaction and may
   not trust either operator.  This document describes an evidence
   architecture for that case.  It separates transport and workload
   identity, delegation and policy, material action identity,
   authorization evidence, evidence satisfaction, local authorization,
   durable consumption or reservation, effect invocation, outcome
   evidence, revocation, and preservation.

   The architecture composes the Canonical Action Identifier (CAID),
   Authorization Evidence Chain (AEC), and Action Evidence Boundary
   (AEB) with optional staged-approval and consequence-control profiles.
   It does not define a universal token, policy language, execution
   engine, settlement network, or distributed consensus system.  A valid
   signature, a current credential, a satisfied evidence requirement,
   and an observed effect remain different facts.",https://datatracker.ietf.org/doc/draft-schrock-ep-architecture/,2026-07-27,
draft-schrock-ep-authorization-evidence-chain-04,draft-schrock-ep-authorization-evidence-chain,4,new-draft,read_now,core_identity,14,none,Authorization Evidence Chains: Composing Heterogeneous Agent-Action Evidence (EP-AEC),"Consequential agent actions can produce heterogeneous identity,
   delegation, policy, permit, approval, transparency, capability, and
   execution artifacts.  Each artifact can verify under its own
   specification while still referring to a different action, filling a
   different evidentiary role, or failing a relying party's freshness,
   status, or inter-artifact binding requirement.  This document defines
   the Authorization Evidence Chain (EP-AEC): a transport-agnostic
   composition object and a fail-closed evaluation algorithm that
   preserves native verification, establishes exact material-action
   matching, and evaluates a relying-party-pinned evidence requirement.

   AEC produces SATISFIED or UNSATISFIED and a replayable evaluation
   record.  SATISFIED means only that the presented evidence filled the
   relying party's named evidence requirement at the stated verification
   time.  It is not a universal authorization decision, a policy
   language for the protected application, or proof of execution or
   outcome.  The executor makes the separate local AUTHORIZED decision
   and controls consumption, invocation, and effect handling.  AEC
   introduces no new component receipt type and does not replace any
   native verifier.",https://datatracker.ietf.org/doc/draft-schrock-ep-authorization-evidence-chain/,2026-07-27,
draft-schrock-ep-authorization-receipts-08,draft-schrock-ep-authorization-receipts,8,new-draft,read_now,core_identity,11,none,Authorization Receipts for High-Risk Agent Actions,"This document defines the EMILIA Protocol (EP) authorization receipt,
   an evidence artifact binding an enrolled approver key to one
   canonical action before execution.  An approver-held key signs an
   Authorization Context containing the action hash, policy reference,
   nonce, audience, and validity window.  A Trust Receipt carries the
   signed contexts, terminal consumption record, and Merkle inclusion
   material so a relying party can verify the recorded event offline
   under independently selected log, directory, policy, and approver
   trust inputs.

   The receipt establishes only the guarantees of the selected
   verification profile.  The mapping from an enrolled approver
   identifier to a natural person is asserted by the directory
   authority.  Offline verification does not establish current
   revocation status, global non-replay, comprehension, legality,
   safety, or execution.  Replay prevention requires an online atomic
   consumption store at the executor.  The state-machine invariants are
   machine-checked under the assumptions stated in this document.",https://datatracker.ietf.org/doc/draft-schrock-ep-authorization-receipts/,2026-07-27,
draft-schrock-ep-revocation-statement-00,draft-schrock-ep-revocation-statement,0,new-draft,read_now,core_identity,13,none,Portable Revocation Statements for Action-Bound Authorization Artifacts,"Signed authorization artifacts for agent actions (receipts, commits,
   delegations) are being defined faster than the means to retract them.
   Many deployed systems use live status services, revocation lists, or
   issuer datastores.  This document defines a complementary portable
   form for action-bound authorization artifacts: a signed, offline-
   verifiable claim that a named logical target, addressed by identifier
   and action commitment, is revoked.  Verification is fail-closed and
   evaluates a fixed set of checks: version, closed object structure,
   target binding, a revoker key pinned by the verifier and, for newly
   emitted artifacts, bound to a full digest-derived key identifier (a
   self-asserted key confers nothing), the presence of a strict
   revocation instant that has taken effect by the verifier's decision
   time, and an independently recomputed signature.  The statement
   proves that a named, pinned revoker revoked this specific target.  It
   does not prove that every relying party saw it, and offline
   verification cannot prove the absence of a revocation that was not
   presented.  A terminal revocation never ages out; current non-
   revocation requires separate authenticated, policy-fresh status
   evidence.  A Trust Program profile binds revocation to the complete
   execution claim, and requires revocation-versus-claim to be resolved
   atomically; a revocation learned after a claim never rewrites an
   effect that may already have occurred.",https://datatracker.ietf.org/doc/draft-schrock-ep-revocation-statement/,2026-07-27,
draft-schrock-model-to-matter-01,draft-schrock-model-to-matter,1,new-draft,read_now,authorization,12,none,Model-to-Matter: Authorization Evidence for Model-Directed Physical Execution,"Advanced models and agents can propose experimental workflows and
   invoke systems that produce physical effects.  Before acting, a
   physical executor may need evidence from several independent
   authorities: model provenance, a safety assessment, institutional
   authority, a domain review, an external screening service, and an
   accountable human.  Those artifacts are commonly evaluated separately
   and may not bind the same action.  This document defines Model-to-
   Matter, an experimental executor-side applicability profile for
   composing those artifacts over one canonical, digest-only action.  It
   specifies an executor-owned acceptance profile, normalized signed
   evidence adapters, a registered challenge, closed clearance and
   refusal verdicts, atomic single-use clearance consumption, and an
   optional executor-signed effect statement.  The profile composes
   native evidence through an Authorization Evidence Chain and applies
   the Action Evidence Boundary lifecycle when the executor invokes the
   effect.  It does not perform domain screening, determine scientific
   safety, authorize an institution, or establish physical truth.  It
   standardizes the point at which an executor refuses to act unless the
   authorities it independently trusts agree about the same action.",https://datatracker.ietf.org/doc/draft-schrock-model-to-matter/,2026-07-27,
draft-sharif-x509-agent-identity-profile-02,draft-sharif-x509-agent-identity-profile,2,new-draft,read_now,agent_identity,18,none,X.509 Certificate Profile for Autonomous AI Agent Identity,"This document defines an X.509 certificate profile for identifying
   autonomous AI agents.  It specifies a new X.509v3 extension,
   AgentIdentity, that encodes agent-specific metadata within a
   standard X.509 certificate, including agent trust level,
   operational capabilities, delegation constraints, owner attribution,
   and revocation control endpoints.

   The profile enables certificate authorities (CAs) to issue
   interoperable agent identity certificates that any relying party
   can parse, validate, and enforce, regardless of the issuing CA or
   the platform that provisioned the agent.

   The design builds on existing PKI infrastructure (RFC 5280), SPIFFE
   Verifiable Identity Documents (SPIFFE SVIDs), and the MCPS
   cryptographic signing layer (draft-sharif-mcps-secure-mcp).  It
   does not require changes to X.509v3 certificate parsing or to
   existing CA issuance pipelines beyond supporting a new non-critical
   extension.",https://datatracker.ietf.org/doc/draft-sharif-x509-agent-identity-profile/,2026-07-27,
draft-sharma-oauth-identity-propagation-context-01,draft-sharma-oauth-identity-propagation-context,1,new-draft,read_now,core_identity,15,none,Identity Propagation Context for Multi-Hop Delegation in OAuth 2.0 Environments,"This specification defines the Identity Propagation Context (IPC), a
   signed, short-lived context artifact that carries identity and
   delegation chain information across multi-hop service chains with
   per-hop cryptographic re-signing.  IPC complements the delegation
   semantics of OAuth 2.0 Token Exchange (RFC 8693) by enabling each
   trust boundary to independently verify the upstream signature and re-
   sign the identity context it forwards, supporting cascade revocation,
   delegation depth limits, and cross-protocol propagation (HTTP, gRPC,
   and event-streaming systems).

   Unlike the act claim in RFC 8693, which is explicitly designated as
   ""informational only and not to be considered in access control
   decisions,"" IPC is designed for identity propagation that can be used
   in access control decisions, with per-hop cryptographic re-signing
   within a single trust domain.  In autonomous agent architectures and
   multi-service platforms, Each trust boundary verifies the upstream
   signature and re-signs with its own key before forwarding; the
   delegation chain content is asserted by the IPC Creator and trusted
   transitively through the chain of re-signing intermediaries.  This
   provides single-hop-verifiable integrity (each service can verify its
   immediate upstream) rather than end-to-end cryptographic proof of the
   full chain.",https://datatracker.ietf.org/doc/draft-sharma-oauth-identity-propagation-context/,2026-07-27,
draft-silva-hymrpl-01,draft-silva-hymrpl,1,new-draft,ignored_after_review,ignored_after_review,0,none,HyMRPL: Per-Node Hybrid Mode of Operation and Inter-DODAG Bridge Mechanism for RPL,"The Routing Protocol for Low-Power and Lossy Networks (RPL), defined
   in RFC 6550, enforces a single Mode of Operation (MOP) across all
   nodes within a DODAG.  This rigidity prevents heterogeneous devices
   from independently selecting their forwarding behavior and creates
   permanent isolation between DODAGs operating with different MOPs.

   This document defines HyMRPL, a Hybrid Mode of Operation (MOP=6) that
   enables per-node functional profiles within a single DODAG.  Nodes
   independently adopt Class-S (storing-like) or Class-N (non-storing-
   like) behavior without modifying RPL control message formats.
   Additionally, this document specifies an Inter-DODAG Bridge mechanism
   that uses MOP Extension (MOPex) signaling to interconnect DODAGs with
   different MOPs through cross-DODAG route injection.

   The mechanisms introduce zero additional control messages, maintain
   full backward compatibility via the J-flag in extended options, and
   have been validated with a functional implementation demonstrating
   100% packet delivery ratio across MOP boundaries.",https://datatracker.ietf.org/doc/draft-silva-hymrpl/,2026-07-27,
draft-singh-apex-psi-03,draft-singh-apex-psi,3,new-draft,ignored_after_review,ignored_after_review,0,,draft-singh-apex-psi-03-01,,https://datatracker.ietf.org/doc/draft-singh-apex-psi-03/,2026-07-27,404 Client Error: Not Found for url: https://datatracker.ietf.org/doc/draft-singh-apex-psi/doc.json
draft-singh-apex-psi-03-01,draft-singh-apex-psi-03,1,new-draft,read_now,core_identity,11,none,PSI-03: VPP Dispatch Conformance Attestation,"PSI-03 specifies a portable, Ed25519-signed bond that anchors a
   registered NDIS practitioner's professional identity to a DID-
   compatible decentralised identifier without requiring a central
   registry.  The bond enables cross-provider, cross-border practice
   verification while preserving privacy and issuer sovereignty.",https://datatracker.ietf.org/doc/draft-singh-apex-psi-03/,2026-07-27,
draft-singh-apex-psi-05,draft-singh-apex-psi,5,new-draft,ignored_after_review,ignored_after_review,0,,draft-singh-apex-psi-05-01,,https://datatracker.ietf.org/doc/draft-singh-apex-psi-05/,2026-07-27,404 Client Error: Not Found for url: https://datatracker.ietf.org/doc/draft-singh-apex-psi/doc.json
draft-singh-apex-psi-05-01,draft-singh-apex-psi-05,1,new-draft,adjacent_watchlist,ignored_after_review,2,none,PSI-05: Financial Disclosure Integrity,"PSI-05 defines the royalty schedule that MAY be levied by a
   publishing foundation for commercial, litigation, regulatory, or AI-
   training reuse of PSI public ledger data above a threshold defined by
   the foundation's charter.  It establishes a flat-rate per-row fee
   schedule, exemption categories, and an audit protocol.",https://datatracker.ietf.org/doc/draft-singh-apex-psi-05/,2026-07-27,
draft-singh-apex-psi-07,draft-singh-apex-psi,7,new-draft,ignored_after_review,ignored_after_review,0,,draft-singh-apex-psi-07-01,,https://datatracker.ietf.org/doc/draft-singh-apex-psi-07/,2026-07-27,404 Client Error: Not Found for url: https://datatracker.ietf.org/doc/draft-singh-apex-psi/doc.json
draft-singh-apex-psi-07-01,draft-singh-apex-psi-07,1,new-draft,adjacent_watchlist,trust_infrastructure,3,none,PSI-07: Organic Production Attestation,"PSI-07 defines a standard signal format for regulatory events
   detected by automated monitoring systems.  The format is a signed
   JSON envelope carrying the event classification, evidence hash, and
   jurisdiction code, enabling autonomous reporting to one or more
   regulators without human intervention.",https://datatracker.ietf.org/doc/draft-singh-apex-psi-07/,2026-07-27,
draft-sirkkavaara-vaara-receipt-06,draft-sirkkavaara-vaara-receipt,6,new-draft,read_now,trust_infrastructure,11,none,The Vaara Receipt: A Recomputable Receipt Format for Decisions About Autonomous Actions,"This document specifies vaara.receipt/v1, a signed and independently
   recomputable record that binds a decision about an autonomous action
   to the evidence the decision was made on, and optionally to one or
   more external timestamp anchors.  The format is canonicalized with
   the JSON Canonicalization Scheme (JCS) so that any third party can
   recompute its digests and verify its signature without access to the
   issuer.  A decision and the execution receipt that answers it form
   one recomputable pair through the envelope's back link.

   The receipt's trust is root-agnostic: the same record is verifiable
   with or without a hardware trusted execution environment and is re-
   expressible as an IETF RATS Entity Attestation Result.  Downstream
   specifications (a payment rail, a compliance regime, a framework
   integration) define profiles that pin to a version of this document
   and add only their own evidence schema; they do not redefine the
   envelope.  The format described here is deployed, and its receipts
   are independently recomputable from public conformance vectors that
   ship with standalone checkers importing no issuer code.  The minimal
   profile is a governance decision over a single autonomous action,
   bound to the action's own intent with no external rail; it is the
   floor of the format, and a reference library offers a matching
   adoption floor at the API layer as a one-line decorator over the
   governed function.",https://datatracker.ietf.org/doc/draft-sirkkavaara-vaara-receipt/,2026-07-27,
draft-smc-grow-bmp-route-change-stats-02,draft-smc-grow-bmp-route-change-stats,2,new-draft,ignored_after_review,ignored_after_review,0,none,BMP Route Change Statistics Based on Routing Policy,"This document defines few generic BGP Monitoring Protocol (BMP)
   statistics for monitoring route modifications or changes due to
   applying Routing Policy.  These statistics are reported per BGP
   peer using the BMP Statistics Report message.

   This revision (-02) firms up the specification for working group
   consideration: it adds a Relationship to Other Work section that
   explicitly maps this document to concurrently circulating GROW
   contributions on BMP statistics and policy-driven telemetry and
   invites coordination with their authors, adds a worked example, and
   strengthens Security Considerations. No statistics semantics, Stat
   Type allocations, or wire formats defined in -01 are changed.",https://datatracker.ietf.org/doc/draft-smc-grow-bmp-route-change-stats/,2026-07-27,
draft-smith-6man-accurate-ra-router-lifetime-03,draft-smith-6man-accurate-ra-router-lifetime,3,new-draft,ignored_after_review,ignored_after_review,0,none,More Accurately Naming IPv6 RA Router Lifetime,"IPv6 Router Advertisements (RAs) have a ""Router Lifetime"" field,
   which specifies how long the advertising router will act as a default
   router for the receiving hosts, unless refreshed with another
   advertisement.  The field name ""Router Lifetime"" is quite general,
   and could easily be misunderstood to mean the bounded lifetime of all
   of the information contained in the RA.  This memo more accurately
   renames this field ""Default Router Lifetime"".",https://datatracker.ietf.org/doc/draft-smith-6man-accurate-ra-router-lifetime/,2026-07-27,
draft-smn-idr-inter-domain-ibgp-09,draft-smn-idr-inter-domain-ibgp,9,new-draft,ignored_after_review,ignored_after_review,0,none,Interconnecting domains with IBGP,"This document relaxes the recommendations specified in BGP/MPLS IP
   Virtual Private Networks (VPNs) and BGP Route Reflection: An
   Alternative to Full Mesh Internal BGP (IBGP) allowing the building of
   Inter-domain L3VPN architecture with internal BGP.",https://datatracker.ietf.org/doc/draft-smn-idr-inter-domain-ibgp/,2026-07-27,
draft-sullivan-cfrg-raae-03,draft-sullivan-cfrg-raae,3,new-draft,adjacent_watchlist,core_identity,3,none,Random-Access Authenticated Encryption,"This document defines random-access authenticated encryption (raAE),
   a primitive that partitions a message into an indexed sequence of
   segments that can be encrypted and decrypted independently and in any
   order.  It also specifies SEAL (Segmented Encryption and
   Authentication Layer), a parameterized construction that defines a
   family of concrete raAE instantiations, one for each valid choice of
   an Authenticated Encryption with Associated Data (AEAD) algorithm, a
   key derivation function (KDF), and associated parameters.

   SEAL supports immutable (write-once), append-only, and mutable (in-
   place ciphertext rewrite) operations, each with per-segment
   authentication.  A separately configured snapshot authenticator can
   additionally authenticate the complete, indexed segment set.

   The document also defines the security notions of raAE, specifies the
   requirements for conforming constructions, and analyzes SEAL against
   those requirements.  Concrete cipher suites, serialization layouts,
   and test vectors for SEAL are specified in a companion document.",https://datatracker.ietf.org/doc/draft-sullivan-cfrg-raae/,2026-07-27,
draft-sullivan-mls-attachments-01,draft-sullivan-mls-attachments,1,new-draft,adjacent_watchlist,core_identity,3,none,Encrypted Attachments for MLS,"This document defines random-access authenticated encryption of large
   write-once files for Messaging Layer Security (MLS) groups.  A file
   is encrypted so that a receiver can decrypt and authenticate any byte
   range without processing the whole file.  The encryption is SEAL-
   attachment, SEAL's named write-once attachment scheme (raAE),
   parameterized by the AEAD and key derivation function of the group's
   MLS cipher suite and keyed from the MLS exporter.  The encrypted
   bytes are carried by any means, and a recipient needs only a small
   reference (the object's identifier, length, and snapshot value, and
   an optional locator) to fetch, key, and verify the object.  Carrying
   that reference in an MLS message attributes the object to the member
   that sent the message.  MLS application messages cannot carry large
   files, and existing attachment encryption produces an opaque,
   immutable blob with no partial access.  This extension supplies the
   random-access layer those uses need.",https://datatracker.ietf.org/doc/draft-sullivan-mls-attachments/,2026-07-27,
draft-sullivan-seal-concrete-00,draft-sullivan-seal-concrete,0,new-draft,adjacent_watchlist,core_identity,3,none,SEAL Cipher Suites and Instantiations,"SEAL (Segmented Encryption and Authentication Layer) is a
   construction that realizes random-access authenticated encryption
   (raAE), a primitive that partitions a message into an indexed
   sequence of independently accessible, individually authenticated
   segments.  This document specifies concrete, interoperable
   instantiations of SEAL for particular uses, built from previously
   specified primitives, and applies the analysis in a companion
   document to state their security properties and safe usage limits.",https://datatracker.ietf.org/doc/draft-sullivan-seal-concrete/,2026-07-27,
draft-sullivan-tls-xof-schedule-00,draft-sullivan-tls-xof-schedule,0,new-draft,ignored_after_review,ignored_after_review,0,none,XOF-based key schedules for TLS 1.3,"TLS 1.3 runs its entire key schedule on HKDF over SHA-2.  This
   document defines an extension that replaces that schedule with one
   built on an extendable-output function (XOF): the negotiated KDF
   governs every derivation, the Finished and binder MACs, and the
   transcript hash, so no SHA-2 remains in the key schedule.  The cipher
   suites, AEAD algorithms, state machine, and record layer are
   unchanged, and a connection without the extension uses HKDF as today.
   Two KDFs are defined, SHAKE256 and the reduced-round TurboSHAKE256.
   This document updates RFC 9258.",https://datatracker.ietf.org/doc/draft-sullivan-tls-xof-schedule/,2026-07-27,
draft-sury-dnsop-parent-centric-resolver-03,draft-sury-dnsop-parent-centric-resolver,3,new-draft,monitor,adjacent_watchlist,5,none,Parent-Centric Delegation Handling in DNS Resolvers,"This document specifies an optional parent-centric behavioral model
   for DNS recursive resolvers, in which delegation decisions are always
   based on the NS RRset (or DELEG RRset) received from the parent side
   of a zone cut and are never overwritten by child-side NS data.

   The parent-centric model eliminates the ""two sources of truth""
   problem inherent in the current DNS delegation design, closes the
   Ghost Domain and Phoenix Domain attack vectors, provides
   deterministic behavior in the presence of parent/child NS mismatches,
   and enables resolvers to safely accept sibling (out-of-bailiwick)
   glue by scoping delegation information to individual zone cuts.  It
   also provides the behavioral foundation required for deployment of
   the DELEG extensible delegation mechanism.

   This document updates [RFC1034] and [RFC1035].",https://datatracker.ietf.org/doc/draft-sury-dnsop-parent-centric-resolver/,2026-07-27,
draft-tang-ipv4plus-17,draft-tang-ipv4plus,17,new-draft,ignored_after_review,ignored_after_review,0,none,IPv4+ The Extended Protocol Based On IPv4,"This document specifies version 4+ of the Internet Protocol
    (IPv4+). IPv4 is very successful,simple and elegant.
    continuation and expansion of the IPv4 is necessary. Existing
    systems, devices only need to upgrade the software to support
    IPv4+, without the need to update new hardwares,saving
    investment costs. Ipv4+ is also an interstellar Protocol,
    so the Internet will evolve into a star Internet.",https://datatracker.ietf.org/doc/draft-tang-ipv4plus/,2026-07-27,
draft-test-psi-00,draft-test-psi,0,new-draft,ignored_after_review,ignored_after_review,0,none,Test PSI Submission,Test submission.,https://datatracker.ietf.org/doc/draft-test-psi/,2026-07-27,
draft-thallapelly-oasnt-01,draft-thallapelly-oasnt,1,new-draft,read_now,authorization,8,none,OASNT: Attested Action Authorization Tokens,"This document defines the OASNT token, a compact JWS-based credential
   in which a hardware-bound device key attests that a specific human,
   on a device whose runtime integrity was assessed, authorized one
   specific action whose human-readable disclosure is cryptographically
   bound to the token (What You See Is What You Sign).  Tokens are
   single-use, short-lived, and may additionally be bound to one
   concrete HTTP request.",https://datatracker.ietf.org/doc/draft-thallapelly-oasnt/,2026-07-27,
draft-thallapelly-oasnt-caid-00,draft-thallapelly-oasnt-caid,0,new-draft,adjacent_watchlist,core_identity,3,none,OASNT-CAID: Canonical Action Identifier Derivation and the Named-Human Binding,"This document profiles OASNT tokens for consumption by executor-side
   processing models.  It fixes one normative derivation of a Canonical
   Action Identifier (CAID) from the OASNT action digest, so that every
   executor checks the same derivation rather than each integration
   defining its own, and it specifies the semantics of the token's
   named-human binding, including a subject-to-enrollment check whose
   absence this profile makes a refusal.",https://datatracker.ietf.org/doc/draft-thallapelly-oasnt-caid/,2026-07-27,
draft-thomson-webpush-hpke-00,draft-thomson-webpush-hpke,0,new-draft,ignored_after_review,ignored_after_review,0,none,WebPush Encryption using HPKE,"This document defines how to use Hybrid Public Key Encryption (HPKE)
   with Web Push.

   This document obsoletes RFC 8291.",https://datatracker.ietf.org/doc/draft-thomson-webpush-hpke/,2026-07-27,
draft-thomson-webpush-sym-00,draft-thomson-webpush-sym,0,new-draft,ignored_after_review,ignored_after_review,0,none,WebPush Encryption using Symmetric Ciphers,"This document defines how to use purely symmetric cryptography with
   Web Push.

   This document obsoletes RFC 8291.",https://datatracker.ietf.org/doc/draft-thomson-webpush-sym/,2026-07-27,
draft-tlmk-infra-dnssd-03,draft-tlmk-infra-dnssd,3,new-draft,ignored_after_review,ignored_after_review,0,dnssd,Providing Local Unicast DNS-SD Service on Infrastructure,"DNS Service Discovery provides several mechanisms whereby hosts can
   discover and advertise services on an IP network.  Such discovery can
   be done using Multicast DNS (mDNS) or DNS, and advertising can be
   done with DNS-SD Service Registration Protocol (SRP) or mDNS.  This
   document defines Unicast Local Discovery (ULD), a service that
   combines an SRP registrar, a Discovery Proxy, and an Advertising
   Proxy.  Hosts can use a ULD server to advertise and discover services
   on the local link entirely via unicast SRP and DNS while remaining
   interoperable with hosts that use mDNS.",https://datatracker.ietf.org/doc/draft-tlmk-infra-dnssd/,2026-07-27,
draft-tonyai-a2a-trust-01,draft-tonyai-a2a-trust,1,new-draft,read_now,adjacent_watchlist,21,none,"Agent-to-Agent Trust, Identity, and Verifiable Provenance","This document defines a trust model for agent-to-agent (A2A)
   interactions in multi-agent AI systems.  It specifies how agents
   obtain verifiable identities via CA-signed templates, how spawn
   chains are cryptographically established and validated, how dynamic
   policies are governed under a dual-signature model, and how cross-
   organizational agent interactions are explicitly authorized.  The
   model applies existing PKI primitives (X.509, CRL, CSR) and
   established identity patterns (OAuth 2.0, On-Behalf-Of) to the
   problem of agent provenance.  This document does not address agent-
   to-resource access control, human-in-the-loop orchestration, or agent
   behavior, as those concerns belong to the resource enforcement layer
   and the orchestration layer respectively.",https://datatracker.ietf.org/doc/draft-tonyai-a2a-trust/,2026-07-27,
draft-trammell-happy-sad-01,draft-trammell-happy-sad,1,new-draft,ignored_after_review,ignored_after_review,0,none,Slow Alternate Detection for Happy Eyeballs,"This document specifies Slow Alternate Detection (SAD) for Happy
   Eyeballs, an ICMP-based advisory path signal [RFC8558] for exposing
   information about path non-selection on-path devices in order to aid
   debugging and measurement of Happy Eyeballs.",https://datatracker.ietf.org/doc/draft-trammell-happy-sad/,2026-07-27,
draft-trammell-tsvwg-443-is-enough-00,draft-trammell-tsvwg-443-is-enough,0,new-draft,ignored_after_review,ignored_after_review,0,none,443 is Enough: Guidance on Port Allocation for HTTP-based Services,"[RFC7605] provides guidance on the use of port numbers and the
   criteria for new port assignments, including a test for whether a
   proposed service is distinct from an existing service.  It gives the
   example that ""an automated system that happens to use HTTP framing --
   but is not primarily accessed by a browser -- might be a new
   service.""  It also might not.  This document clarifies the
   application of the distinct-protocol test in [RFC7605] Section 7.1 to
   services built on HTTP as a substrate, in light of HTTP's evolution
   since its publication, and provides guidance to applicants and
   reviewers on when an HTTP-based service qualifies for a new port
   assignment and when it does not.",https://datatracker.ietf.org/doc/draft-trammell-tsvwg-443-is-enough/,2026-07-27,
draft-uberti-tsvwg-warp-00,draft-uberti-tsvwg-warp,0,new-draft,ignored_after_review,ignored_after_review,0,none,WebRTC Abridged Roundtrip Protocol (WARP),"This document outlines a set of improvements to the WebRTC session
   setup protocols aimed at significantly reducing connection setup
   latency.  This improved setup mechanism is known as the WebRTC
   Abridged Roundtrip Protocol (WARP).  By addressing inefficiencies
   within the current multi-protocol handshake process, WARP can reduce
   setup latency from 6 RTTs to 2 RTTs when its optimizations are used
   together, with a direct impact on perceived performance and
   reliability.",https://datatracker.ietf.org/doc/draft-uberti-tsvwg-warp/,2026-07-27,
draft-vanmook-expanse-problem-statement-00,draft-vanmook-expanse-problem-statement,0,new-draft,ignored_after_review,ignored_after_review,0,none,"Extending Policy, Addressing and Numbering across Space Ecosystems (EXPANSE): Problem Statement","Ongoing IETF work on networking in non-terrestrial and deep-space
   environments treats addressing, numbering, and registry policy as a
   greenfield.  It is not.  Three decades of operational practice,
   registry governance, and routing security infrastructure exist, and
   any space-segment architecture that ignores them will recreate,
   badly, the coordination mechanisms the Internet already has.  This
   document describes the problem and motivates chartering a working
   group to address it.",https://datatracker.ietf.org/doc/draft-vanmook-expanse-problem-statement/,2026-07-27,
draft-varnagy-iid-protocol-00,draft-varnagy-iid-protocol,0,new-draft,monitor,core_identity,6,none,Internet Identity Protocol (IID),"This document specifies the IID protocol, which defines message
   formats and operations for managing personal data, permissions, and
   attributes associated with internet identities, including natural
   persons, organizations and artificial intelligence agents.

   The protocol is designed to be simple, extensible, platform-
   independent, and human readable.  It is transport-agnostic and
   supports arbitrary cryptographic algorithms.",https://datatracker.ietf.org/doc/draft-varnagy-iid-protocol/,2026-07-27,
draft-vaughan-machine-readability-01,draft-vaughan-machine-readability,1,new-draft,adjacent_watchlist,ignored_after_review,2,none,Defining Machine Readability for Usage Preferences and Policy Expression,"The term ""machine readable"" is widely invoked when content usage
   preferences, rights, and legal terms are expressed for automated
   consumption, but it is rarely defined with enough precision to be
   actionable.  This document resolves the term into two core criteria,
   parseability and interpretability, which are properties of an
   expression itself, and three further dimensions (discoverability,
   actionability, and verifiability) which are orthogonal to the core
   criteria and to one another, concerning as they do the expression's
   place in a transaction rather than its content alone.  Together these
   determine whether an expression of preferences or policy can be
   reliably acted upon by a non-human agent without human intervention.
   This document applies the framework to usage preferences and legal
   terms of service.",https://datatracker.ietf.org/doc/draft-vaughan-machine-readability/,2026-07-27,
draft-venkateswaran-jamwal-twophp-01,draft-venkateswaran-jamwal-twophp,1,new-draft,read_now,adjacent_watchlist,7,none,2-Phase HTTP Protocol for Distributed Transaction Tracking (2PHP-DTT),"This document specifies the 2-Phase HTTP Protocol for Distributed
   Transaction Tracking (2PHP-DTT), a backward-compatible, opt-in
   extension to HTTP mutation semantics that introduces a two-phase
   handshake at service request boundaries. 2PHP ensures that a mutation
   request is durably registered on both the client and the server
   before any processing commences, addressing a structural gap in
   existing HTTP REST semantics where no standard mechanism exists to
   confirm bilateral intent registration prior to execution.

   The acronym DTT expands to Distributed Transaction Tracking.  2PHP is
   not Two-Phase Commit (2PC).  Microservices architectures deliberately
   avoid the cross-service locking and blocking that 2PC requires. 2PHP
   standardizes the intent-tracking pattern that implementations
   currently build ad hoc, providing a common wire contract and a
   queryable ledger of registered intent without introducing a
   distributed transaction coordinator.

   A primary motivator for this work is the growing use of agent-driven
   HTTP invocations, including Model Context Protocol (MCP) tool calls
   and agent-to-agent (A2A) integrations.  When an agent does not
   receive a response, its default behavior is to retry.  Absent a
   queryable record of prior intent, retries pile onto services that may
   already be overwhelmed, causing deadlocks, resource exhaustion, and
   full outages. 2PHP's Phase 1 ledger record enables the client to
   inspect whether the prior intent was registered before issuing a
   retry, breaking the retry-storm feedback loop at the protocol layer.

   2PHP operates at the HTTP protocol layer, requires no new transport
   mechanisms, and is composable across independently operating service
   boundaries.  This document further defines a standardized Intent
   Ledger model for durable, queryable, cross-service correlation of
   request intent, distinct from execution telemetry provided by
   distributed tracing systems.

   This document does not claim novelty over existing intent-tracking,
   idempotency, or distributed-tracing patterns.  Its goal is to define
   a common HTTP-layer wire contract and a common ledger schema so that
   a single reference implementation--packaged as a library or framework
   module--can serve multiple deployments, replacing the per-team ad hoc
   implementations that currently reinvent this pattern.

   This document defines the protocol headers, phase state machine,
   idempotency and replay behavior, the three-tier Intent Ledger
   architecture, cross-service correlation model, and IANA registration
   of the associated HTTP header fields. 2PHP-DTT targets the
   synchronous request-response boundary, where no standard
   acknowledgement primitive exists to confirm bilateral intent
   registration before processing.  Asynchronous HTTP patterns -- 202
   Accepted with Location-based polling in HTTP Semantics, Prefer:
   respond-async negotiation, webhooks, and message-broker delivery --
   already provide durable acknowledgement of intent by construction,
   and are therefore out of scope for this specification.",https://datatracker.ietf.org/doc/draft-venkateswaran-jamwal-twophp/,2026-07-27,
draft-wang-emu-fs-reauth-02,draft-wang-emu-fs-reauth,2,new-draft,monitor,core_identity,5,none,Forward Secure Reauthentication in the Extensible Authentication Protocol Method for Authentication and Key Agreement (EAP-AKA'),"This draft specifies an update to RFC 9678, ""Forward Secrecy
   Extension to the Improved Extensible Authentication Protocol Method
   for Authentication and Key Agreement (EAP-AKA' FS)"".  This update
   enables forward security of the Transient EAP Keys (TEKs) for
   protecting EAP packets, which are not in EAP-AKA' FS.  Based on this
   extension, the executions of reauthentication after a full
   authentication will be unlinkable to each other and then the privacy
   of end users is enhanced.  This update is also applicableto the
   successors of RFC 9678, with post-quantum key encapsulation
   mechanisms (KEMs) or hybrid KEMs.",https://datatracker.ietf.org/doc/draft-wang-emu-fs-reauth/,2026-07-27,
draft-westerbaan-dnssec-mldsa-02,draft-westerbaan-dnssec-mldsa,2,new-draft,ignored_after_review,ignored_after_review,0,none,Module-Lattice Digital Signature Algorithm for DNSSEC,"This document describes how to specify Module-Lattice-Based Digital
   Signature Algorithm (ML-DSA) keys and signatures in DNS Security
   (DNSSEC).  It uses the ML-DSA-44 parameter set defined in FIPS 204.
   ML-DSA-44 is believed to be secure even against adversaries in
   possession of a cryptographically relevant quantum computer.",https://datatracker.ietf.org/doc/draft-westerbaan-dnssec-mldsa/,2026-07-27,
draft-wu-idr-flowspec-redirect-group-02,draft-wu-idr-flowspec-redirect-group,2,new-draft,ignored_after_review,ignored_after_review,0,none,BGP Flowspec Redirect Load Balancing Group Community,"This document defines an extension to the BGP Community Container
   Attribute, which allows flowspec redirection to multiple paths.  This
   extended community serves to redirect traffic to a load balancing
   group and supports both equal-cost multi-path (ECMP) and unequal-cost
   multi-path (UCMP) scenarios.",https://datatracker.ietf.org/doc/draft-wu-idr-flowspec-redirect-group/,2026-07-27,
draft-xiao-fann-congestion-notification-for-pause-00,draft-xiao-fann-congestion-notification-for-pause,0,new-draft,ignored_after_review,ignored_after_review,0,none,Congestion Notification for Pause,"This document describes the necessity and feasibility to introduce a
   mechanism of congestion notification for pause.  After receiving the
   L2 pause frames from the destination data center gateway, the egress
   provider edge node sends the congestion notifications to the upstream
   provider nodes and the ingress provider edge node in a format defined
   in this document.  The upstream provider nodes and the ingress
   provider edge node must pause the forwarding of IP flows identified
   by the congestion notifications.  And then the ingress provider edge
   node may send the L2 pause frames to the source data center gateway.",https://datatracker.ietf.org/doc/draft-xiao-fann-congestion-notification-for-pause/,2026-07-27,
draft-xiao-fann-fast-cnp-00,draft-xiao-fann-fast-cnp,0,new-draft,ignored_after_review,ignored_after_review,0,none,Fast Congestion Notification Packet (CNP) in RoCEv2 Networks,"This document describes a Remote Direct Memory Access (RDMA) over
   Converged Ethernet version 2 (RoCEv2) congestion control mechanism,
   which is inspired by Really Explicit Congestion Notification (RECN)
   described in RFC 7514, also known as Fast Congestion Notification
   Packet (Fast CNP).  By extending the RoCEv2 CNP, Fast CNP can be sent
   by the switch directly to the sender, advising the sender to reduce
   the transmission rate at which it sends the flow of RoCEv2 data
   traffic.",https://datatracker.ietf.org/doc/draft-xiao-fann-fast-cnp/,2026-07-27,
draft-xiao-fann-fast-cnp-with-proxy-00,draft-xiao-fann-fast-cnp-with-proxy,0,new-draft,ignored_after_review,ignored_after_review,0,none,Fast Congestion Notification Packet (CNP) with Proxy,"This document describes the necessity and feasibility to introduce a
   proxy network node between the congested network node and the traffic
   sender.  The proxy network node is used to translate the congestion
   notification.  The congested network node sends the congestion
   notification to the proxy network node in a format defined in this
   document, and then the proxy network node translates the received
   congestion notification to a format known by the traffic sender and
   resends the translated congestion notification to the traffic sender.",https://datatracker.ietf.org/doc/draft-xiao-fann-fast-cnp-with-proxy/,2026-07-27,
draft-yan-sidrops-rpki-terminology-05,draft-yan-sidrops-rpki-terminology,5,new-draft,ignored_after_review,ignored_after_review,0,none,RPKI Terminology,"The Resource Public Key Infrastructure (RPKI) is defined in dozens of
   different RFCs.  The terminology used by implementers and developers
   of RPKI protocols, and by operators of RPKI systems, can at times be
   inconsistent, leading to confusion.  In an effort to improve
   consistency in this respect, this document provides a single location
   for definitions of commonly-used RPKI terms.",https://datatracker.ietf.org/doc/draft-yan-sidrops-rpki-terminology/,2026-07-27,
draft-yossif-agent-mandate-problem-00,draft-yossif-agent-mandate-problem,0,new-draft,monitor,adjacent_watchlist,6,none,Problem Statement: Verifiable Human Mandates for Autonomous Agent Actions,"An autonomous software agent commonly acts under authority a human
   granted at an earlier moment: the human expresses and authorizes an
   intent at one time, and the agent executes one or more concrete
   actions at a later time.  The credentials and session state the agent
   carries at execution time establish that some agent is authorized to
   act, but they do not establish that this specific action, with these
   specific parameters, falls within the constraints the human actually
   signed.  As agent autonomy and action throughput grow, the population
   of executed actions that no human individually bounded grows with it.
   This document is a problem statement.  It characterizes the gap
   between an authorized agent and an authorized action, explains why
   existing delegation, logging, and payment-mandate mechanisms do not
   close it, and states the requirements any solution would have to
   satisfy.  It defines no protocol or mechanism.",https://datatracker.ietf.org/doc/draft-yossif-agent-mandate-problem/,2026-07-27,
draft-yossif-enrollment-problem-00,draft-yossif-enrollment-problem,0,new-draft,adjacent_watchlist,adjacent_watchlist,3,none,Problem Statement: Enrollment and Key-Binding Assumptions in Execution Authority Evidence,"Any scheme that produces cryptographic evidence of execution
   authority roots its entire trust chain in an enrollment: the moment
   at which a key becomes bound to a subject and a device, and at which
   a verifier begins to treat signatures under that key as meaningful.
   Every downstream proof is only as trustworthy as that binding.  If an
   attacker substitutes a key of their choosing at enrollment, every
   subsequent proof verifies correctly and yet attests to the wrong
   party.  This document is a problem statement.  It describes the
   foundational key-substitution threat, records the relevant public
   facts about consumer-platform biometric and key APIs that bound what
   an enrollment can establish, and states the assumptions a verifier of
   execution authority evidence must be able to make about the
   enrollment its proofs depend on.  Specific enrollment ceremonies are
   out of scope.  This document defines no protocol or mechanism.",https://datatracker.ietf.org/doc/draft-yossif-enrollment-problem/,2026-07-27,
draft-yu-ccamp-sla-assurance-optical-yang-01,draft-yu-ccamp-sla-assurance-optical-yang,1,new-draft,adjacent_watchlist,adjacent_watchlist,3,none,A YANG Data Model for Service Level Agreement (SLA) Assurance Management in Optical Transport Networks,"This document defines a YANG module for SLA assurance management in
   optical transport networks.  The module provides a standard way to
   define, detect, and report issues that may impact service and network
   availability.  It enables consistent modeling of assurance intent,
   impairment detection, and risk reporting across optical transport
   domains.  The YANG model is designed to support closed-loop
   operations, allowing automated monitoring, analysis, and remediation
   workflows to maintain high service reliability and SLA compliance",https://datatracker.ietf.org/doc/draft-yu-ccamp-sla-assurance-optical-yang/,2026-07-27,
draft-zedongjia-v6ops-ipv6eh-measurement-01,draft-zedongjia-v6ops-ipv6eh-measurement,1,new-draft,ignored_after_review,ignored_after_review,0,none,Observations on the Reachability and Evasion of Packets with IPv6 Extension Headers on the Internet,"IPv6 Extension Headers (EHs) are designed to provide protocol
   flexibility and support for emerging features, while maintaining a
   concise base header and efficient processing.  In practice, their
   reachability is affected by middlebox handling along the path, and
   their flexibility also introduces security considerations.

   This document presents observations from a comprehensive, large-scale
   measurement study of IPv6 Extension Header path traversal across more
   than 23,000 autonomous systems.  Using a feedback-driven measurement
   framework called 6Travel, the reachability of 11 common IPv6
   Extension Headers is measured over ICMPv6, TCP, and UDP.  The
   measurements indicate a change relative to earlier work: contrary to
   past observations of heavy filtering, specific Extension Headers now
   achieve reachability comparable to plain traffic.  Two distinct forms
   of policy ossification are observed across industry categories,
   together with widespread potential Extension-Header-based firewall
   evasion signatures in nearly 5,000 autonomous systems, particularly
   under TCP and UDP.  These signatures appear consistent with a
   combination of implementation flaws and security misconfigurations,
   spanning both on-path and host-side firewalls.",https://datatracker.ietf.org/doc/draft-zedongjia-v6ops-ipv6eh-measurement/,2026-07-27,
draft-zhang-cats-clients-request-packet-00,draft-zhang-cats-clients-request-packet,0,new-draft,adjacent_watchlist,core_identity,3,none,CATS Client Service Request Packet Format (IPv6 Extension Header and Payload-Based Carriage of CS-ID and Network/Computing Requirement Parameters),"This document specifies two complementary mechanisms for carrying the
   CATS Service Identifier (CS-ID) and network/computing requirement
   parameters in client service request packets within the Computing-
   Aware Traffic Steering (CATS) framework.

   Mode A uses IPv6 Extension Headers to carry CS-ID and requirement
   parameters as hop-by-hop or destination options, enabling in-band
   signaling that is visible to all CATS-aware network nodes along the
   path.  Mode B uses a payload-based TLV structure that is transport-
   protocol agnostic and can be used with both IPv4 and IPv6, as well as
   with encrypted transports.

   The document defines the Virtual Placeholder Address (VPA) prefix
   requirements, the CATS Service Request Extension Header (CSREH)
   format, the CATS Service Request TLV format, and the CATS_PACKET_IN
   process for handling these packets at ingress CATS-Forwarders.",https://datatracker.ietf.org/doc/draft-zhang-cats-clients-request-packet/,2026-07-27,
draft-zhangb-cats-csma-implementation-00,draft-zhangb-cats-csma-implementation,0,new-draft,adjacent_watchlist,ignored_after_review,2,none,CATS Service Metric Agent (C-SMA) Functional Implementation,"The Computing-Aware Traffic Steering (CATS) framework introduces the
   CATS Service Metric Agent (C-SMA) as the functional entity
   responsible for collecting service capabilities and status, and
   reporting them to CATS Path Selectors (C-PSes).  While existing
   drafts define the metrics and high-level framework, the concrete
   functional behavior, internal architecture, and operational
   procedures of the C-SMA remain underspecified.

   This document fills that gap by defining the functional
   implementation of the C-SMA.  Specifically, it specifies how the
   C-SMA collects metrics from multiple Service Contact Instances (SCIs)
   within a service site; how it validates, and caches these metrics;
   how it adapts to various control-plane protocols for metric
   distribution; how it enforces local policies and security policies;
   and how it maintains synchronization with the C-PS under dynamic
   conditions.  This document complements [I-D.ietf-cats-framework] and
   [I-D.zhangb-cats-service-metrics-op] by providing the operational
   execution layer for the C-SMA.",https://datatracker.ietf.org/doc/draft-zhangb-cats-csma-implementation/,2026-07-27,
draft-zhangb-cats-sci-implementation-00,draft-zhangb-cats-sci-implementation,0,new-draft,adjacent_watchlist,ignored_after_review,2,none,CATS Service Contact Instance Functional Implementation,"The Computing-Aware Traffic Steering (CATS) framework introduces the
   concept of a Service Contact Instance (SCI) as the client-facing
   entity responsible for receiving and dispatching service requests.
   While existing drafts define the framework and metrics, the concrete
   functional behavior of a Service Contact Instance remains
   underspecified.

   This document fills that gap by defining the functional
   implementation of a CATS Service Contact Instance.  Specifically, it
   specifies how an SCI collects, aggregates, and reports service
   instance metrics to the CATS Service Metric Agent (C-SMA); how it
   monitors the health and status of underlying service instances; how
   it dispatches client requests to the most appropriate service
   instance based on local policy and real-time conditions; and how it
   maintains affinity and handles failure scenarios.  This document
   complements [I-D.ietf-cats-framework] and
   [I-D.zhangb-cats-service-metrics-op] by providing the operational
   execution layer for the SCI.",https://datatracker.ietf.org/doc/draft-zhangb-cats-sci-implementation/,2026-07-27,
draft-zhu-oauth-async-delegation-04,draft-zhu-oauth-async-delegation,4,new-draft,read_now,authorization,13,none,Delegated Refresh Tokens for OAuth 2.0 Token Exchange,"OAuth 2.0 Token Exchange permits an authorization server to issue a
   refresh token when a client needs continued access after the original
   credential is no longer valid.  However, RFC 8693 does not define how
   a refresh token issued by a delegated Token Exchange preserves the
   subject, actor chain, resource restrictions, or other delegated
   authorization state.

   This specification profiles refresh tokens issued by delegated OAuth
   2.0 Token Exchange for asynchronous and long-running workflows.  It
   defines authorization-server metadata advertising profile support and
   a Token Exchange request signal by which a client requests delegated
   continuation, together with preservation of subject and actor
   relationships, client and actor binding, resource confinement, scope
   monotonicity, authorization re-evaluation, rotation, task-scoped
   revocation, and a bounded delegation lifetime.  The common discovery
   signal, request signal, and semantics enable autonomous agents and
   other product components to interoperate with independently
   implemented authorization servers across trust domains.

   Because a client generally cannot determine the effective lifetime of
   an opaque refresh token, this profile requires the client to request
   continuation only for an identified asynchronous task and to promptly
   revoke the refresh-token family when that task reaches a terminal
   state.  These requirements reduce unnecessary issuance and limit the
   period in which residual delegated authority can be abused.  The
   profile uses the existing OAuth refresh token response and grant and
   introduces no new token type or grant type.",https://datatracker.ietf.org/doc/draft-zhu-oauth-async-delegation/,2026-07-27,
draft-ztop-secdispatch-protocol-00,draft-ztop-secdispatch-protocol,0,new-draft,read_now,trust_infrastructure,12,none,Zero Trust Transfer Orchestration Protocol (ZTOP),"This document defines the Zero Trust Transfer Orchestration
   Protocol (ZTOP), a novel Application Layer (OSI Layer 7) protocol
   for orchestrating cryptographically authenticated, continuously
   attested peer-to-peer file transfer in Zero Trust Architectures
   (ZTA).

   ZTOP operates within a TLS 1.3 transport tunnel and introduces:
   a hardware-derived cryptographic Peer Identity using HKDF-SHA512
   and Ed25519; a 5-layer X.509 certificate chain with custom
   OID-encoded Zero Trust metadata; a continuous 16-field Heartbeat
   attestation protocol; a 100-point Adaptive Tamper Resistance
   Score; a dual-signed 19-field Metadata Exchange Protocol preceding
   any payload; a 380-byte Cryptographic Execution Manifest (CEM)
   permanently bound to every transferred file; SHA-256 binary
   Merkle-tree chunk integrity with immediate per-chunk proof
   validation; protocol-native static pre-execution behavioral
   analysis; and a 7-Level non-repudiation Signature Chain.  A
   transfer is considered complete only when all seven cryptographic
   signatures are present and verified.

   A Python reference implementation is available at:
   https://github.com/sripad2020/ztop-research/",https://datatracker.ietf.org/doc/draft-ztop-secdispatch-protocol/,2026-07-27,
draft-zundel-vdcarch-00,draft-zundel-vdcarch,0,new-draft,read_now,verifiable_claims,9,spice,A reference architecture for direct presentation credential flows,"This document defines a reference architecture for direct
   presentation flows of digital credentials.  The architecture
   introduces the concept of a presentation mediator as the active
   component responsible for managing, presenting, and selectively
   disclosing credentials while preserving a set of security and privacy
   promises that will also be defined.

Discussion Venues

   This note is to be removed before publishing as an RFC.

   Source for this draft and an issue tracker can be found at
   https://github.com/leifj/wallet-refarch.",https://datatracker.ietf.org/doc/draft-zundel-vdcarch/,2026-07-27,
,,,,,,,,,,,,draft-singh-apex-psi: metadata fetch failed: 404 Client Error: Not Found for url: https://datatracker.ietf.org/doc/draft-singh-apex-psi/doc.json
,,,,,,,,,,,,draft-singh-apex-psi: metadata fetch failed: 404 Client Error: Not Found for url: https://datatracker.ietf.org/doc/draft-singh-apex-psi/doc.json
,,,,,,,,,,,,draft-singh-apex-psi: metadata fetch failed: 404 Client Error: Not Found for url: https://datatracker.ietf.org/doc/draft-singh-apex-psi/doc.json
