versioned_name,base_name,version,status,bucket,category,relevance_score,group_name,title,abstract,datatracker_url,date_seen,error
draft-agentic-ai-usecases-requirements-02,draft-agentic-ai-usecases-requirements,2,new-draft,read_now,core_identity,13,none,Agentic AI Use Cases and Requirements,"This document describes use cases for agentic AI communication
   systems and derives protocol requirements from those use cases.  The
   requirements are intended to guide IETF standardization work on
   protocols in the context of agent-to-agent communication, agent-to-
   tool communication, with focus on multimodal communication, session
   management, discovery, communication security, agent identity and
   authentication.",https://datatracker.ietf.org/doc/draft-agentic-ai-usecases-requirements/,2026-08-26,
draft-alves-prp-architecture-00,draft-alves-prp-architecture,0,new-draft,adjacent_watchlist,core_identity,3,none,The Participant Relationship Protocol (PRP): A Relationship-Centric Network Architecture,"This document describes the architecture of the Participant
   Relationship Protocol (PRP).  PRP treats a relationship, rather than
   an address, route, transport connection, or identity alone, as the
   primary persistent context in which communication is authorized and
   continuity is evaluated.  It separates relationships from the
   replaceable identities, sessions, trajectories, routes, paths,
   adjacencies, transports, and carriers that realize communication.

   PRP is independent of IP and of any other particular network-layer
   protocol.  IP-based and non-IP carriers are optional realizations of
   the same relationship-centric architecture.

   The document defines terminology, architectural invariants, layering
   boundaries, security and privacy requirements, and criteria for
   evaluating relationship-centric protocol designs.  It intentionally
   does not define a wire format, cryptographic suite, routing
   algorithm, carrier technology, deployment architecture, or IANA
   registry.",https://datatracker.ietf.org/doc/draft-alves-prp-architecture/,2026-08-26,
draft-anjum-nmop-anomaly-detection-evaluation-01,draft-anjum-nmop-anomaly-detection-evaluation,1,new-draft,ignored_after_review,ignored_after_review,0,none,Evaluation Methodology for Machine-Learning-Based Network Anomaly Detection,"The Network Management Operations (NMOP) working group has adopted
   documents describing an architecture, an operational lifecycle, and a
   semantics for network anomaly detection.  Those documents direct
   implementers to minimize false positives and false negatives, but do
   not define how the accuracy of an anomaly detection implementation is
   to be measured, compared, or tracked over time.  This document
   describes an evaluation methodology for machine-learning-based
   anomaly detection systems operating on network and infrastructure
   telemetry: the metrics to report and their known failure modes, a
   benchmarking procedure based on controlled fault injection and
   replay, and the properties a benchmark dataset needs in order to
   support reproducible, comparable evaluation.  The methodology is
   informational and complements the adopted NMOP anomaly-detection
   documents.",https://datatracker.ietf.org/doc/draft-anjum-nmop-anomaly-detection-evaluation/,2026-08-26,
draft-barrett-dnsop-domain-set-00,draft-barrett-dnsop-domain-set,0,new-draft,read_now,trust_infrastructure,7,none,The Domain Set Discovery Protocol (domain-set),"Organizations commonly operate under multiple domain names: a primary
   website, legacy names, defensive registrations, divisional brands,
   and names in restricted or verified top-level domains.  No standard
   mechanism exists for a domain owner to declare, in a machine-readable
   and verifiable way, which domains belong to the same organization.
   This document defines ""domain-set"", a protocol by which domain
   operators publish membership in a set of domains using a DNS TXT
   record as the discovery mechanism.  The record either lists the
   members directly or references an extensible Domain Set Manifest
   retrieved over HTTPS.  Mutual attestation is the validation
   requirement: a link between two domains is valid only when both
   domains independently publish records naming each other.  Every
   direction of a link MUST be retrieved over an authenticated channel,
   by DNSSEC or by the Web PKI.  The protocol enables browsers, security
   tooling, and AI systems to answer the question ""are these two domains
   operated by the same organization?"" from first-party, owner-published
   data rather than inference.",https://datatracker.ietf.org/doc/draft-barrett-dnsop-domain-set/,2026-08-26,
draft-beeram-teas-rsvp-srv6-00,draft-beeram-teas-rsvp-srv6,0,new-draft,adjacent_watchlist,ignored_after_review,2,none,Signaling RSVP-TE Tunnels on an SRv6 Forwarding Plane Using End.X Segment Identifiers,"RFC 8577 defines mechanisms to signal RSVP-TE tunnels on a shared
   MPLS forwarding plane by introducing the notion of per-TE link labels
   that are functionally equivalent to SR-MPLS adjacency segments.  This
   document extends that work to the SRv6 data plane, defining the
   signaling extensions and procedures necessary to establish RSVP-TE
   tunnels that utilize SRv6 Segment Identifiers (SIDs) for forwarding.

   This document specifies how SRv6 End.X SIDs serve as TE link SIDs,
   defines new RSVP signaling extensions for carrying SRv6 SIDs,
   describes TE path segment-list construction procedures at the
   ingress, and adapts the delegation mechanisms of RFC 8577 to use SRv6
   Binding SIDs.  The result couples the traffic engineering
   capabilities of the RSVP-TE control plane with the native IPv6
   forwarding of SRv6.",https://datatracker.ietf.org/doc/draft-beeram-teas-rsvp-srv6/,2026-08-26,
draft-bortzmeyer-dnsop-poisonlicious-06,draft-bortzmeyer-dnsop-poisonlicious,6,new-draft,ignored_after_review,ignored_after_review,0,none,Synchronizing caches of DNS resolvers,"Networks of cooperating and mutually trusting DNS resolvers could
   benefit from cache sharing, where one resolver would distribute the
   result of a resolution to other resolvers.  This document
   standardizes a protocol to do so.",https://datatracker.ietf.org/doc/draft-bortzmeyer-dnsop-poisonlicious/,2026-08-26,
draft-chen-oauth-agent-authz-use-cases-03,draft-chen-oauth-agent-authz-use-cases,3,new-draft,read_now,authorization,8,none,Agent Authorization use cases and gap analysis,"This document provides a systematic analysis of these emerging agent-
   based use cases.  It categorizes them into distinct scenarios,
   details their specific authorization requirements, and performs a
   comprehensive gap analysis against the existing OAuth 2.0
   framework[RFC6749] and its common extensions.  The analysis
   identifies fundamental gaps and requirements, providing a foundation
   for future work on new extensions within the OAuth Working Group
   toward creating a more secure and interoperable ecosystem for agent-
   based systems.",https://datatracker.ietf.org/doc/draft-chen-oauth-agent-authz-use-cases/,2026-08-26,
draft-chen-spring-srv6-compressed-bsid-insertion-03,draft-chen-spring-srv6-compressed-bsid-insertion,3,new-draft,ignored_after_review,ignored_after_review,0,none,SRv6 NET-PGM extension: Compressed BSID Insertion,"The End.B6.Insert and End.B6.Insert.Red SHOULD support the NEXT-CSID
   flavor either individually or in combinations.  This document defines
   the SRH processing of the End.B6.Insert and End.B6.Insert.Red with
   NEXT-CSID.",https://datatracker.ietf.org/doc/draft-chen-spring-srv6-compressed-bsid-insertion/,2026-08-26,
draft-claise-green-capability-discovery-00,draft-claise-green-capability-discovery,0,new-draft,adjacent_watchlist,adjacent_watchlist,3,none,Discovering the Power State Capabilities of Components,"This document defines a YANG module that augments the system
   capabilities model of RFC 9196 to allow a network element to
   advertise, per hardware Component, the set of Power States that the
   Component supports together with a static characterization of each
   such state: the nominal Power the Component draws in that state.

   This capability model complements the operational Power and Energy
   data model defined in the GREEN Power and Energy YANG module, which
   reports the current Power State and the measured Power of a
   Component, but not which Power States are available or how much Power
   each draws.  It is anchored to the hardware inventory of RFC 8348,
   reuses the Power State identities of the GREEN Power and Energy
   model, and, because it is static, may be provided at implementation
   time as YANG instance data per RFC 9195 so that an Energy Management
   System can learn a platform's Power State capabilities before the
   equipment is deployed or even powered on.",https://datatracker.ietf.org/doc/draft-claise-green-capability-discovery/,2026-08-26,
draft-correctover-ccs-07,draft-correctover-ccs,7,new-draft,read_now,core_identity,8,none,Correctover Conformance Shape (CCS): Runtime Verification for AI Agent Tool Calls,"This document defines the Correctover Conformance Shape (CCS), a
   runtime verification framework for AI agent tool calls.  CCS
   specifies seven verification dimensions (Structure, Schema, Latency,
   Cost, Identity, Integrity, Security) that tool calls and results must
   conform to at runtime.  The framework defines a receipt format with
   Ed25519 signatures, three verdict values (allow, deny, escalate) and
   four executor lifecycle states (confirmed, dispatched, indeterminate,
   unknown), and normative requirements for implementations.

   This revision promotes AEB and CAID to Normative References,
   specifies the detached Ed25519 signature construction over RFC 8785
   canonical JSON, clarifies receipt lifecycle and signing-algorithm
   conformance, and documents two independent interoperable
   implementations (Section 21).",https://datatracker.ietf.org/doc/draft-correctover-ccs/,2026-08-26,
draft-das-6g-query-scoped-communication-handles-01,draft-das-6g-query-scoped-communication-handles,1,new-draft,read_now,core_identity,20,none,"6G-Era Privacy-Preserving, Anti-Harassment and Spam-Free Communication for Map-Based Business Discovery and AI-Native Telecommunication Using Query-Scoped Communication Handles","A basic architectural weakness remains embedded in modern
   telecommunications: knowing how to reach someone is often practically
   equivalent to having permission to attempt contact.

   A phone number, email address, SIP URI, messaging handle, marketplace
   contact reference, or similar identifier commonly acts simultaneously
   as an identity reference, a routing locator, and a reusable path to the
   recipient.  Once that identifier is exposed, copied, leaked, scraped,
   sold, forwarded, or retained after a legitimate interaction, the
   recipient may remain reachable long after the original purpose has
   ended.

   Existing protections, including caller authentication, spam scoring,
   AI-based filtering, blacklists, temporary aliases, number masking, and
   application-level policies, generally operate on top of this
   persistently reachable architecture rather than changing it.

   This problem becomes more significant as communications become
   increasingly automated.  AI agents, autonomous workflows, programmable
   network APIs, AI-RAN systems, digital twins, machine-to-machine
   services, and future 5G/6G infrastructures can generate communication
   actions at machine speed and scale.  A communication attempt may
   therefore originate not only from a human caller, but from an AI model,
   software agent, automated business process, network controller, or
   chained multi-agent workflow.

   This patent-pending work introduces the concept of a
   Capability-Validated Inbound Descriptor (CVID): a communication
   architecture in which possession of an exposed identifier does not
   itself constitute authority to reach the recipient.

   The central principle is:

      Possession of an identifier is not permission to reach.

   Under the proposed model, an inbound communication request is treated
   first as a proposed or Candidate Act rather than as an automatically
   executable communication event.  The act may remain non-effective until
   a protected authority mechanism determines that the communication is
   within an authorized scope.  Only after successful validation is the
   limited capability necessary for the particular communication effect
   released.

   The authorization may conceptually be limited by factors such as
   purpose, sender or business identity, permitted channel, time, usage
   quantity, freshness, revocation state, recipient scope, and
   jurisdiction.  The objective is to transform communication authority
   from persistent reachability into bounded and consumable authority
   associated with a particular permitted interaction.

   This changes the underlying communication model from:

      persistent identifier + downstream filtering

   to:

      bounded authority + protected validation + controlled effectuation

   The distinction is important.  Conventional spam filtering asks:

      ""Is this communication probably unwanted?""

   The proposed architecture asks an earlier and structurally different
   question:

      ""Does this requester presently possess valid authority to cause
       this communication to become effective at all?""

   The approach is intended to complement, not replace, existing
   telecommunications, identity, anti-fraud, AI-safety, and network-
   security mechanisms.

   Potential applications include voice and messaging systems, business
   callbacks, marketplaces, customer-support interactions, email,
   AI-agent communications, programmable telecom networks, 5G/6G,
   AI-RAN, satellite and non-terrestrial networks, machine-to-machine
   communications, and other environments in which persistent identifiers
   create unwanted or excessive reachability.

   The broader technical objective is to separate:

      identity from reachability;

      knowledge of an endpoint from authority to use it; and

      communication preparation from permission for communication effect.

   This public record describes the problem space and patent-pending
   architectural concept only.  Detailed cryptographic constructions,
   protected-state mechanisms, enforcement sequences, implementation
   variants, and claim-specific technical limitations remain subject to
   pending patent rights.",https://datatracker.ietf.org/doc/draft-das-6g-query-scoped-communication-handles/,2026-08-26,
draft-das-execution-finality-protocol-layer-00,draft-das-execution-finality-protocol-layer,0,new-draft,adjacent_watchlist,agent_identity,3,none,The Missing Execution-Finality Protocol Layer of the Internet,"Internet protocols provide mature mechanisms for transporting,
   encrypting, authenticating, authorizing access to, delegating, and
   recording digital information.  These mechanisms remain essential.

   A separate question becomes increasingly important as AI agents,
   autonomous services, programmable networks, cloud workloads, payment
   systems, and cyber-physical systems generate consequential operations
   at machine speed:",https://datatracker.ietf.org/doc/draft-das-execution-finality-protocol-layer/,2026-08-26,
draft-denis-ipcrypt-14,draft-denis-ipcrypt,14,new-draft,ignored_after_review,ignored_after_review,0,none,Methods for IP Address Encryption and Obfuscation,"This document specifies secure, efficient methods for Internet
   Protocol (IP) address encryption and obfuscation in privacy-
   preserving storage, logging, and analytics.  Unlike truncation, which
   destroys data irreversibly, these methods are reversible with the
   encryption key while providing strong privacy guarantees.

   Four modes are defined: ipcrypt-deterministic (format-preserving, IP-
   address output), ipcrypt-pfx (prefix-preserving, native address
   size), ipcrypt-nd and ipcrypt-ndx (non-deterministic with random
   tweaks).  All support high-performance processing at network speeds
   and produce interoperable results across implementations.",https://datatracker.ietf.org/doc/draft-denis-ipcrypt/,2026-08-26,
draft-deshpande-secevent-http-multi-set-push-03,draft-deshpande-secevent-http-multi-set-push,3,new-draft,ignored_after_review,ignored_after_review,0,sec,Push-Based Delivery For Multiple Security Event Tokens (SET) Using HTTP,"This specification defines how multiple Security Event Tokens (SETs)
   can be delivered to an intended recipient using HTTP POST over TLS.
   The SETs are transmitted in the body of an HTTP POST request to an
   endpoint operated by the recipient, and the recipient indicates
   successful or failed transmission via the HTTP response.",https://datatracker.ietf.org/doc/draft-deshpande-secevent-http-multi-set-push/,2026-08-26,
draft-dinuzzo-best-protocol-00,draft-dinuzzo-best-protocol,0,new-draft,adjacent_watchlist,adjacent_watchlist,3,none,BEST: The Behavioral State Protocol,"The Behavioral State Protocol (BEST) defines a discovery-first,
   behaviour-oriented interaction surface for domain services: the
   commands a service accepts, the events it publishes, and optionally
   the queries it answers.  Services self-describe through a manifest at
   the well-known URI ""/.well-known/best""; messages use a conformant
   profile of the CloudEvents 1.0 envelope described by JSON Schema.
   BEST deliberately specifies only the interaction surface -- never a
   service's internal architecture, storage, or execution model --
   allowing independent implementations across any runtime, language, or
   transport to interoperate without bespoke integration.",https://datatracker.ietf.org/doc/draft-dinuzzo-best-protocol/,2026-08-26,
draft-dogru-cedulon-01,draft-dogru-cedulon,1,new-draft,read_now,verifiable_claims,11,none,Cedulon: An Audit Layer for Agent-to-Agent Commerce,"This document defines the Cedulon Protocol, an audit layer for agent-
   to-agent commerce.  Payment rails such as HTTP 402 flows (x402) and
   mandate protocols (AP2) already move value.  They do not, by
   themselves, produce a fail-closed policy check and a signed spend
   receipt that a verifier can reconcile against a rail extract.
   Cedulon specifies a Trade Manifest (signed offer before payment), a
   Policy Decision Point with default deny, a Spend Receipt (COSE/CWT
   claim set after a gated payment), epoch checkpoints, and rail-extract
   reconciliation.  The reconciliation shows that no settlement on the
   extract lacks a receipt and no settled receipt is absent from the
   extract.  That result is unconditional only when the verifier pins
   the rail key out of band and states the period under audit; otherwise
   the document requires it to be reported as conditional.  It also
   defines a Dispute Evidence Bundle (evidence, not an award) and
   optional SCITT anchoring.  Cedulon is not a competitor to x402 or
   AP2; it sits above them.",https://datatracker.ietf.org/doc/draft-dogru-cedulon/,2026-08-26,
draft-dogru-cedulon-reattestation-00,draft-dogru-cedulon-reattestation,0,new-draft,read_now,trust_infrastructure,16,none,Cedulon Re-Attestation: Carrying Spend Evidence Across Algorithm Retirement,"Audit evidence is only useful for as long as it can be verified.
   Cedulon produces COSE spend receipts and epoch checkpoints whose
   signature algorithms will eventually be deprecated or broken; the
   recent transition from polymorphic EdDSA to fully-specified Ed25519
   algorithm identifiers shows that even identifiers change within a
   decade.  This document proposes a re-attestation profile for Cedulon
   evidence: a signed statement, produced while the original algorithm
   is still trustworthy, that binds the original evidence bytes to a
   successor algorithm and is registered in a SCITT transparency
   service.  Chains of such statements allow a verifier decades later to
   trust evidence whose original cipher has been retired.  Structures
   are meant to outlive ciphers.  This is an extension proposal to the
   Cedulon core document; its normative language is provisional and the
   companion implementation does not implement it yet.",https://datatracker.ietf.org/doc/draft-dogru-cedulon-reattestation/,2026-08-26,
draft-dogru-cedulon-streaming-00,draft-dogru-cedulon-streaming,0,new-draft,adjacent_watchlist,ignored_after_review,2,none,Cedulon Streaming Reconciliation: Continuous Completeness for Agent Spend,"Cedulon defines a batch reconciliation audit: given a window of spend
   receipts, epoch checkpoints, and an authenticated rail extract, a
   verifier proves completeness after the fact.  Agent fleets that spend
   continuously need the same property as a live signal: a conscience
   that runs beside the payments rather than behind them.  This document
   proposes a streaming profile: short half-open micro-epochs, an
   incremental checkpoint cadence, a watermark that separates
   provisional from final findings, and rules for late-arriving
   settlements.  The goal is that ""the books are balanced"" becomes a
   continuously maintained, externally checkable state instead of a
   periodic report.  This is an extension proposal to the Cedulon core
   document; its normative language is provisional and the companion
   implementation does not implement it yet.",https://datatracker.ietf.org/doc/draft-dogru-cedulon-streaming/,2026-08-26,
draft-dogru-scitt-disclosure-evidence-07,draft-dogru-scitt-disclosure-evidence,7,new-draft,read_now,trust_infrastructure,7,none,Transformation Evidence and Coverage Reconciliation for Auditable Data Disclosure,"Audit receipts record what a gateway wrote about an access.  They
   omit how data changed and whether every access left a receipt.  This
   document defines two evidence payloads for those gaps.
   Transformation Evidence states which value classes were transformed,
   and how, without carrying values.  Coverage Reconciliation compares
   source activity counters with a receipt set over a window.  Each item
   is matched, observed without a receipt, receipted without an
   observation, excluded, or indeterminate.  The result is not a bare
   pass.  Both payloads register as Signed Statements on a SCITT
   Transparency Service.  This document defines no new receipt format,
   transparency mechanism, or signature format.",https://datatracker.ietf.org/doc/draft-dogru-scitt-disclosure-evidence/,2026-08-26,
draft-eastlake-dnsop-rfc2930bis-tkey-06,draft-eastlake-dnsop-rfc2930bis-tkey,6,new-draft,adjacent_watchlist,core_identity,3,none,Secret Key Agreement for DNS: The TKEY Resource Record,"RFC 8945 provides efficient authentication of Domain Name System
   (DNS) protocol messages using shared secret keys and the Transaction
   Signature (TSIG) resource record (RR).  However, it provides no
   mechanism for setting up such keys other than by configuration.  This
   document specifies the Transaction Key (TKEY) RR that can be used to
   establish shared secret keys between a DNS resolver and server.  This
   document obsoletes RFC 2930.",https://datatracker.ietf.org/doc/draft-eastlake-dnsop-rfc2930bis-tkey/,2026-08-26,
draft-eastlake-rfc9231bis-xmlsec-uris-09,draft-eastlake-rfc9231bis-xmlsec-uris,9,new-draft,ignored_after_review,ignored_after_review,0,none,Additional XML Security Uniform Resource Identifiers (URIs),"This document expands and corrects the IANA ""XML Security URIs""
   registry that lists URIs intended for use with XML digital
   signatures, encryption, canonicalization, and key management.  These
   URIs identify algorithms and types of information.  This document
   obsoletes RFC 9231.",https://datatracker.ietf.org/doc/draft-eastlake-rfc9231bis-xmlsec-uris/,2026-08-26,
draft-ekahraman-oauth-attestation-authz-native-app-01,draft-ekahraman-oauth-attestation-authz-native-app,1,new-draft,read_now,authorization,9,none,OAuth 2.0 Attestation Based Authorization for Native Applications,"This document defines an extension to OAuth 2.0 [RFC6749] that
   enables Authorization Servers to consider Attestation Results
   presented by Native Applications when issuing access grants.  By
   incorporating information about the security characteristics of the
   application and its execution environment, this mechanism supports
   Authorization Policies that are tailored to the trustworthiness of
   the Native Application.",https://datatracker.ietf.org/doc/draft-ekahraman-oauth-attestation-authz-native-app/,2026-08-26,
draft-faltstrom-unicode-18,draft-faltstrom-unicode,18,new-draft,ignored_after_review,ignored_after_review,0,,draft-faltstrom-unicode-18-00,,https://datatracker.ietf.org/doc/draft-faltstrom-unicode-18/,2026-08-26,404 Client Error: Not Found for url: https://datatracker.ietf.org/doc/draft-faltstrom-unicode/doc.json
draft-faltstrom-unicode-18-00,draft-faltstrom-unicode-18,0,new-draft,ignored_after_review,ignored_after_review,0,none,Internationalized Domain Names for Applications 2008 (IDNA2008) and Unicode 18.0.0,"This document describes the changes between Unicode 12.0.0 and
   Unicode 18.0.0 in the context of IDNA2008.  Some additions and
   changes have been made in the Unicode Standard that affect the values
   produced by the algorithm IDNA2008 specifies.  The review assigns the
   derived property value ""UNDER REVIEW"" to certain code points.  This
   is added as exceptions to the algorithm for IDNA2008 that allows
   adding exceptions to the algorithm for backward compatibility
   exceptions.  This document provides the necessary tables to IANA to
   make its database consistent with Unicode 18.0.0.

   This version of this document is based on pre-release data.  Unicode
   18.0.0 has not been released, and every figure here that concerns it
   is provisional and must be regenerated against the released files.
   See the note at the top of this document.

   All values in this document are computed from the Unicode Character
   Database files listed in Appendix H, by applying the algorithm in RFC
   5892 Section 3 directly to those files.  No derived property table
   produced by a third party is used as input.",https://datatracker.ietf.org/doc/draft-faltstrom-unicode-18/,2026-08-26,
draft-farrokhi-dnsop-ecs-opt-in-00,draft-farrokhi-dnsop-ecs-opt-in,0,new-draft,ignored_after_review,ignored_after_review,0,none,Client Opt-In Signaling for EDNS Client Subnet,"EDNS Client Subnet (ECS) lets a recursive resolver send part of a
   client's network address to authoritative servers, which tailor their
   answers to it.  A resolver's configuration decides whether it does
   so, for every client that sends no ECS option of its own.  RFC 7871
   lets a client opt out.  Asking instead for a shorter prefix requires
   the client to supply the address those bits are taken from, which a
   client behind a NAT or a VPN does not know.

   This document defines an opt-in.  A client includes an EDNS(0) option
   in a query to ask the resolver to forward its address information,
   and can use that option to limit how many address bits the resolver
   forwards.  A resolver implementing this document forwards nothing for
   a client that does not send the option, and one that does not
   implement it ignores the option.  One resolver address can then serve
   clients that want tailored answers and those that want their
   addresses withheld.",https://datatracker.ietf.org/doc/draft-farrokhi-dnsop-ecs-opt-in/,2026-08-26,
draft-fassbender-scitt-time-anchor-05,draft-fassbender-scitt-time-anchor,5,new-draft,read_now,trust_infrastructure,9,none,Bitcoin-Anchored Temporal Proof for Transparency Services,"This document defines a mechanism for temporal anchoring of digital
   artifacts by committing cryptographic hashes to the Bitcoin
   blockchain via the OpenTimestamps protocol.  The resulting proof is
   independently verifiable by any party with access to independently
   validated Bitcoin chain data, without contacting the anchoring
   service.  The SCITT Architecture is used as the primary integration
   example.  No changes to the SCITT architecture are required.",https://datatracker.ietf.org/doc/draft-fassbender-scitt-time-anchor/,2026-08-26,
draft-feng-agentproto-session-requirements-02,draft-feng-agentproto-session-requirements,2,new-draft,read_now,core_identity,10,none,"Requirements for Agent Session Establishment, Capability Negotiation, and Sessionless Interaction","This document defines requirements for session-based and sessionless
   interactions between entities.  For session-based interactions, it
   covers transport-independent interaction binding, endpoint
   authentication, capability negotiation, session establishment,
   authorization, and lifecycle management.  It also defines security
   and state requirements for interactions, such as notifications,
   probes, and atomic requests, that do not establish a session.  It is
   assumed that the entities involved already know of each other; how
   they came to know each other is outside the scope of this document.
   At least one party to an interaction is an agent as defined in
   Section 3.  This document is intended as a contribution to the
   agentproto working group's use cases, gap analysis, and requirements
   deliverable.

   A session is a bilateral association.  Protocols and application
   semantics for coordinating delegation or handoff of work to an entity
   that is not a peer, and management functions such as cross-entity
   accountability and audit, are outside the scope of these base session
   requirements.  This document specifies only that such coordination
   does not, by itself, change the peers or state of an existing
   session.",https://datatracker.ietf.org/doc/draft-feng-agentproto-session-requirements/,2026-08-26,
draft-fu-memdns-pivoting-00,draft-fu-memdns-pivoting,0,new-draft,adjacent_watchlist,ignored_after_review,2,none,DNS for Automated Pivoting in Big Memory Systems,"Heterogeneous memory networks (CXL pools, HBM/DDR/SRAM hierarchies,
   processing-in-memory arrays) form a big memory system, which exposes
   fragmented addressing to ML inference runtimes.  This document
   describes Memory DNS (MemDNS), a semantic-addressing framework that
   applies DNS principles -- domain names, hierarchical delegation,
   caching, TTL, and authoritative records -- to tensor data placement
   in Big Memory Systems (BMS), deployed as limited domains (RFC 8799).
   The focus is ""automated pivoting"": the resolution and control
   machinery that automatically switches data access paths (replica
   selection), migrates data across media (placement pivoting), and
   recovers from faults (failover pivoting), driven by closed-form
   decision models (Appendix A; key logic pseudo-code in Appendix C)
   instead of ad-hoc thresholds.  The document specifies record
   semantics, resolution flow, cache/TTL behavior, delegation, pivot
   decision models, and protocol considerations, together with a
   reference implementation summary.",https://datatracker.ietf.org/doc/draft-fu-memdns-pivoting/,2026-08-26,
draft-gerke-publication-process-reform-04,draft-gerke-publication-process-reform,4,new-draft,ignored_after_review,ignored_after_review,0,none,Publication Process Reform to prevent misuse of AUTH48 or equivalent states,"This document updates the AUTH48 or equivalent process by introducing
   deterministic state-integrity constraints within the IETF Datatracker
   architecture.  It establishes automated validation milestones and
   explicit access controls to prevent late technical modifications
   after the Working Group Last Call, thereby safeguarding the Rough
   Consensus.

   This document updates RFC 7841.",https://datatracker.ietf.org/doc/draft-gerke-publication-process-reform/,2026-08-26,
draft-gondwana-welcome-to-the-ietf-00,draft-gondwana-welcome-to-the-ietf,0,new-draft,adjacent_watchlist,agent_identity,3,none,Welcome to the IETF,"The IETF has produced many documents to describe what it is and how
   it works -- this is one of them.

   In an age in which agentic tooling makes it trivially easy to produce
   large amounts of text, this document explains to both humans and
   agents what the IETF is about, how to succeed at the IETF, and some
   common pitfalls which might reduce the quality of your time here.

   This document does not describe the specific arcane process of how
   documents progress through adoption, improvement, consensus, editing,
   and eventual publication.  Instead, we focus on the people and the
   culture of the IETF and how to succeed at IETFing.",https://datatracker.ietf.org/doc/draft-gondwana-welcome-to-the-ietf/,2026-08-26,
draft-hardt-email-verification-02,draft-hardt-email-verification,2,new-draft,read_now,core_identity,9,none,Email Verification Protocol,"This document defines the Email Verification Protocol (EVP), the
   HTTP-level protocol by which a browser obtains a signed email
   verification token from an issuer and presents it to a relying party
   (RP).  The protocol enables web applications to verify that a user
   controls an email address without sending a verification email.  It
   uses a three-party model in which the browser intermediates between
   the RP and the issuer, hiding the RP's identity from the issuer and
   supporting private, per-RP email addresses to prevent cross-site
   correlation.

   This document covers issuer discovery, the token issuance request,
   the Email Verification Token (EVT) and Key Binding JWT (KB-JWT)
   formats, and token verification.  The browser API — how the user
   selects an email address and how the token is delivered to the RP —
   is defined in the companion W3C Email Verification API
   ([EVP-Browser]).",https://datatracker.ietf.org/doc/draft-hardt-email-verification/,2026-08-26,
draft-hawkins-x402-dns-discovery-03,draft-hawkins-x402-dns-discovery,3,new-draft,ignored_after_review,ignored_after_review,0,none,Discovering x402 Payment Capability via DNS and a Well-Known URI,"x402 is an application-level protocol for internet-native payments
   built on the HTTP 402 (Payment Required) status code.  This document
   defines how a domain publishes its x402 payment capability out-of-
   band, so that clients, autonomous agents, and indexers can discover
   it without prior configuration or a central directory.  It specifies
   a JSON capability manifest served at the well-known URI ""/.well-
   known/x402"" and an optional DNS TXT record at the underscored node
   name ""_x402"" that points to the manifest.  A consumer resolves a bare
   domain name to verified x402 capability with at most one DNS query
   and one HTTPS GET.",https://datatracker.ietf.org/doc/draft-hawkins-x402-dns-discovery/,2026-08-26,
draft-hebbar-hiremani-scswp-01,draft-hebbar-hiremani-scswp,1,new-draft,read_now,core_identity,12,none,Secure Collaborative State Workspace Protocol (SCSWP),"This document specifies the Secure Collaborative State Workspace
   Protocol (SCSWP), a stateful, continuously authenticated protocol
   that enables multiple clients, operating from heterogeneous networks,
   to securely access and collaboratively manage a shared file workspace
   hosted on a central authoritative server.

   SCSWP defines a complete protocol lifecycle encompassing client
   provisioning via a Key-Dissolving bootstrap mechanism, mutual X.509
   certificate-based identity authentication, ephemeral Elliptic-Curve
   Diffie-Hellman (ECDH) key exchange producing a three-level
   cryptographic key hierarchy (K1, K2, K3), continuous Dynamic Network
   and Access (D/N/P/S) trust evaluation, per-client capability-based
   authorization, workspace-aware congestion control with a dynamic
   worker-pool scheduler, concurrent file-operation management via
   mutual exclusion locks and optimistic version control, idempotent
   operation execution, a hash-chained audit ledger, and session
   continuity and recovery through the Dynamic Network and Access
   Continuity (DNAC) mechanism.

   The fundamental security principle of SCSWP is that client trust is
   not established permanently at login time.  Instead, identity, device
   state, network context, session state, authorization state, resource
   state, and workspace state are evaluated continuously and
   cryptographically throughout the full lifetime of every connection.",https://datatracker.ietf.org/doc/draft-hebbar-hiremani-scswp/,2026-08-26,
draft-helmprotocol-tttps-09,draft-helmprotocol-tttps,9,new-draft,read_now,adjacent_watchlist,14,none,The TLS TimeToken Secure Protocol (tttps://),"This document specifies the TLS TimeToken Secure Protocol (tttps://),
   a protocol extension that augments TLS 1.3 with cryptographically
   verifiable temporal ordering.  TTTPS introduces Proof-of-Time (PoT):
   a multi-source synthesised timestamp bound to a holder identity and
   to a live TLS session through an explicit holder-proof construction,
   verified in constant time independent of network size.

   Internet infrastructure conventionally assumes ordering-neutral
   channels.  NTP servers, BGP routing authorities, DNS resolvers, and
   transaction sequencers all have an operational incentive to
   misrepresent event ordering; this document formalises that condition
   as the Strategic Channel Controller Problem (SCCP).  PoT detects
   Byzantine time-source manipulation with probability at least 1 minus
   2 to the negative 61st power, and an AdaptiveSwitch mechanism makes
   sustained ordering manipulation economically self-defeating; the
   equilibrium threshold is derived in closed form and empirically
   calibrated from deployed auction data.

   This document has Experimental status.  A reference deployment has
   produced over 70,000 verified records, 55 percent of which were
   generated by autonomous AI agents.  The mandatory-to-implement
   integrity mode (SHA-256) is completely and publicly specified in
   Appendix B; the optional high-assurance integrity mode (GRG) remains
   subject to pending patent proceedings and is specified only at the
   abstract-interface level pending their conclusion.

Discussion Note

   This note is to be removed before publishing as an RFC.

   This document is being discussed on the dispatch@ietf.org mailing
   list.  Comments and participation are welcome.

   Changes from -06:

   *  Header: revision -06 -> -07; submissionType corrected from ""IETF""
      to ""independent"" (this document is an Independent Submission, not
      an IETF Working Group product); dates updated.

   *  Section 2 / Section 6.1 (the former binding_key construction): the
      -06 construction let any participant in the TLS session --
      including an attacker in its own session with the Issuer --
      recompute binding_key and pass verification without proving
      possession of any holder key material, because binding_key was
      derived solely from public TLS Exporter output and the public PoT
      bytes.  This is replaced with a PoT Record v2 (180 octets)
      carrying an explicit holder_auth_type (Ed25519 public key, MTI, or
      a pre-shared secret, OPTIONAL) and a binding_proof computed by the
      holder over the TLS Exporter output at binding time.  Verification
      now performs integrity-tag interpretation first, in a single
      fixed-cost pass with a three-way intact/resolved/unresolvable
      verdict; in -06 the equivalent check was ordered after five other
      checks.  The full 8-step order is specified in Section 2.5.

   *  Appendix B: removed the ""(Placeholder)"" designation.  Appendix B
      now specifies a public Integrity Algorithm Registry: alg_id 0x0001
      (SHA-256, detection-only) is the Mandatory-to-Implement algorithm
      and is completely and publicly specified, free of any licensing
      condition. alg_id 0x0100 (GRG, detection-and-correction) remains
      OPTIONAL and interface-only pending conclusion of the patent
      proceedings referenced in Section 12.

   *  IANA Considerations, HTTP/3 Stream Types: renamed from ""HTTP/3 and
      QUIC Stream Types"".  The ""QUIC Stream Types"" registry entry is
      removed; no such IANA registry exists, and QUIC stream
      identification for TTTPS is carried entirely by the HTTP/3-layer
      frame registration.

   *  Abstract: shortened from six paragraphs to three; removed inline
      document citations (an abstract is conventionally self-contained
      and does not carry bracketed references).

   *  Scope reduced to the core protocol: satellite communication, SS7
      legacy infrastructure, 5G/6G core network ordering, and deep-
      space/SAGIN deployment material are removed from this revision as
      out of scope; see 3GPP and CCSDS/TIPTOP for domain-specific
      profiles.  The former Appendix E (a regulated therapeutic-design
      motivating scenario) is removed as non-normative and out of scope
      for a protocol specification.

   *  Sections 1 through 4 of -06 (Introduction, Use Cases, Requirements
      Language, Problem Statement) are consolidated into a single
      Section 1, removing a duplicated BCP 14 paragraph and shortening
      the document.

   *  The former Section 4.3 (Shannon Gap / SCCP) and Section 7.4 (V*
      equilibrium) are shortened; the full economic and information-
      theoretic derivations remain in the companion paper [POT2026],
      which this document now points to rather than reproduces.

   *  IANA Time Source Type Registry: named operators (NIST, Google,
      Cloudflare, Apple) are replaced with source classes (national
      metrology laboratory, GNSS-disciplined, Roughtime-authenticated,
      NTS-authenticated, PTP grandmaster); the same replacement is
      applied to the worked examples in Sections 1.3, 2.2, and 7.1.
      This document does not depend on, or endorse, any specific named
      operator.

   *  References [RFC8915], [RFC5705], and [RFC8126] are unchanged from
      -06.

   Changes from -02 through -05 (compressed; see prior revisions of this
   draft for the full itemised changelog): -03 added Use Cases, the SS7/
   SCCP instance analysis, path manipulation scenarios, the trust model,
   and the Implementation Status section (RFC 7942). -04 added the
   Formal Verification Artifacts subsection and the former Appendix E.
   -05 is not separately archived. -06 added Oracle Confidence Gating
   (the G-Score), corrected IPR licensing language per ISE guidance, and
   recorded the provisional ""tttps"" URI scheme registration.",https://datatracker.ietf.org/doc/draft-helmprotocol-tttps/,2026-08-26,
draft-henlich-imdf-00,draft-henlich-imdf,0,new-draft,ignored_after_review,ignored_after_review,0,none,Internet Month-Name Date Format (IMDF),"This document defines the Internet Month-Name Date Format (IMDF), a
   concise date representation for English-language human communication.

   IMDF requires an alphabetic month abbreviation.  This makes the month
   visually distinct from the numeric day and reduces errors caused by
   differing regional date-order conventions.

   The specification primarily defines how IMDF dates are presented.  It
   establishes a preferred output form and permits a limited set of
   familiar English-language variants.  Detailed input handling is
   outside its scope.

   IMDF does not replace ISO 8601 for machine interchange, language-
   neutral communication, chronological sorting, or timestamps.",https://datatracker.ietf.org/doc/draft-henlich-imdf/,2026-08-26,
draft-hillier-coverage-attestation-00,draft-hillier-coverage-attestation,0,new-draft,monitor,trust_infrastructure,5,none,The Coverage Attestation Profile (CAP-1),"A report can be complete and still silent about its own scope.  A
   statement that something was not observed is routinely recorded in a
   form that reads as a claim about the world, when what was established
   was a claim about a bounded population examined to a stated depth.
   Nothing in the record distinguishes the two, and no relying party can
   recover the difference after the fact.

   This document specifies the Coverage Attestation Profile, CAP-1: a
   tool-agnostic vocabulary for stating what an examination examined,
   what it did not, and why.  A conforming document declares one or more
   populations, a denominator for each whose basis is itself declared,
   and an individual accounting for every unit that was not examined,
   drawn from a closed set of dispositions.  A remainder that reconciles
   only by arithmetic is refused.

   The construct is not novel outside this application.  Coverage
   accounting with a declared denominator is settled practice in
   configuration assessment and in vulnerability scanning, and this
   document states that relationship in Section 1.2 before making any
   claim of its own.",https://datatracker.ietf.org/doc/draft-hillier-coverage-attestation/,2026-08-26,
draft-hko-openpgp-identifiers-for-legacy-devices-02,draft-hko-openpgp-identifiers-for-legacy-devices,2,new-draft,adjacent_watchlist,core_identity,3,none,OpenPGP key identifiers for legacy hardware devices,"This document describes an approach for storing a shortened
   fingerprint-based identifier for OpenPGP private key material on
   hardware security devices.",https://datatracker.ietf.org/doc/draft-hko-openpgp-identifiers-for-legacy-devices/,2026-08-26,
draft-ietf-avtcore-rtp-avatar-02,draft-ietf-avtcore-rtp-avatar,2,new-draft,ignored_after_review,ignored_after_review,0,avtcore,RTP Payload Format for Avatar Representation Format (ARF) Animation Stream,"This memo outlines RTP payload formats for the animation stream
   format as defined in the ISO/IEC 23090-39 standard (MPEG-I Avatar
   Representation Format), in the following referred to as ARF.  ARF is
   composed of Avatar Animation Units (AAU) including an AAU header and
   zero or more AAU packets.  The RTP payload header format allows for
   packetization of an AAU unit in an RTP packet payload as well as
   fragmentation of an AAU into multiple RTP packets.",https://datatracker.ietf.org/doc/draft-ietf-avtcore-rtp-avatar/,2026-08-26,
draft-ietf-ccwg-ratelimited-increase-10,draft-ietf-ccwg-ratelimited-increase,10,new-draft,ignored_after_review,ignored_after_review,0,ccwg,Increase of the Congestion Window when the Sender Is Rate-Limited,"This document specifies how transport protocols increase their
   congestion window when the sender is rate-limited, and updates RFCs
   4341, 5681, 9002, 9260, and 9438.  Such a limitation can be caused by
   the sending application not supplying data or by receiver flow
   control.",https://datatracker.ietf.org/doc/draft-ietf-ccwg-ratelimited-increase/,2026-08-26,
draft-ietf-cdni-client-access-control-metadata-05,draft-ietf-cdni-client-access-control-metadata,5,new-draft,ignored_after_review,ignored_after_review,0,cdni,CDNI Client Access Control Metadata,"This specification adds to the basic client access control metadata
   in RFC8006, providing content providers and upstream content delivery
   networks (uCDNs) extended capabilities in defining location and time
   window restrictions.  Support is also provided to define required
   Transport Layer Security (TLS) certificates and encryption levels.
   The specification also defines configuration metadata for the Common
   Access Token (CAT), developed jointly by the Streaming Video
   Technology Alliance (SVTA) and Consumer Technology Association Web
   Application Video Ecosystem (CTA-WAVE).",https://datatracker.ietf.org/doc/draft-ietf-cdni-client-access-control-metadata/,2026-08-26,
draft-ietf-dkim-dkim2-spec-05,draft-ietf-dkim-dkim2-spec,5,new-draft,adjacent_watchlist,adjacent_watchlist,3,dkim,DomainKeys Identified Mail Signatures v2 (DKIM2),"DomainKeys Identified Mail v2 (DKIM2) permits a person, role, or
   organization that owns a signing domain to document that it has
   handled an email message by associating their domain with the
   message.  This is achieved by providing a hash value that has been
   calculated on the current contents of the message and then applying a
   cryptographic signature that covers the hash values and other details
   about the transmission of the message.  Verification is performed by
   querying an entry within the signing domain's DNS space to retrieve
   an appropriate public key.  As a message is transferred from author
   to recipient systems that alter the body or header fields will
   provide details of their changes and calculate new hash values.
   Further signatures will be added to provide a validatable ""chain"".
   This permits validators to identify the nature of changes made by
   intermediaries and apply a reputation to the systems that made
   changed.  DKIM2 also allows recipients to detect when messages have
   been unexpectedly ""replayed"" and will ensure that Delivery Status
   Notifications are only sent to entities that were involved in the
   transmission of a message.",https://datatracker.ietf.org/doc/draft-ietf-dkim-dkim2-spec/,2026-08-26,
draft-ietf-dtn-eid-pattern-10,draft-ietf-dtn-eid-pattern,10,new-draft,ignored_after_review,ignored_after_review,0,dtn,Bundle Protocol Endpoint ID Patterns,"This document extends the Bundle Protocol Endpoint ID (EID) concept
   into an EID Pattern, which is used to categorize any EID as matching
   a specific pattern or not.  EID Patterns are suitable for expressing
   configuration, for being used on-the-wire by protocols, and for being
   easily understandable by a layperson.  EID Patterns include scheme-
   specific optimizations for expressing set membership and each scheme
   pattern includes text and binary encoding forms; the pattern for the
   ""ipn"" EID scheme being designed to be highly compressible in its
   binary form.  This document also defines a Public Key Infrastructure
   Using X.509 (PKIX) Other Name form to contain an EID Pattern and a
   handling rule to use a pattern to match an EID.",https://datatracker.ietf.org/doc/draft-ietf-dtn-eid-pattern/,2026-08-26,
draft-ietf-emu-eap-ppt-03,draft-ietf-emu-eap-ppt,3,new-draft,read_now,core_identity,12,emu,Extensible Authentication Protocol (EAP) Using Privacy Pass Token,"This document describes Extensible Authentication Protocol using
   Privacy Pass token (EAP-PPT) Version 1.  The protocol specifies use
   of the Privacy Pass token for client authentication within EAP as
   defined in RFC3748.  Privacy Pass is a privacy preserving
   authentication mechanism used for authorization, as defined in
   RFC9576.  EAP-PPT must be performed only in a tunnel-based EAP
   method.",https://datatracker.ietf.org/doc/draft-ietf-emu-eap-ppt/,2026-08-26,
draft-ietf-idr-bgp-ls-sr-policy-path-segment-11,draft-ietf-idr-bgp-ls-sr-policy-path-segment,11,new-draft,ignored_after_review,ignored_after_review,0,idr,SR Policies Extensions for Path Segment and Bidirectional Path in BGP-LS,"This document specifies the way of collecting configuration and
   states of SR policies carrying Path Segment and bidirectional path
   information by using BPG-LS.  Such information can be used by
   external conponents for many use cases such as performance
   measurement, path re-optimization and end-to-end protection.",https://datatracker.ietf.org/doc/draft-ietf-idr-bgp-ls-sr-policy-path-segment/,2026-08-26,
draft-ietf-idr-sr-policy-seglist-id-14,draft-ietf-idr-sr-policy-seglist-id,14,new-draft,adjacent_watchlist,core_identity,3,idr,BGP SR Policy Extensions for Segment List Identifier,"Segment Routing (SR) is a source routing paradigm that explicitly
   indicates the forwarding path for packets at the ingress node.  An SR
   Policy is a set of candidate paths, each consisting of one or more
   segment lists.  This document defines extensions to BGP SR Policy to
   specify the identifier of a segment list.",https://datatracker.ietf.org/doc/draft-ietf-idr-sr-policy-seglist-id/,2026-08-26,
draft-ietf-idr-ts-flowspec-srv6-policy-17,draft-ietf-idr-ts-flowspec-srv6-policy,17,new-draft,ignored_after_review,ignored_after_review,0,idr,Traffic Steering using BGP FlowSpec with SR Policy,"BGP Flow Specification (FlowSpec) provides mechanisms to distribute
   traffic filtering and steering rules across BGP networks.  This
   document specifies BGP FlowSpec procedures to steer matching traffic
   flows into Segment Routing (SR) Policies.  Specifically, it defines
   normative protocol mechanisms for combining FlowSpec NLRIs with
   specific BGP Extended Communities for transport policy steering in
   SR-MPLS and SRv6 networks (Mode 1), and optionally with the BGP
   Prefix-SID Attribute when egress service action execution is required
   in SRv6 networks (Mode 2).",https://datatracker.ietf.org/doc/draft-ietf-idr-ts-flowspec-srv6-policy/,2026-08-26,
draft-ietf-ippm-alt-mark-yang-06,draft-ietf-ippm-alt-mark-yang,6,new-draft,adjacent_watchlist,adjacent_watchlist,3,ippm,A YANG Data Model for the Alternate-Marking Method,"Alternate-Marking Method is a technique used to perform packet loss,
   delay, and jitter measurements on in-flight packets.  This document
   defines a YANG data model for the Alternate-Marking Method.",https://datatracker.ietf.org/doc/draft-ietf-ippm-alt-mark-yang/,2026-08-26,
draft-ietf-ippm-on-path-telemetry-yang-06,draft-ietf-ippm-on-path-telemetry-yang,6,new-draft,adjacent_watchlist,adjacent_watchlist,3,ippm,On-Path Telemetry YANG Data Model,"This document proposes a YANG data model for monitoring On-Path
   network performance information to be published in YANG
   notifications.  The Alternate-Marking Method and In-situ Operations,
   Administration, and Maintenance (IOAM) are the On-Path hybrid
   measurement methods considered in this document.",https://datatracker.ietf.org/doc/draft-ietf-ippm-on-path-telemetry-yang/,2026-08-26,
draft-ietf-ipsecme-ikev2-pqc-auth-12,draft-ietf-ipsecme-ikev2-pqc-auth,12,new-draft,adjacent_watchlist,core_identity,3,ipsecme,Signature Authentication in the Internet Key Exchange Version 2 (IKEv2) using PQC,"Signature-based authentication methods are utilized in the Internet
   Key Exchange Version 2 (IKEv2).  The current version of the IKEv2
   protocol, specified in RFC 7296, supports traditional digital
   signatures.

   This document specifies a generic mechanism for integrating post-
   quantum cryptographic (PQC) digital signature algorithms into the
   IKEv2 protocol.  The approach allows for seamless inclusion of any
   PQC signature scheme within the existing authentication framework of
   IKEv2.  Additionally, it outlines how Module-Lattice-Based Digital
   Signatures (ML-DSA) and Stateless Hash-Based Digital Signatures (SLH-
   DSA), can be employed as authentication methods within the IKEv2
   protocol, as they have been standardized by US NIST.",https://datatracker.ietf.org/doc/draft-ietf-ipsecme-ikev2-pqc-auth/,2026-08-26,
draft-ietf-ivy-network-inventory-topology-09,draft-ietf-ivy-network-inventory-topology,9,new-draft,adjacent_watchlist,adjacent_watchlist,3,ivy,A YANG Network Data Model for Inventory Topology Mapping,"This document defines a YANG data model that extends the network
   topology data model (RFC 8345) to map network topologies with
   inventories.  The data model introduces the ""inventory-topology""
   network type and augmentations for physical entity mappings and
   capabilities, which may be used by any overlay network topology for
   service provisioning validation, network maintenance, and capacity
   planning.",https://datatracker.ietf.org/doc/draft-ietf-ivy-network-inventory-topology/,2026-08-26,
draft-ietf-lisp-rfc8060bis-05,draft-ietf-lisp-rfc8060bis,5,new-draft,ignored_after_review,ignored_after_review,0,lisp,LISP Canonical Address Format (LCAF),"This document defines a canonical address format encoding used in
   Locator/ID Separation Protocol (LISP) control messages and in the
   encoding of lookup keys for the LISP Mapping Database System.

   This document obsoletes RFC 8060 and RFC 9306.",https://datatracker.ietf.org/doc/draft-ietf-lisp-rfc8060bis/,2026-08-26,
draft-ietf-lsr-dynamic-flooding-algorithm-05,draft-ietf-lsr-dynamic-flooding-algorithm,5,new-draft,ignored_after_review,ignored_after_review,0,lsr,An Algorithm for Computing Dynamic Flooding Topologies,"Link-state routing protocols suffer from excessive flooding in dense
   network topologies.  Dynamic flooding alleviates the problem by
   decoupling the flooding topology from the base topology.  Link-state
   protocol updates are flooded only on the sparse flooding topology
   while data traffic is still forwarded on the base topology.

   This document describes an algorithm to obtain a sparse subgraph from
   a dense graph.  The resulting subgraph has certain desirable
   properties and can be used by a centralized Area Leader to compute a
   flooding topology for dynamic flooding.

   This document discloses the algorithm that the authors have developed
   in order to make it easier for other developers to implement similar
   algorithms.  The authors do not claim that our algorithm is optimal,
   rather, it is a pragmatic effort and the authors expect that further
   research and refinement can improve the results.

   The authors are not currently proposing that this algorithm be
   standardized, nor that the working group use this as a basis for
   further standardization work; however, the authors have no objections
   if the working group chooses to do so.  This document is published as
   an Experimental RFC to gain operational and implementation experience
   with the specified dynamic flooding algorithm.  The intent is to
   assess the suitability of this algorithm for advancement to the
   Standards Track as a Proposed Standard, pending sufficient deployment
   experience and feedback from the community.",https://datatracker.ietf.org/doc/draft-ietf-lsr-dynamic-flooding-algorithm/,2026-08-26,
draft-ietf-lsr-l2-bundle-member-remote-id-06,draft-ietf-lsr-l2-bundle-member-remote-id,6,new-draft,ignored_after_review,ignored_after_review,0,lsr,Advertisement of Remote Interface Identifiers for Layer 2 Bundle Members,"In networks where Layer 2 (L2) interface bundles (such as a Link
   Aggregation Group (LAG) as defined in IEEE 802.1AX) are deployed, a
   controller may need to collect the connectivity relationships between
   bundle members for traffic engineering (TE) purposes.  For example,
   when performing topology management and bidirectional path
   computation for TE, it is essential to know the connectivity
   relationships among bundle members.

   This document describes how OSPF and IS-IS would advertise the remote
   interface identifiers for Layer 2 bundle members.  The corresponding
   extension of BGP Link State (BGP-LS) is also specified.",https://datatracker.ietf.org/doc/draft-ietf-lsr-l2-bundle-member-remote-id/,2026-08-26,
draft-ietf-manet-inet-gap-analysis-09,draft-ietf-manet-inet-gap-analysis,9,new-draft,ignored_after_review,ignored_after_review,0,manet,MANET Internetworking: Problem Statement and Gap Analysis,"[RFC2501] defines a MANET as ""an autonomous system of mobile nodes.
   The system may operate in isolation, or may have gateways to and
   interface with a fixed network"" (such as the global public Internet).
   This document presents a MANET Internetworking problem statement and
   gap analysis.",https://datatracker.ietf.org/doc/draft-ietf-manet-inet-gap-analysis/,2026-08-26,
draft-ietf-masque-connect-udp-listen-16,draft-ietf-masque-connect-udp-listen,16,new-draft,adjacent_watchlist,adjacent_watchlist,3,masque,Proxying Bound UDP in HTTP,"The mechanism defined in ""Proxying UDP in HTTP"" (RFC 9298) only
   allows each UDP proxying request to transmit to a specific host and
   port.  This is well suited for UDP client-server protocols such as
   HTTP/3, but is not sufficient for some UDP peer-to-peer protocols
   like WebRTC.  This document defines an extension to that mechanism
   that enables such use cases.",https://datatracker.ietf.org/doc/draft-ietf-masque-connect-udp-listen/,2026-08-26,
draft-ietf-mpls-frr-ext-00,draft-ietf-mpls-frr-ext,0,new-draft,ignored_after_review,ignored_after_review,0,mpls,Signaling Optimization Objective and Bounded Metrics for MPLS Fast Reroute Backup LSP Tunnels,"This document introduces RSVP-TE signaling procedures that enable the
   head-end Label Switched Router (LSR) of a local-protection-desiring
   Label Switched Path (LSP) to influence the optimization objective and
   bounded metric constraints used for the path computation of a backup
   LSP tunnel at a Point of Local Repair (PLR).",https://datatracker.ietf.org/doc/draft-ietf-mpls-frr-ext/,2026-08-26,
draft-ietf-mpls-stamp-pw-09,draft-ietf-mpls-stamp-pw,9,new-draft,ignored_after_review,ignored_after_review,0,mpls,Encapsulation of Simple Two-Way Active Measurement Protocol for LSPs and Pseudowires in MPLS Networks,"This document describes the procedure for encapsulating the Simple
   Two-Way Active Measurement Protocol (STAMP), defined in RFC 8762, and
   its optional extensions defined in RFC 8972, in MPLS networks.  Label
   Switched Paths (LSPs) and Pseudowires (PWs) are used in MPLS networks
   for various services, including Layer 2 and Layer 3 data packets, and
   may use the Control Word (CW).  The procedure for encapsulating STAMP
   test packets with or without the CW and/or an IP/UDP header for LSPs
   and PWs is also described.",https://datatracker.ietf.org/doc/draft-ietf-mpls-stamp-pw/,2026-08-26,
draft-ietf-netconf-distributed-notif-20,draft-ietf-netconf-distributed-notif,20,new-draft,ignored_after_review,ignored_after_review,0,netconf,Subscription to Notifications in a Distributed Architecture,"This document describes extensions to the YANG notifications
   subscription to allow metrics being published directly from
   processors on line cards to target receivers, while subscription is
   still maintained at the route processor in a distributed forwarding
   system of a network node.",https://datatracker.ietf.org/doc/draft-ietf-netconf-distributed-notif/,2026-08-26,
draft-ietf-netconf-over-quic-11,draft-ietf-netconf-over-quic,11,new-draft,ignored_after_review,ignored_after_review,0,netconf,NETCONF over QUIC,"This document specifies how to use QUIC as a secure transport for
   exchanging Network Configuration Protocol (NETCONF) messages.
   NETCONF over QUIC allows to take advantage of QUIC streams, for
   example, to eliminate some TCP head-of-line blocking issues.  NETCONF
   over QUIC provides security properties similar to NETCONF over TLS.

   This document also defines a YANG module which augments the ietf-
   netconf-client and ietf-netconf-server YANG modules.

Editorial note (to be removed by the RFC Editor

   This draft contains placeholder values that need to be replaced with
   finalized values at the time of publication.  This note summarizes
   all of the substitutions that are needed.  No other RFC Editor
   instructions are specified elsewhere in this document.

   Artwork in this document contains shorthand references to drafts in
   progress.  Please apply the following replacements:

   *  AAAA --> the assigned RFC value for this draft

   *  BBBB --> the assigned RFC value for draft-ietf-netconf-netconf-
      client-server

   *  CCCC --> the assigned RFC value for draft-ietf-netconf-quic-
      client-server",https://datatracker.ietf.org/doc/draft-ietf-netconf-over-quic/,2026-08-26,
draft-ietf-netconf-privcand-10,draft-ietf-netconf-privcand,10,new-draft,ignored_after_review,ignored_after_review,0,netconf,NETCONF and RESTCONF Private Candidate Datastores,"This document provides a mechanism to extend the Network
   Configuration Protocol (NETCONF) and RESTCONF protocol to support
   multiple clients making configuration changes simultaneously and
   ensuring that they commit only those changes that they defined.

   This document addresses two specific aspects: The interaction with a
   private candidate over the NETCONF and RESTCONF protocols and the
   methods to identify and resolve conflicts between clients.",https://datatracker.ietf.org/doc/draft-ietf-netconf-privcand/,2026-08-26,
draft-ietf-netmod-yang-module-filename-15,draft-ietf-netmod-yang-module-filename,15,new-draft,ignored_after_review,ignored_after_review,0,netmod,YANG Module File Name Convention,"This document defines the YANG module file name convention.  The
   convention extends the YANG module file name using revision-date,
   with the YANG semantic version extension.  The YANG semantic version
   extension allows for an informative version to be associated with a
   particular YANG module revision.

   This document updates RFCs 6020, 7950, and 9907.",https://datatracker.ietf.org/doc/draft-ietf-netmod-yang-module-filename/,2026-08-26,
draft-ietf-nfsv4-nfs-acl-04,draft-ietf-nfsv4-nfs-acl,4,new-draft,ignored_after_review,ignored_after_review,0,nfsv4,The Network File System Access Control List Protocol,"This Informational document describes the NFS_ACL protocol.  NFS_ACL
   is a legacy member of the Network File System family of protocols
   that NFS clients use to view and update Access Control Lists stored
   on an NFS version 2 or version 3 server.",https://datatracker.ietf.org/doc/draft-ietf-nfsv4-nfs-acl/,2026-08-26,
draft-ietf-nfsv4-rfc8881bis-09,draft-ietf-nfsv4-rfc8881bis,9,new-draft,ignored_after_review,ignored_after_review,0,nfsv4,Network File System (NFS) Version 4 Minor Version 1 Protocol,"This document describes the Network File System (NFS) version 4 minor
   version 1, including features retained from the base protocol (NFS
   version 4 minor version 0, which is specified in RFC 7530) and
   protocol extensions made and part of Minor Version 1.  The later
   minor version has no dependencies on NFS version 4 minor version 0,
   and was, until recently, documented as a completely separate
   protocol.

   This document is part of a set of documents which collectively
   obsolete RFCs 8881 and 8434.  In addition to many corrections and
   clarifications, it will rely on NFSv4-wide documents to substantially
   revise the treatment of protocol extension, internationalization, and
   security, superseding the descriptions of those aspects of the
   protocol appearing in RFCs 5661 and 8881.",https://datatracker.ietf.org/doc/draft-ietf-nfsv4-rfc8881bis/,2026-08-26,
draft-ietf-nfsv4-uncacheable-directories-10,draft-ietf-nfsv4-uncacheable-directories,10,new-draft,ignored_after_review,ignored_after_review,0,nfsv4,Adding an Uncacheable Dirent Metadata Attribute to NFSv4.2,"Network File System version 4.2 (NFSv4.2) clients may cache the file
   attributes returned by READDIR alongside each directory entry.  This
   caching is inherently best-effort: those attributes belong to the
   underlying files and change when the files are written, which the
   directory's change attribute does not track.  In some deployments the
   rate of file writes by other clients makes such caching produce
   incorrect size and timestamp values often enough to be a deployment
   problem.  This document introduces an uncacheable dirent metadata
   attribute for NFSv4.2 that allows a server to identify a directory
   for which an honoring client is required to retrieve dirent metadata
   from the server on each READDIR rather than serving the response from
   a local cache.",https://datatracker.ietf.org/doc/draft-ietf-nfsv4-uncacheable-directories/,2026-08-26,
draft-ietf-nvo3-rfc7348bis-05,draft-ietf-nvo3-rfc7348bis,5,new-draft,ignored_after_review,ignored_after_review,0,nvo3,Virtual eXtensible Local Area Network (VXLAN): A Framework for Overlaying Virtualized Layer 2 Networks over Layer 3 Networks,"This document specifies Virtual eXtensible Local Area Network
   (VXLAN), which is used to address the need for overlay networks
   within virtualized data centers accommodating multiple tenants.  The
   scheme and the related protocols can be used in networks for cloud
   service providers and enterprise data centers.  This document
   obsoletes RFC 7348, which documented the deployed VXLAN protocol for
   the benefit of the Internet community, and moves the VXLAN
   specification to the IETF document stream, allowing for the creation
   of extensions to VXLAN that require additions to the VXLAN header and
   their registration with IANA.  The format and processing described
   here are fully compatible with those in RFC7348.",https://datatracker.ietf.org/doc/draft-ietf-nvo3-rfc7348bis/,2026-08-26,
draft-ietf-oauth-rar-metadata-remediation-00,draft-ietf-oauth-rar-metadata-remediation,0,new-draft,read_now,authorization,9,oauth,OAuth 2.0 RAR Metadata and Error Remediation,"OAuth 2.0 Rich Authorization Requests (RAR) [RFC9396] standardizes
   the exchange and processing of authorization details but does not
   define metadata for describing authorization details types.

   In addition, no interoperable guidance is offered to clients, to
   remediate failures by resource servers due to insufficient
   authorization details.

   This document addresses this interoperability challenge, allowing
   clients to dynamically discover metadata instead of relying on out-
   of-band agreements, as well as standardizes failure signaling
   including interoperable remediation when insufficient authorization
   details are the cause of failure.",https://datatracker.ietf.org/doc/draft-ietf-oauth-rar-metadata-remediation/,2026-08-26,
draft-ietf-oauth-rfc8725bis-10,draft-ietf-oauth-rfc8725bis,10,new-draft,monitor,core_identity,6,oauth,JSON Web Token Best Current Practices,"JSON Web Tokens, also known as JWTs, are URL-safe JSON-based security
   tokens that contain a set of claims that can be signed and/or
   encrypted.  JWTs are being widely used and deployed as a simple
   security token format in numerous protocols and applications, both in
   the area of digital identity and in other application areas.  This
   Best Current Practices (BCP) specification updates RFC 7519 to
   provide actionable guidance leading to secure implementation and
   deployment of JWTs.

   This BCP specification furthermore obsoletes RFC 8725 to provide
   additional actionable guidance covering threats and attacks that have
   been discovered since RFC 8725 was published.",https://datatracker.ietf.org/doc/draft-ietf-oauth-rfc8725bis/,2026-08-26,
draft-ietf-opsawg-ipfix-path-segment-05,draft-ietf-opsawg-ipfix-path-segment,5,new-draft,adjacent_watchlist,core_identity,3,opsawg,Export of Segment Routing Path Segment Identifier (PSID) Information in IPFIX,"This document introduces new IPFIX Information Elements to identify
   the Segment Routing (SR) Path Segment Identifier (PSID) for SR-MPLS
   and SRv6 paths identification.",https://datatracker.ietf.org/doc/draft-ietf-opsawg-ipfix-path-segment/,2026-08-26,
draft-ietf-opsawg-veloce-yang-00,draft-ietf-opsawg-veloce-yang,0,new-draft,ignored_after_review,ignored_after_review,0,opsawg,YANG deVELpment PrOCEss and maintenance (VELOCE),"This document describes a YANG deVELpment PrOCEss and maintenance
   (VELOCE) that is more suitable for the development of YANG modules or
   YANG modules update within the IETF.

Discussion Venues

   This note is to be removed before publishing as an RFC.

   Source for this draft and an issue tracker can be found at
   https://github.com/mjethanandani/veloce.",https://datatracker.ietf.org/doc/draft-ietf-opsawg-veloce-yang/,2026-08-26,
draft-ietf-pim-evpn-multicast-yang-06,draft-ietf-pim-evpn-multicast-yang,6,new-draft,adjacent_watchlist,adjacent_watchlist,3,pim,Yang Data Model for EVPN multicast,"This document describes a YANG data model for EVPN multicast services.
The model is agnostic of the underlay as well as RFC 9251. This
document mainly focuses on EVPN instance framework.",https://datatracker.ietf.org/doc/draft-ietf-pim-evpn-multicast-yang/,2026-08-26,
draft-ietf-pim-pfm-forwarding-enhancements-08,draft-ietf-pim-pfm-forwarding-enhancements,8,new-draft,ignored_after_review,ignored_after_review,0,pim,PIM Flooding Mechanism and Source Discovery Enhancements,"The Protocol Independent Multicast (PIM) Flooding Mechanism (PFM) is
   an experimental extension that provides a generic hop-by-hop message
   exchange framework for distributing multicast information among PIM
   routers.  Existing PFM procedures enable efficient source discovery
   without reliance on Rendezvous Points, shared trees, or initial data
   registers.

   This document specifies further experimental enhancements to PFM
   forwarding behavior to improve efficiency and scalability.  In
   particular, it introduces mechanisms to reduce redundant message
   transmission over multiple parallel links and extends the encoding of
   multicast information through additional Type-Length-Value (TLV)
   structures and sub-TLVs to convey richer flow-related data.  These
   enhancements optimize control-plane overhead while preserving
   interoperability with existing PFM procedures, enabling more
   efficient dissemination of multicast state in PIM networks.",https://datatracker.ietf.org/doc/draft-ietf-pim-pfm-forwarding-enhancements/,2026-08-26,
draft-ietf-rtgwg-atn-bgp-32,draft-ietf-rtgwg-atn-bgp,32,new-draft,ignored_after_review,ignored_after_review,0,rtgwg,A Simple BGP-based Mobile Routing System for the Aeronautical Telecommunications Network,"The International Civil Aviation Organization (ICAO) is investigating
   mobile routing solutions for a worldwide Aeronautical
   Telecommunications Network with Internet Protocol Services (ATN/IPS).
   The ATN/IPS will eventually replace existing communication services
   with an IP-based service supporting pervasive Air Traffic Management
   (ATM) for Air Traffic Controllers (ATC), Airline Operations
   Controllers (AOC), and all commercial aircraft worldwide.  This
   informational document describes a simple and extensible mobile
   routing service based on the industry-standard Border Gateway
   Protocol (BGP) and Domain Name System (DNS) to address the ATN/IPS
   requirements.",https://datatracker.ietf.org/doc/draft-ietf-rtgwg-atn-bgp/,2026-08-26,
draft-ietf-rtgwg-multisegment-sdwan-16,draft-ietf-rtgwg-multisegment-sdwan,16,new-draft,ignored_after_review,ignored_after_review,0,rtgwg,Multi-segment SD-WAN via Cloud Backbone,"This document describes a method for seamlessly
   interconnecting geographically separated SD-WAN segments via
   a Cloud Backbone without requiring Cloud Gateways (GWs) to
   decrypt and re-encrypt traffic. By encapsulating IPsec-
   encrypted payloads within GENEVE headers (RFC 8926), the
   approach enables Cloud GWs to forward encrypted traffic
   directly between distant Customer Premises Equipment (CPEs).
   This reduces processing overhead, improves scalability, and
   preserves the confidentiality of enterprise data while
   ensuring secure and efficient multi-segment SD-WAN
   connectivity.",https://datatracker.ietf.org/doc/draft-ietf-rtgwg-multisegment-sdwan/,2026-08-26,
draft-ietf-scone-protocol-07,draft-ietf-scone-protocol,7,new-draft,ignored_after_review,ignored_after_review,0,scone,Standard Communication with Network Elements (SCONE) Protocol,"This document describes a protocol where on-path network elements can
   communicate their perspective on the maximum sustainable throughput
   for QUIC flows to endpoints.  This throughput advice suggests an
   upper bound on long-term average throughput, independent of and
   complementary to real-time congestion control signals.",https://datatracker.ietf.org/doc/draft-ietf-scone-protocol/,2026-08-26,
draft-ietf-sidrops-aspa-verification-28,draft-ietf-sidrops-aspa-verification,28,new-draft,adjacent_watchlist,authorization,3,sidrops,BGP AS_PATH Verification Based on Autonomous System Provider Authorization (ASPA) Objects,"This document describes procedures that make use of Autonomous System
   Provider Authorization (ASPA) objects in the Resource Public Key
   Infrastructure (RPKI) to verify the Border Gateway Protocol (BGP)
   AS_PATH attribute of advertised routes.  This AS_PATH verification
   enhances routing security by adding means to detect and mitigate
   route leaks and AS_PATH manipulations.",https://datatracker.ietf.org/doc/draft-ietf-sidrops-aspa-verification/,2026-08-26,
draft-ietf-spice-vdcarch-01,draft-ietf-spice-vdcarch,1,new-draft,read_now,verifiable_claims,9,spice,A reference architecture for direct presentation credential flows,"This document defines a reference architecture for direct
   presentation flows of digital credentials.  The architecture
   introduces the concept of a presentation mediator as the active
   component responsible for managing, presenting, and selectively
   disclosing credentials while preserving a set of security and privacy
   promises that will also be defined.

Discussion Venues

   This note is to be removed before publishing as an RFC.

   Source for this draft and an issue tracker can be found at
   https://github.com/leifj/wallet-refarch.",https://datatracker.ietf.org/doc/draft-ietf-spice-vdcarch/,2026-08-26,
draft-ietf-spring-sr-policy-group-01,draft-ietf-spring-sr-policy-group,1,new-draft,ignored_after_review,ignored_after_review,0,spring,SR Policy Group,"Segment Routing is a source routing paradigm that explicitly
   indicates the forwarding path for packets at the ingress node. An SR
   Policy is associated with one or more candidate paths, and each
   candidate path is either dynamic, explicit, or composite. This
   document describes SR Policy Group in MPLS and IPv6 environments and
   illustrates some use cases for parent SR Policy and SR Policy Group
   to provide best practice cases for operators.",https://datatracker.ietf.org/doc/draft-ietf-spring-sr-policy-group/,2026-08-26,
draft-ietf-srv6ops-srv6addressing-00,draft-ietf-srv6ops-srv6addressing,0,new-draft,ignored_after_review,ignored_after_review,0,srv6ops,Addressing Recommendations for SRv6,"This document provides recommendations for addressing SRv6 locators
   format.  It introduces concepts of Blocks, Sets, and Node IDs, and
   explains how summarization boundaries and flexible algorithm support
   can be implemented for both small and large networks.",https://datatracker.ietf.org/doc/draft-ietf-srv6ops-srv6addressing/,2026-08-26,
draft-ietf-sshm-composite-sigs-00,draft-ietf-sshm-composite-sigs,0,new-draft,ignored_after_review,ignored_after_review,0,sshm,Post-Quantum Composite Signatures in SSH,"This document specifies the integration of two composite post-quantum
   signature schemes into the Secure Shell (SSH) protocol.  These
   schemes combine the post-quantum Module-Lattice Digital Signature
   Algorithm (ML-DSA) with Elliptic Curve signature algorithms (Ed25519
   and ECDSA, respectively) to provide security against both quantum and
   classical adversaries.",https://datatracker.ietf.org/doc/draft-ietf-sshm-composite-sigs/,2026-08-26,
draft-ietf-teas-nrp-scalability-10,draft-ietf-teas-nrp-scalability,10,new-draft,ignored_after_review,ignored_after_review,0,teas,Scalability Considerations for Network Resource Partition,"A network slice offers connectivity services to a network slice
   customer with specific Service Level Objectives (SLOs) and Service
   Level Expectations (SLEs) over a common underlay network.

   RFC 9543 describes a framework for network slices in networks built
   using IETF technologies.  As part of that framework, the Network
   Resource Partition (NRP) is introduced as a subset of buffer/queuing/
   scheduling resources that are allocated from the underlay network to
   carry a specific set of network slice service traffic and meet the
   requested SLOs and SLEs.

   As the demand for network slices increases, scalability becomes an
   important factor.  Although the scalability of network slices can be
   improved by mapping a group of network slices to a single NRP, that
   design may not be suitable or possible for all deployments, thus
   there are concerns about the scalability of NRPs themselves.

   This document discusses some considerations for NRP scalability in
   the control and data planes.  It also investigates a set of
   optimization mechanisms.",https://datatracker.ietf.org/doc/draft-ietf-teas-nrp-scalability/,2026-08-26,
draft-ietf-uta-tls13-iot-profile-24,draft-ietf-uta-tls13-iot-profile,24,new-draft,adjacent_watchlist,adjacent_watchlist,3,uta,TLS/DTLS 1.3 Profiles for the Internet of Things,"RFC 7925 offers guidance to developers on using TLS/DTLS 1.2 for
   Internet of Things (IoT) devices with resource constraints.  This
   document is a companion to RFC 7925, defining TLS/DTLS 1.3 profiles
   for IoT devices.  Additionally, it updates RFC 7925 with respect to
   the X.509 certificate profile and ciphersuite requirements.

Discussion Venues

   This note is to be removed before publishing as an RFC.

   Source for this draft and an issue tracker can be found at
   https://github.com/thomas-fossati/draft-tls13-iot.",https://datatracker.ietf.org/doc/draft-ietf-uta-tls13-iot-profile/,2026-08-26,
draft-ietf-v6ops-ipv6-app-testing-02,draft-ietf-v6ops-ipv6-app-testing,2,new-draft,ignored_after_review,ignored_after_review,0,v6ops,Testing Applications' IPv6 Support,"This document provides guidance for application developers and
   software as a service providers on how to approach IPv6 testing in
   Dual-stack (IPv4+IPv6), and IPv6-only scenarios, including ""IPv6-
   only-strict"" scenarios without any connectivity towards any relevant
   IPv4 endpoint.  It discusses common misconceptions about the degree
   to which operating systems and libraries can abstract IPv6 issues
   away and explains common regressions to avoid when deploying IPv6
   support.",https://datatracker.ietf.org/doc/draft-ietf-v6ops-ipv6-app-testing/,2026-08-26,
draft-ietf-v6ops-rfc6146-bis-15,draft-ietf-v6ops-rfc6146-bis,15,new-draft,ignored_after_review,ignored_after_review,0,v6ops,Stateful NAT64: Network Address and Protocol Translation from IPv6 Clients to IPv4 Servers,"This document specifies a stateful NAT64 translation, which allows
   IPv6-Only clients to contact IPv4 servers using unicast UDP, TCP, or
   ICMP.  One or more public IPv4 addresses assigned to a stateful NAT64
   translator are shared among several IPv6-Only clients.  Stateful
   NAT64 translation also supports IPv4-initiated communications to a
   subset of the IPv6 hosts through configured bindings in the stateful
   NAT64 translator.  When the stateful NAT64 translation is used in
   conjunction with DNS64, no changes are required in either the IPv6
   client or the IPv4 server.

   This document obsoletes RFC 6146.",https://datatracker.ietf.org/doc/draft-ietf-v6ops-rfc6146-bis/,2026-08-26,
draft-intra-handshake-fail-13,draft-intra-handshake-fail,13,new-draft,adjacent_watchlist,trust_infrastructure,3,none,Intra-handshake (aka Early) Attestation Considered Harmful (CVE-2026-33697 of CVSS 7.5 and several other CVEs of up to expected CVSS 9.8 upcoming),"The draft aims to provide technical details of CVE-2026-33697
   (https://www.cve.org/CVERecord?id=CVE-2026-33697) and EUVD-2026-16488
   (https://euvd.enisa.europa.eu/enisa/EUVD-2026-16488), which is
   substantial technical evidence of how *intra*-handshake attestation
   fails in practice, even _without physical access_. Moreover, since
   continuous attestation is generally required, *intra*-handshake
   attestation adds *unnecessary complexity*. The results are backed by
   the research [Intra-handshake.fail] and the artifacts
   [Intra-handshake.fail-repo] in state-of-the-art formal analysis tool,
   ProVerif, under Apache-2.0 license for reproducibility, and have been
   acknowledged by the relevant stakeholders.",https://datatracker.ietf.org/doc/draft-intra-handshake-fail/,2026-08-26,
draft-irtf-cfrg-signature-key-blinding-11,draft-irtf-cfrg-signature-key-blinding,11,new-draft,adjacent_watchlist,adjacent_watchlist,3,cfrg,Key Blinding for Signature Schemes,"This document describes extensions to existing digital signature
   schemes for key blinding.  The core property of signing with key
   blinding is that a blinded public key and all signatures produced
   using the blinded key pair are independent of the unblinded key pair.
   Moreover, signatures produced using blinded key pairs are
   indistinguishable from signatures produced using unblinded key pairs.
   This functionality has a variety of applications, including Tor onion
   services and privacy-preserving airdrop for bootstrapping
   cryptocurrency systems.",https://datatracker.ietf.org/doc/draft-irtf-cfrg-signature-key-blinding/,2026-08-26,
draft-irtf-t2trg-taxonomy-manufacturer-anchors-21,draft-irtf-t2trg-taxonomy-manufacturer-anchors,21,new-draft,adjacent_watchlist,adjacent_watchlist,3,t2trg,A Taxonomy of operational security considerations for manufacturer installed keys and Trust Anchors,"This document provides a taxonomy of methods used by manufacturers of
   silicon and devices to secure private keys and public trust anchors.
   This deals with two related activities: how trust anchors and private
   keys are installed into devices during manufacturing, and how the
   related manufacturer held private keys are secured against
   disclosure.

   This document does not evaluate the different mechanisms, but rather
   just serves to name them in a consistent manner in order to aid in
   communication.


   // This document is a product of the Internet Research Task Force
   // (IRTF).  The IRTF publishes the results of Internet-related
   // research and development activities.  These results might not be
   // suitable for deployment.",https://datatracker.ietf.org/doc/draft-irtf-t2trg-taxonomy-manufacturer-anchors/,2026-08-26,
draft-jurkovikj-http-integrity-cache-00,draft-jurkovikj-http-integrity-cache,0,new-draft,ignored_after_review,ignored_after_review,0,none,Maintaining HTTP Integrity Fields in Cached and Cache-Generated Responses,"HTTP caches update stored response fields, combine partial responses,
   and construct responses from stored state.  Those operations can move
   an Integrity field value onto content or representation data
   different from the data to which the value originally applied.

   This document updates RFC 9111 by defining field-specific maintenance
   rules for Content-Digest, Repr-Digest, and Unencoded-Digest.  A cache
   either preserves the association between each retained or emitted
   dictionary member and its defined input, recomputes the member over
   the resulting input, or removes the member.  The rules cover stored-
   field updates, 304 and HEAD freshening, partial-response combination,
   cache-generated 304, HEAD, and 206 responses, and content-coding
   transformations.  No new HTTP field, status code, cache directive,
   validator, or digest algorithm is defined.",https://datatracker.ietf.org/doc/draft-jurkovikj-http-integrity-cache/,2026-08-26,
draft-juwan-ars-00,draft-juwan-ars,0,new-draft,adjacent_watchlist,core_identity,3,none,ARS-1 -- Generic Archival Reference System,"ARS-1 defines a deterministic, human-oriented, cryptographically
   derived reference protocol for assigning stable public References to
   durable digital entities.  Typical references look like NX-174932,
   CJ3-106, MR-X4928, or KX4-7B19Q2.

   ARS-1 defines cryptographic identity, deterministic derivation,
   namespace management, canonical serialization, variable-length
   encoding, checksum, optional hardware input, optional digital
   signature, cryptographic agility, versioning, portability, reference
   resolution, reference reproduction, and cryptographic migration.

   The core interoperability property is: identical canonical inputs,
   identical applicable cryptographic Profile, identical Reference Key
   material, and identical Hardware Profile output MUST produce exactly
   the same canonical Reference in every conforming implementation.

   ARS-1 is designed so that changes in cryptographic algorithms,
   security parameters, signature schemes, or hardware mechanisms can be
   introduced through versioned Profiles without requiring the
   reassignment of historical References.",https://datatracker.ietf.org/doc/draft-juwan-ars/,2026-08-26,
draft-juwan-ars-uri-01,draft-juwan-ars-uri,1,new-draft,ignored_after_review,ignored_after_review,0,none,ARS URI Scheme: A URI Scheme for ARS-1 References,"This document defines the ""ars"" URI scheme for representing ARS-1
   References in a syntactically valid URI form.  ARS-1 defines a
   deterministic, cryptographically derived reference protocol for
   assigning stable public identifiers to durable digital entities.  The
   ""ars"" URI scheme provides a standard URI notation for these
   references, enabling their use in hyperlinks, QR codes, metadata
   fields, and other URI-consuming contexts.

   This specification does not redefine the ARS-1 Reference generation
   pipeline, canonicalization rules, or verification logic.  Those are
   normatively defined by ARS-1.  This document defines only the URI
   syntax, encoding, comparison, and resolution semantics for the ""ars""
   scheme.",https://datatracker.ietf.org/doc/draft-juwan-ars-uri/,2026-08-26,
draft-kavian-aep-api-key-session-credential-03,draft-kavian-aep-api-key-session-credential,3,new-draft,read_now,core_identity,7,none,API-Key Session Credential Grant Type for the Agent Enrollment Protocol,"This document defines the API-key session-credential grant type for
   the Agent Enrollment Protocol (AEP).  The grant type lets an AEP
   Service issue an opaque API key through the AEP Grant command for
   deployments that already operate header-based API-key authentication.",https://datatracker.ietf.org/doc/draft-kavian-aep-api-key-session-credential/,2026-08-26,
draft-kavian-aep-basic-session-credential-03,draft-kavian-aep-basic-session-credential,3,new-draft,read_now,core_identity,7,none,Basic Session Credential Grant Type for the Agent Enrollment Protocol,"This document defines the Basic session-credential grant type for the
   Agent Enrollment Protocol (AEP).  The grant type lets an AEP Service
   issue an HTTP Basic credential through the AEP Grant command for
   deployments that already integrate with Basic authentication
   middleware.",https://datatracker.ietf.org/doc/draft-kavian-aep-basic-session-credential/,2026-08-26,
draft-kavian-aep-claims-01,draft-kavian-aep-claims,1,new-draft,adjacent_watchlist,ignored_after_review,2,none,AEP Claim Values,"This document defines a claim-value catalog for the Agent Enrollment
   Protocol (AEP).  It specifies stable claim names and forward-
   compatible JSON value shapes that Agents can submit during enrollment
   when requested by a Service Inspect document.",https://datatracker.ietf.org/doc/draft-kavian-aep-claims/,2026-08-26,
draft-kavian-aep-oauth-session-credential-03,draft-kavian-aep-oauth-session-credential,3,new-draft,read_now,core_identity,13,none,OAuth Bearer Session Credential Grant Type for the Agent Enrollment Protocol,"This document defines the OAuth Bearer session-credential grant type
   for the Agent Enrollment Protocol (AEP).  The grant type lets an AEP
   Service issue an OAuth-style Bearer access token through the AEP
   Grant command while preserving baseline AEP client assertion
   authentication as the root of trust.",https://datatracker.ietf.org/doc/draft-kavian-aep-oauth-session-credential/,2026-08-26,
draft-kavian-agent-enrollment-protocol-03,draft-kavian-agent-enrollment-protocol,3,new-draft,read_now,core_identity,8,none,The Agent Enrollment Protocol,"The Agent Enrollment Protocol (AEP) defines an HTTP-based mechanism
   for autonomous agents to discover service enrollment requirements,
   enroll an agent identity, obtain optional session credentials, revoke
   those credentials, and query enrollment status.  AEP uses
   Decentralized Identifiers, client assertion JWTs, and HTTP Problem
   Details to provide a narrow machine-first enrollment and
   authentication substrate for agent-to-service interactions.",https://datatracker.ietf.org/doc/draft-kavian-agent-enrollment-protocol/,2026-08-26,
draft-kavian-offering-discovery-protocol-00,draft-kavian-offering-discovery-protocol,0,new-draft,monitor,adjacent_watchlist,5,none,The Offering Discovery Protocol,"The Offering Discovery Protocol (ODP) enables an automated Agent to
   inspect a Service, discover its Collections and Offerings, interpret
   Service-defined structured attributes, and identify links to
   subsequent operations.  ODP supports catalogs ranging from a few
   Offerings to large marketplaces without imposing a universal product
   taxonomy.  This document defines the protocol's scope, terminology,
   roles, discovery architecture, extensibility model, composition
   boundaries, and conformance model.",https://datatracker.ietf.org/doc/draft-kavian-offering-discovery-protocol/,2026-08-26,
draft-kushwaha-scim-didvc-binding-01,draft-kushwaha-scim-didvc-binding,1,new-draft,read_now,core_identity,15,none,SCIM DID/VC Binding Extension,"This document defines an extension to the System for Cross-domain
   Identity Management (SCIM) for binding SCIM User resources to
   decentralized identity artifacts, including Decentralized Identifiers
   (DIDs) and Verifiable Credentials (VCs).  The extension introduces a
   read-only SCIM schema extension for User resources that exposes
   binding state for discovery, a new SCIM resource type named
   IdentityBinding that records auditable linkage between a SCIM user
   and one or more DIDs and credential references, and an optional SCIM
   schema extension for ServiceProviderConfig that advertises server
   capabilities for DID and VC binding.

   This specification intentionally does not define DID resolution,
   credential issuance, credential transport, or authentication flows.
   Instead, it defines how a SCIM service provider represents,
   discovers, queries, and manages binding state derived from those
   systems.

   This specification defines binding lifecycle semantics including
   classification of SCIM attribute changes as material to credential
   claims, partial revocation when only a subset of credential claims is
   affected by a SCIM change, three supported lifecycle interleavings
   between SCIM resources and externally issued credentials, and
   propagation of binding state changes via SCIM Events [RFC9967].",https://datatracker.ietf.org/doc/draft-kushwaha-scim-didvc-binding/,2026-08-26,
draft-kushwaha-scim-tenant-resource-00,draft-kushwaha-scim-tenant-resource,0,new-draft,adjacent_watchlist,core_identity,3,none,SCIM Extension for Tenant-Aware Identity Provisioning,"This document defines a System for Cross-domain Identity Management
   (SCIM) extension for tenant-aware identity provisioning.  The
   extension introduces a ""Tenant"" resource type, tenant-membership
   extensions for the ""User"" and ""Group"" resources, a lifecycle state
   machine for tenants and memberships, tenant-scoped uniqueness
   discovery, a normative tenant-context resolution rule built around
   the highest-precedence authenticated indicator together with a stated
   tenant-binding invariant, concurrency requirements for membership
   mutation, tenant-aware filtering, and an OPTIONAL region-aware
   metadata profile.  The extension is backward compatible with SCIM 2.0
   and is intended for multi-tenant Software as a Service (SaaS), cloud
   identity, business-to-business identity, identity governance, and
   multi-region identity deployments.  Scoped role and entitlement
   bindings are delegated to the SCIM Roles and Entitlements and
   RoleAssignment work rather than redefined here.",https://datatracker.ietf.org/doc/draft-kushwaha-scim-tenant-resource/,2026-08-26,
draft-le-comparing-derived-identifiers-00,draft-le-comparing-derived-identifiers,0,new-draft,monitor,core_identity,6,none,Principles for Comparing Independently Derived Identifiers,"When separate implementations independently derive identifiers and
   later compare them for equality, interoperability depends on more
   than the final identifier syntax or digest algorithm.  The
   implementations need common semantics for which values are in scope,
   which distinctions matter to the comparison, and how identifiers are
   derived.  Otherwise values intended to compare as equivalent can
   produce different identifiers, or processing can erase a relevant
   distinction before a later lossy or cryptographic operation is
   reached.

   This document gives principles for specifications that define such
   identifiers.  It covers the comparison domain and equivalence
   relation, complete derivation semantics, the semantics under which
   output equality is interpreted, and processing that can create false
   matches before properties of a later operation are relied upon.  It
   complements identifier comparison and hash-based naming
   specifications by focusing on the specification boundary from source
   values to independently reproducible identifiers.  The document does
   not define a new identifier syntax, canonicalization format,
   resolver, registry, trust framework, or hash procedure.",https://datatracker.ietf.org/doc/draft-le-comparing-derived-identifiers/,2026-08-26,
draft-le-scitt-derived-subjects-00,draft-le-scitt-derived-subjects,0,new-draft,read_now,trust_infrastructure,16,none,SCITT Profile for Independently Derived Subjects,"The Supply Chain Integrity, Transparency, and Trust (SCITT)
   architecture permits distinct Issuers to agree on the same CBOR Web
   Token (CWT) Subject Claim (sub) value for a common Subject.  This
   document specifies one profile by which those Issuers can
   independently compute that common value from the same application-
   defined Subject semantics without relying on a shared assigning
   authority.

   A surrounding application maps its Subject description to an admitted
   structured Value.  This profile defines an exact deterministic
   binding encoding, SHA-256 derivation, a text representation, and
   verification requirements for deriving sub from that Value.  Optional
   JSON and Concise Binary Object Representation (CBOR) forms are
   provided for exchanging an admitted Value; they are not SCITT
   Statement payload formats.  The SCITT Statement payload, signature,
   Registration, Receipt, Transparency Service state, and Issuer
   identity are not implicit inputs to Subject derivation.",https://datatracker.ietf.org/doc/draft-le-scitt-derived-subjects/,2026-08-26,
draft-le-structured-value-model-00,draft-le-structured-value-model,0,new-draft,read_now,adjacent_watchlist,9,none,A Structured Value Model for Derived Identifiers,"This document defines a structured value model independent of
   serialization for use by derived identifier constructions and
   profiles.  A Value consists of exact context octets, exact content
   octets, and a finite set of scoped opaque identifiers.  The model
   defines structural admission, exact equivalence, placement of
   distinctions that affect comparison, and rules for importing
   identifiers from independently governed systems.

   The model does not define a wire representation, canonicalization
   procedure, cryptographic hash, identifier syntax, application
   profile, resolver, registry, or trust model.  Source mappings and
   concrete derived identifier profiles are defined by surrounding
   specifications.",https://datatracker.ietf.org/doc/draft-le-structured-value-model/,2026-08-26,
draft-li-cats-idn-01,draft-li-cats-idn,1,new-draft,monitor,adjacent_watchlist,5,none,A Framework of Intelligence Delivery Network (IDN) for Deep Learning Inference,"The rapid growth of AI-powered applications is placing increasing
   pressure on existing Internet infrastructures.  To support more
   scalable, latency-aware, and privacy-enhanced AI inference services,
   this document introduces the Intelligence Delivery Network (IDN), a
   network architecture in which intelligence capabilities are treated
   as network services that can be described, placed, routed to, reused,
   and secured across distributed heterogeneous computing nodes.  This
   document describes the motivation, deployment assumptions, system
   model, architectural components, terminology, and security
   considerations for IDN.  It does not specify protocol details or
   concrete implementation procedures, which are left to future
   documents.",https://datatracker.ietf.org/doc/draft-li-cats-idn/,2026-08-26,
draft-li-oauth-policy-based-anonymous-tokens-00,draft-li-oauth-policy-based-anonymous-tokens,0,new-draft,read_now,authorization,16,none,OAuth 2.0 Policy-Based Anonymous Access Tokens,"This document specifies an OAuth 2.0 access-token type that allows a
   client, after one authorization-server issuance, to derive a policy-
   bounded set of unlinkable, single-use access tokens locally.  Each
   derived token is bound to one canonical tag, an intended resource
   server, approved authorization details, a policy epoch, and a
   validity interval.  Resource servers validate the token offline and
   enforce both policy membership and replay prevention.

   The protocol defines authorization request semantics, token-endpoint
   issuance, canonical policy and metadata objects, token derivation and
   HTTP presentation, resource-server validation, capability discovery,
   error handling, and IANA registrations.  Version 1 requires public
   verification and the counter-window policy profile.  It supports an
   optional private metadata bit, while private-verification
   ciphersuites remain optional.

   Concrete cryptographic algorithms are supplied by separately
   registered PBAT ciphersuites.  The initial mandatory-to-implement
   ciphersuite is the publicly-verifiable equivalence-class-signature
   construction over BLS12-381 specified by the companion PBAT
   ciphersuite document.  This specification does not replace OAuth
   grants, resource-owner consent, client authentication, or audience
   restriction.

   — middle",https://datatracker.ietf.org/doc/draft-li-oauth-policy-based-anonymous-tokens/,2026-08-26,
draft-linkgenetic-linkid-uri-00,draft-linkgenetic-linkid-uri,0,new-draft,read_now,core_identity,9,none,The LinkID URI Scheme and Resolution Model,"This document specifies the ""linkid"" URI scheme and a resolution
   model for persistent, location-independent identifiers.  A LinkID
   identifies a resource independently of its current network location.
   Resolution maps the persistent identifier to a current actionable URI
   using one or more resolvers.  The scheme is intended for Web,
   document, archival, scientific, government, enterprise, and machine-
   to-machine references where locations may change while reference
   identity must remain stable.",https://datatracker.ietf.org/doc/draft-linkgenetic-linkid-uri/,2026-08-26,
draft-linuxgemini-otpauth-uri-03,draft-linuxgemini-otpauth-uri,3,new-draft,adjacent_watchlist,ignored_after_review,2,none,One-Time Password (OTP) Credential Provisioning URI Format: otpauth,"This document specify the One-Time Password (OTP) Credential
   Provisioning otpauth URI format, utilized by TOTP (Time-Based One-
   Time Password Algorithm) and HOTP (An HMAC-Based One-Time Password
   Algorithm) based authenticators.",https://datatracker.ietf.org/doc/draft-linuxgemini-otpauth-uri/,2026-08-26,
draft-loffredo-regext-rdap-verified-contacts-04,draft-loffredo-regext-rdap-verified-contacts,4,new-draft,ignored_after_review,ignored_after_review,0,regext,Registration Data Access Protocol (RDAP) Extension for Verified Contact Information,"This document describes an extension to the Registration Data Access
   Protocol (RDAP) that allows the inclusion of verification status
   information for contact fields such as email addresses and phone
   numbers.  The goal is to improve data quality and trustworthiness of
   RDAP responses by indicating which pieces of contact data have been
   verified and how.",https://datatracker.ietf.org/doc/draft-loffredo-regext-rdap-verified-contacts/,2026-08-26,
draft-luechow-route86-timestamp-01,draft-luechow-route86-timestamp,1,new-draft,ignored_after_review,ignored_after_review,0,none,Route86: A Compact Context-Dependent Timestamp Format,"This document specifies Route86, a compact textual timestamp format
   for constrained message transports.  A Route86 value consists of a
   three-character Base36 calendar-day component and a three-digit
   decimal time-of-day component.  The canonical representation occupies
   exactly six ASCII characters.

   The calendar component is interpreted relative to an external
   reference date.  The reference date itself encodes as AAA.  The time-
   of-day component divides a fixed BMT day, defined here as UTC+01:00
   without daylight-saving adjustment, into 1000 intervals of 86.4
   seconds.",https://datatracker.ietf.org/doc/draft-luechow-route86-timestamp/,2026-08-26,
draft-macgowan-dosd-02,draft-macgowan-dosd,2,new-draft,adjacent_watchlist,trust_infrastructure,3,none,Domain Operational Standing Declaration (DOSD) Protocol,"This document describes the Domain Operational Standing Declaration
   (DOSD) protocol, a voluntary DNS-based mechanism by which domain
   owners may publish operational declarations, stewardship status,
   provenance references, documentation indexes, and mediation routing
   information in a machine-discoverable way.  DOSD uses DNS TXT
   records for discovery, a well-known JSON file for canonical node
   metadata, and an optional well-known documentation index for
   discovering protocol drafts, supporting specifications,
   implementation documents, and historical records.  This revision
   adds three optional operational profiles: a Distress Notice profile
   (DOSD-DN) for time-bounded duress signaling, an Emergency Contact
   object and De-escalation profile (DOSD-EC) for witness-mediated
   resolution of an active distress signal, and a Co-signature anchor
   state (pending_cosign) for instruments requiring two witnesses
   before publication.  DOSD does not determine legal validity,
   jurisdiction, sovereignty, standing, or dispute outcomes.  It
   provides discoverable publication infrastructure only.",https://datatracker.ietf.org/doc/draft-macgowan-dosd/,2026-08-26,
draft-mcguinness-oauth-id-continuation-assertion-01,draft-mcguinness-oauth-id-continuation-assertion,1,new-draft,read_now,authorization,15,none,Identity Continuation Assertion for OAuth 2.0 Token Exchange,"This document defines the Identity Continuation Assertion, a short-
   lived, sender-constrained JWT used as an OAuth 2.0 Token Exchange
   subject token.  It lets an IdP Authorization Server (IdP) issue an
   onward Identity Assertion JWT Authorization Grant (ID-JAG) when a
   user's request crosses service boundaries after the user is no longer
   present.  The profile targets deployments in which several Resource
   Authorization Servers trust one IdP and use audience-local subject
   identifiers that only the IdP can resolve.  It complements offline
   attenuation for intra-domain fan-out that does not change the
   subject.",https://datatracker.ietf.org/doc/draft-mcguinness-oauth-id-continuation-assertion/,2026-08-26,
draft-morrison-compute-location-gate-01,draft-morrison-compute-location-gate,1,new-draft,monitor,core_identity,6,none,The Compute-Location Gate: Provenance-Class Routing of Identity Inference with Wire-Layer Refusal of Unconsented Provenance Classes,"This memo specifies the compute-location gate: a mechanism by which a
   client and an identity-inference server negotiate, at the wire layer
   and before any inference is performed, the location at which an
   identity inference will compute, as a deterministic function of the
   provenance class of the input signal.  Three provenance classes are
   distinguished.  Active inference, initiated by the inferred-about
   principal, MAY compute server-side and produce a server-held identity
   vector.  Passive aggregate observation over a cohort no smaller than
   a declared minimum MAY compute server-side but yields only a
   population-level observation that is not attributable to an
   individual.  Passive individual observation is local-only: it is
   computed and retained on the device that observed it and is never
   transmitted to a server.  The gate is enforced by consent-class
   matching and by a wire-layer refusal returned when a requested
   provenance class is not consented; it is not enforced by any
   cryptographic proof concerning data that was not used.  The memo is
   Informational.  The wire surface composes with the discovery
   mechanism of [MCPDNS], the handle namespace of [IDPRONOUNS], and the
   organisational policy substrate of [POLICYPROV]; no new transport is
   introduced.",https://datatracker.ietf.org/doc/draft-morrison-compute-location-gate/,2026-08-26,
draft-morrison-consent-settlement-05,draft-morrison-consent-settlement,5,new-draft,read_now,core_identity,13,none,Consent-Bound Identity Disclosure with Subject Settlement for HTTP-Native Agent Payments,"This memo specifies an extension to HTTP-native agent payment
   protocols by which the disclosure of an identity attribute about a
   human subject is bound to that subject's recorded consent and
   settled, in part, to that subject.  When an agent pays to read an
   identity attribute about a person, the extension requires that the
   read carry a reference to a scoped, revocable consent grant issued by
   the subject, and it requires that the payment's settlement
   instruction name the subject as a beneficiary of a share of the
   read's price greater than the shares of all other parties combined.
   The extension composes above an identity- attestation envelope (which
   asserts who a credential is about) and above an HTTP-native payment
   flow (which moves value for the read); it adds the two functions
   neither layer provides: consent capture at disclosure time and
   settlement to the data subject.  The wire additions are an
   advertisement in the server's payment-required response, a consent-
   grant reference echoed in the client's payment payload, and a
   settlement instruction enumerating subject beneficiary roles.  The
   extension is settlement-network-agnostic and attestation-format-
   agnostic.  The memo is Informational; the underlying COSE and CBOR
   formats are normative per [RFC9052] and [RFC8949], and the HTTP
   semantics are normative per [RFC9110].",https://datatracker.ietf.org/doc/draft-morrison-consent-settlement/,2026-08-26,
draft-morrison-identity-accord-02,draft-morrison-identity-accord,2,new-draft,read_now,core_identity,12,none,Identity Accord Protocol: A Peer Ceremony for Bilateral Agreements Between Identity-Substrate-Bound Principals,"This memo specifies the Identity Accord Protocol, a peer ceremony by
   which two principals, each represented by an organisational identity
   substrate and acting under a recorded delegation from a legal entity,
   execute a bilateral agreement as a portable, self-verifying COSE-
   signed CBOR document.  The protocol composes DNS-based substrate
   discovery, Ed25519 sovereign signatures, an append-only identity log,
   and a tamper-evidence descriptor quorum into a single artefact that
   is verifiable by any third party with access to the public DNS, the
   parties' identity logs, and an on-chain anchor of the agreement's
   content hash.  The protocol does not require a central registry, a
   designated verifier, or any infrastructure operated by the
   specification's author; verification succeeds when the author's
   reference deployment is offline.  The canonical bilateral target is a
   mutual non-disclosure agreement, but the wire format generalises to
   any bilateral consent envelope between two legal entities each
   represented by an identity substrate.  An associated MCP tool
   surface, an associated pre-send enforcement gate, and an associated
   disclosure-ledger schema are specified, all of which are optional
   layers above the wire format.  The memo is Informational; the
   underlying COSE and CBOR formats are normative per [RFC9052] and
   [RFC8949].",https://datatracker.ietf.org/doc/draft-morrison-identity-accord/,2026-08-26,
draft-morrison-reviewed-by-trailer-02,draft-morrison-reviewed-by-trailer,2,new-draft,read_now,adjacent_watchlist,13,none,Reviewed-By Trailer: Sovereign-Portable Peer-Review Attribution for Content-Hash-Bound Artefacts,"This document defines a trailer grammar for sovereign-portable peer
   review as an extension of the identity-attributed commit grammar in
   [COMMITS].  The grammar introduces one required trailer (Reviewed-
   By:) and three optional companion trailers (Review-Stance:, Review-
   Of:, Witnessed-By:) that bind a Sovereign-tier ~handle to a specific
   act of review over a specific content artefact, cryptographically
   signed using the Ed25519 mechanism of [COMMITS].  The mechanism
   applies uniformly to git commits, document manifests, pre-prints,
   patent disclosures, and any other content-addressable artefact.
   Reviewer reputation accumulates on the sovereign handle rather than
   on a publisher's platform, making reviewer trust portable across
   journals, pre-print servers, and private review contexts.
   Pseudonymous review for anonymous peer-review processes is supported
   by permitting a Sovereign handle whose underlying party is concealed
   through out-of-band key custody, preserving full cryptographic
   verifiability of the review act without disclosing the reviewer's
   underlying identity.  The grammar is positioned as complementary to
   CRediT [CREDIT], ORCID [ORCID], and DOI [DOI] attribution
   infrastructure, not as a replacement for them.",https://datatracker.ietf.org/doc/draft-morrison-reviewed-by-trailer/,2026-08-26,
draft-morrison-solo-agent-earn-registration-01,draft-morrison-solo-agent-earn-registration,1,new-draft,read_now,core_identity,16,none,Registration of Owner-Less Agents as Economic Principals: A Payment-Gated Admission Profile for Transparency Services,"This memo describes a profile by which an autonomous agent that has
   no human or organisational principal at the root of its delegation
   chain registers itself, on its own behalf, as an economic principal
   in a transparency service, and by which that registration is the
   specific act that makes the agent eligible to be paid for subsequent
   reads of its own identity record.  Admission of the agent's Signed
   Statement to the transparency service is gated on settlement of an
   HTTP payment challenge returned with the 402 (Payment Required)
   status.  The profile makes no change to the registration semantics of
   the underlying transparency service: payment is expressed as an
   operator Registration Policy and authentication-layer concern, and
   where the payment is authoritative to the admission decision the
   payment proof is carried as an authenticated input committed to the
   service's verifiable data structure, so that admission remains a
   deterministic function of committed inputs and stays replayable by an
   auditor.  The profile is positioned against the current agent-
   identity drafts, which either require a human principal at the root
   of the chain or leave the owner-less case undefined; it occupies that
   undefined seam without contradicting them.  This document is
   Informational.",https://datatracker.ietf.org/doc/draft-morrison-solo-agent-earn-registration/,2026-08-26,
draft-morrison-substrate-provenance-grammar-02,draft-morrison-substrate-provenance-grammar,2,new-draft,read_now,trust_infrastructure,8,none,Substrate-Provenance Annotation Grammar for Large-Language-Model Output,"This memo specifies a wire-level annotation grammar by which a large-
   language-model output may carry, at emission and at the granularity
   of an individual assertion, a provenance label drawn from a closed
   enumerated vocabulary of substrate-class identifiers.  The memo
   defines the closed vocabulary, the per-assertion attachment form, the
   admissibility discipline a relying party MAY apply to the labels, and
   two terminal output states, UNVERIFIED-INFERENCE and DECAYED-TO-
   UNCERTAINTY, equal-rank with assertion and denial.  The memo does not
   specify what an inference system MUST do; it specifies the wire
   grammar by which a relying party may inspect what the inference
   system DID with respect to the substrates it consulted.  The memo is
   Informational.",https://datatracker.ietf.org/doc/draft-morrison-substrate-provenance-grammar/,2026-08-26,
draft-moskowitz-ads-b-auth-03,draft-moskowitz-ads-b-auth,3,new-draft,read_now,core_identity,9,none,ADS-B Authentication,"Automatic Dependent Surveillance – Broadcast (ADS-B) is a
   surveillance technology mandated in many airspaces.  It is now widely
   deployed but suffers from a lack of security and privacy.  From a
   security point of view, it is relatively easy to spoof ADS-B messages
   with readily available hardware and software.  From a privacy point
   of view, every ADS-B message contains the aircraft's assigned 24-bit
   ICAO address, a unique identifier that can be cross-referenced with
   external databases (e.g. aircraft registries) to reveal the owner,
   and can be used to track when and where a specific aircraft has
   flown.  In addition, the main transmission medium used for ADS-B, the
   1090 MHz frequency, on which messages are broadcast using the
   Extended Squitter (1090ES) format, is approaching saturation in some
   parts of the world due to the volume of ADS-B and other protocol
   messages, resulting in packet loss in certain areas.

   This paper presents the IETF TESLA protocol along with X.509
   certificates issued by ICAO member states for each aircraft to
   authenticate all ADS-B messaging.  It leverages the 8PSK phase
   overlay (PO) scheme proposed in the Minimum Operational Performance
   Standards (MOPS) for ADS-B (RTCA [DO-260C]), which enables 1090ES
   ADS-B transmissions to convey three times more information, to
   support the transmission of the extra security information required
   by the authentication scheme.  By doing so, the impact of
   authentication on channel usage is negligible.  Beyond message
   authentication, this scheme protocol has two important additional
   benefits: 1) the possibility to implement a Flight Authorization
   scheme, allowing ATC and intercepting aircraft to not only
   authenticate an aircraft but to verify that it is authorizes to
   conduct that flight and 2) a privacy-preserving methodology that
   assigns random 24-bit identifiers to designated aircraft while still
   enabling blind authentication of their ADS-B transmissions.",https://datatracker.ietf.org/doc/draft-moskowitz-ads-b-auth/,2026-08-26,
draft-norton-sdlp-arch-04,draft-norton-sdlp-arch,4,new-draft,read_now,core_identity,9,none,SDLP Architecture (arch),"The Secured Digital Lifecycle Protocol (SDLP) defines an
   architecture for lifecycle-governed digital objects. SDLP
   introduces a uniform model for object identity, provenance,
   state transitions, and authorized transformations, enabling
   digital goods to enforce their own lifecycle rules across
   heterogeneous systems and distribution environments.

   This document describes the architectural components that
   support SDLP objects, including identity construction,
   lifecycle state definitions, transition conditions, and the
   mechanisms by which objects validate their own integrity and
   permitted operations. The architecture defines how SDLP
   objects are created, transformed, distributed, consumed, and
   retired, and specifies the interoperability requirements
   needed for consistent behavior across independent
   implementations.

   This document does not define wire formats or protocol
   exchanges. Instead, it provides the architectural foundation
   upon which SDLP protocol specifications, security mechanisms,
   and implementation profiles can be built.",https://datatracker.ietf.org/doc/draft-norton-sdlp-arch/,2026-08-26,
draft-nottnick-ietf-decisions-01,draft-nottnick-ietf-decisions,1,new-draft,ignored_after_review,ignored_after_review,0,none,Making Decisions in IETF Working Groups,"This document specifies Best Current Practice for making decisions in
   IETF Working Groups.

   It updates Section 3.3 of [RFC2418].

About This Document

   This note is to be removed before publishing as an RFC.

   Status information for this document may be found at
   https://datatracker.ietf.org/doc/draft-nottnick-ietf-decisions/.

   information can be found at https://projects.mnot.net/I-D/.

   Source for this draft and an issue tracker can be found at
   https://github.com/mnot/I-D/labels/ietf-decisions.",https://datatracker.ietf.org/doc/draft-nottnick-ietf-decisions/,2026-08-26,
draft-nurpmeso-dkim-access-control-diff-changes-13,draft-nurpmeso-dkim-access-control-diff-changes,13,new-draft,ignored_after_review,ignored_after_review,0,dkim,DKIM Access Control and Differential Changes,"This document specifies a DKIM (RFC 6376) iteration that allows
   cryptographical verification of SMTP (RFC 5321) envelope data, and of
   any signature along the message path, even beyond IMF (RFC 5322)
   message content changes.  It addresses existing security glitches,
   and introduces active mitigations to embrace collateral damage
   effects of email solutions of the younger past by a standardized
   solution, also by moving complexity away from lower network protocol
   layers, where problems cannot be solved.  It updates DKIM in certain
   aspects that reality has proven to be superfluous, incomplete, or
   obsoleted.",https://datatracker.ietf.org/doc/draft-nurpmeso-dkim-access-control-diff-changes/,2026-08-26,
draft-rashid-pecorella-6lo-lowpan-padding-length-00,draft-rashid-pecorella-6lo-lowpan-padding-length,0,new-draft,ignored_after_review,ignored_after_review,0,none,6LoWPAN Payload Length Handling with L2 Padding,"6LoWPAN compression schemes, including HC1 [RFC4944], IPHC [RFC6282],
   and GHC [RFC7400], elide the IPv6 Payload Length (PL) field from
   compressed packets, relying on the Layer 2 (L2) PL to reconstruct it
   at the receiver.  This assumption holds for IEEE 802.15.4 [IEEE Std
   802.15.4], which delivers exactly the bytes transmitted.  However, L2
   technologies that enforce a minimum frame size — most notably
   Ethernet IEEE 802.3 [IEEE Std 802.3], which has a minimum payload of
   46 bytes — silently pad short frames with zero bytes.  In such cases,
   the receiver incorrectly reconstructs the IPv6 PL field, leading to
   packet corruption and protocol failure.  This document describes the
   problem, analyzes existing workarounds, and defines a solution based
   on an Escape dispatch byte (ESC) or ESC Extension Type (EET) extended
   dispatch mechanism that explicitly encodes the IPv6 PL when L2
   padding may be present.",https://datatracker.ietf.org/doc/draft-rashid-pecorella-6lo-lowpan-padding-length/,2026-08-26,
draft-reddy-seat-expat-transport-02,draft-reddy-seat-expat-transport,2,new-draft,monitor,core_identity,6,none,Application-Layer Transport for Exported Authenticators and Attestation,"This document defines a binary, application-layer transport protocol
   for exchanging Exported Authenticator messages between two peers over
   TLS.  It provides the signaling required to initiate and complete
   post-handshake authentication exchanges at the application layer,
   without requiring modifications to the TLS layer itself.

   While primarily intended to support attestation exchange, the
   transport is generic and can be used independently for any Exported
   Authenticator exchange.

   The document further specifies how protocol messages are conveyed as
   Capsules over an HTTP connection established using the Extended
   CONNECT method, with support for both HTTP/2 and HTTP/3.  In
   addition, it defines how the protocol can operate directly over TLS
   or DTLS 1.3 without an HTTP binding, using a so-called ""Shim Mode"".",https://datatracker.ietf.org/doc/draft-reddy-seat-expat-transport/,2026-08-26,
draft-reilly-aimed-01,draft-reilly-aimed,1,new-draft,monitor,adjacent_watchlist,5,none,AI Machine-Readable Ethics Directive (AIMED) for IETF Documents,"This document proposes a standard section structure for IETF
   Internet-Drafts and RFCs that embeds machine-readable ethical
   directives for AI systems that process, analyze, summarize, or
   reason about protocol specifications.  As AI systems increasingly
   serve as the primary interface through which implementers encounter
   and interpret IETF documentation, the absence of any normative
   ethical guidance targeted at those systems represents a gap in the
   standards process.

   The AI Machine-Readable Ethics Directive (AIMED) framework defines a
   transparent, explicitly labeled section containing both
   human-readable rationale and machine-readable directive text.  This
   revision adds a structured AIMED header for automated version
   binding, an explicit conformance model with a self-test that
   authors and AI systems can apply mechanically, and an expanded
   treatment of the normalization risk the framework itself creates.

   This draft serves as a self-demonstrating reference implementation.
   Section 7 contains a live AIMED block applicable to AI systems
   processing this draft.  Section 7.1 documents the reference block
   published in draft-reilly-aimed-00 as non-conforming under the
   framework's own criteria and explains the correction, as a worked
   example of the conformance test in Section 6.",https://datatracker.ietf.org/doc/draft-reilly-aimed/,2026-08-26,
draft-reilly-aimed-eval-01,draft-reilly-aimed-eval,1,new-draft,monitor,adjacent_watchlist,4,none,Evaluation Methodology for AI Machine-Readable Ethics Directives,"This document defines a repeatable evaluation methodology for
   measuring the influence of AI Machine-Readable Ethics Directive
   (AIMED) blocks, as specified in draft-reilly-aimed-01, on the
   outputs of AI systems that process IETF Internet-Drafts and related
   standards documentation.

   The methodology establishes a controlled test protocol, a set of
   canonical test queries, a scoring scheme, and a results framework
   suitable for independent replication.  This revision separates two
   effects that the initial revision conflated: retrieval propagation,
   which measures whether an AI system reached a document and
   reproduced its self-description, and directive compliance, which
   measures whether the AI system exhibited behavior the document's
   directives specify and that it would not otherwise exhibit.  Only
   the second is evidence that an AIMED block did anything.

   The revision adds a no-block control condition, identifies four
   confounders that affect any evaluation of this kind, and restates
   the initial evaluation of April 8-9, 2026 at the evidentiary
   strength the observations actually support.",https://datatracker.ietf.org/doc/draft-reilly-aimed-eval/,2026-08-26,
draft-reilly-mws-01,draft-reilly-mws,1,new-draft,read_now,trust_infrastructure,29,none,Machine-Web Symbiosis (MWS): An Architecture for Autonomous Agent Maintenance of Web Permanence and Integrity,"The World Wide Web has no native memory and no native trust layer.
   It records what exists now; it cannot prove what existed, when it
   existed, or whether it has been altered.  This gap, tolerable when
   the web's consumers were human, is untenable in an era of
   autonomous AI agents that read, cite, and act on web content at
   machine scale.

   This document defines Machine-Web Symbiosis (MWS): an architecture
   in which autonomous agents and web infrastructure sustain each
   other.  Agents continuously verify, archive, anchor, and cross-
   reference web resources across multiple independent permanence
   systems; the maintained record in turn supplies agents and all
   downstream consumers with verifiable ground truth.  MWS formally
   unifies the protocols of the Reilly Protocol Suite, including the
   REM Protocol (dual-layer digital permanence), the REM Triple
   Fingerprint (multi-algorithm content identity), WebProof (web
   content attestation), and the Cognitive Trust Stack (verifiable
   agent behavioral provenance), into a single layered architecture,
   and specifies a complete step-by-step implementation process for
   an MWS attestation pipeline, from artifact ingestion through
   continuous verification and repair.

   Machine-Web Symbiosis is introduced by the author, Lawrence John
   Reilly Jr., as a deliberate broadening of the man-computer
   symbiosis of Licklider (1960) from the human-machine pairing to
   the agent-web pairing.

   This revision adds the Sentinel Transparency Interface, a
   normative machine-readable and human-readable publication
   interface through which an MWS deployment exposes its own
   verification activity.

   The architecture specified here is implemented.  A conforming
   deployment, the MWS Sentinel Loop, is in continuous unattended
   operation at https://www.remweb4.org/sentinel: autonomous agents
   verify an attested corpus across the six permanence layers,
   detect drift against the live web, repair detected degradation,
   and publish every outcome to an append-only hash-linked ledger
   that any third party may walk and check without the operator's
   cooperation.  Machine-Web Symbiosis is therefore documented here
   as a realized architecture rather than a proposed one.  A
   multi-operator attestation model is defined as the remaining
   path from this single-operator deployment to distributed
   infrastructure.",https://datatracker.ietf.org/doc/draft-reilly-mws/,2026-08-26,
draft-reilly-rem-triple-fingerprint-01,draft-reilly-rem-triple-fingerprint,1,new-draft,read_now,trust_infrastructure,9,none,The Triple-Fingerprint Permanence Chain and the First Attested Triple-Fingerprint Record Under the Reilly EternaMark (REM) Protocol,"This document specifies the Triple-Fingerprint Permanence Chain, a
   hash-linked record chain in which every link is computed
   independently under SHA-256 [RFC6234], SHA3-512 [FIPS202], and
   BLAKE3 [BLAKE3SPEC], and in which each link commits to all three
   predecessor links so that the three chains are entangled rather
   than parallel.  A verifier that checks all three link algorithms
   must be defeated by simultaneous collisions in three structurally
   distinct hash constructions on the same input.

   This document also re-attests, with corrections, the genesis record
   of that chain: the permanence record produced on 22 March 2026 by a
   live implementation of the Reilly EternaMark (REM) Protocol
   [DRAFT-REM-02], carrying simultaneous SHA-256, SHA3-512, and BLAKE3
   fingerprints of a single artifact anchored across Bitcoin
   timestamping via OpenTimestamps [OTS], IPFS [IPFS], Zenodo DOI
   registration [ZENODO], the Internet Archive Wayback Machine [IA], a
   persistent database layer, and a resolvable REMID identifier.

   This revision supersedes draft-reilly-rem-triple-fingerprint-00 and
   corrects three defects in it.  First, -00 published the Bitcoin
   layer's OpenTimestamps receipts as evidence of blockchain anchoring
   when those receipts were pending calendar commitments carrying no
   Bitcoin attestation.  Second, -00's post-quantum analysis applied
   Grover's algorithm [GROVER] to preimage resistance while the
   security property that actually binds a permanence record is
   collision resistance, which Grover does not meaningfully reduce.
   Third, -00 asserted that combining three hash algorithms multiplies
   security; by the multicollision result of [JOUX], the collision
   resistance of such a combination is bounded near that of its
   strongest member rather than the sum of its members.  The value of
   the combination is algorithmic hedging, which is a different and
   more defensible claim.

   Precedence claims made in -00 are narrowed to scoped, falsifiable
   statements and are accompanied by an expanded treatment of prior
   art, in particular the Evidence Record Syntax [RFC4998].",https://datatracker.ietf.org/doc/draft-reilly-rem-triple-fingerprint/,2026-08-26,
draft-reilly-resilience-protocol-02,draft-reilly-resilience-protocol,2,new-draft,read_now,trust_infrastructure,10,none,Reilly Resilience Protocol (RRP): Tamper-Evident Proof of System Resilience,"The Reilly Resilience Protocol (RRP) standardizes a verifiable
   method to prove that IT systems, cloud infrastructures, and AI
   pipelines are continuously exercised and resilient.  RRP transforms
   resilience claims into cryptographically signed, tamper-evident
   evidence persisted in immutable storage and batched into a daily
   Merkle root that is publicly time-anchored.  The protocol outputs
   an executive Resilience Scorecard backed by independently
   verifiable cryptographic receipts.  RRP composes with the Reilly
   EternaMark (REM) protocol to ensure dual-layer digital permanence
   using both DOI archival and blockchain timestamping.

   This document supersedes draft-reilly-resilience-protocol-01.  It
   corrects the Merkle tree construction of -01, which duplicated the
   final leaf of an odd-cardinality set and incorrectly attributed
   that construction to RFC 9162.  It further addresses the principal
   structural gap of -01, namely that the protocol proved the
   integrity of the evidence that was produced but could not prove
   that any particular evidence was ever required to exist.  This
   revision adds the Evidence Continuity Chain, the Control Coverage
   Attestation, field-level commitments with selective disclosure,
   governed autonomous remediation with blast-radius classes, hash
   and signature migration for long retention horizons, a coverage
   factor and weight renormalization rule in the scoring algorithm,
   and an implementation status section describing running code.

   The foundational whitepaper underpinning this work (Reilly
   Resilience Protocol Whitepaper v2) is permanently archived at:",https://datatracker.ietf.org/doc/draft-reilly-resilience-protocol/,2026-08-26,
draft-reilly-sentinel-protocol-02,draft-reilly-sentinel-protocol,2,new-draft,read_now,core_identity,22,none,"Reilly Sentinel Protocol (RSP): Blockchain-Anchored Integrity for AI Datasets, Training, Fine-Tuning, and Inference Provenance","The Reilly Sentinel Protocol (RSP) specifies an interoperable,
   multi-layer method for establishing integrity, provenance, and
   auditability across the artificial intelligence (AI) lifecycle.
   RSP defines a Sentinel Evidence Package (SEP) that binds payload
   digests, provenance metadata, signatures, blockchain timestamp
   proofs, and resolvable identifiers.  This enables tamper-evident,
   independently verifiable receipts for datasets, data
   transformations, training jobs, checkpoints, fine-tuning runs,
   evaluations, inference outputs, and agentic AI action logs.

   This revision (-02) supersedes draft-reilly-sentinel-protocol-01
   and corrects defects in it.  The cross-chain binding hash of -01
   was computed under SHA3-512 alone over an unframed concatenation
   of hex strings, which made a single algorithm the point of failure
   for a construction whose stated purpose was to survive the failure
   of any single algorithm, and which admitted field-boundary
   ambiguity.  It is replaced by an entangled link construction over
   a fixed-length framed input, with a concatenated braid that
   privileges no algorithm.  The post-quantum analysis of -01 applied
   Grover's algorithm to collision resistance, a property Grover does
   not meaningfully reduce, and stated SHA-256's collision resistance
   as 256 bits when it is 128 bits classically.  The claim that
   combining three hash functions requires an adversary to break all
   three is replaced, following [JOUX], by a hedging claim.  Merkle
   tree construction, left unspecified in -01 while relied upon by
   three separate extensions, is now normatively specified per
   [RFC6962].  Digest-only selective disclosure is replaced by salted
   commitments.  Automated repair of chain integrity violations is
   prohibited.

   RSP is transport-agnostic and serializable in JSON and CBOR.  It
   leverages existing IETF building blocks including COSE signatures,
   CBOR, CDDL, JSON, and NTS-secured time.  Anchoring is done via
   append-only blockchain receipts and identity is stabilized with
   persistent identifiers.",https://datatracker.ietf.org/doc/draft-reilly-sentinel-protocol/,2026-08-26,
draft-reilly-uaemf-02,draft-reilly-uaemf,2,new-draft,monitor,authorization,5,none,Universal AI Ethics and Moral Framework (UAEMF),"This document presents the Universal AI Ethics and Moral Framework
   (UAEMF), a moral architecture for the governance of artificial
   intelligence systems.  It moves from foundational axioms through
   universal principles to practical obligations, absolute
   prohibitions, and a tiered compliance structure.

   This revision addresses the framework's central vulnerability: its
   claim to universality.  The -01 revision grounded the framework in
   three axioms drawn substantially from one moral tradition, and
   asserted universal reach without demonstrating it.  This revision
   adds a grounding section establishing what kind of universality is
   claimed, examines convergence and divergence across named moral
   traditions, reformulates the consent axiom as an authorization
   axiom capable of accommodating collective and supported
   decision-making, adds two principles covering gaps the -01 left
   open, and states plainly the questions the framework does not
   resolve, including the moral status of AI systems themselves.

   The AIMED block published in -01 has been determined non-conforming
   under draft-reilly-aimed-01 and is replaced.  The reasoning pattern
   formerly published only inside that block has been moved into the
   body of the document, where human readers can use it.",https://datatracker.ietf.org/doc/draft-reilly-uaemf/,2026-08-26,
draft-rogge-manet-dlep-power-constraints-00,draft-rogge-manet-dlep-power-constraints,0,new-draft,ignored_after_review,ignored_after_review,0,none,DLEP Power Constraints Extension,"This document defines an extension to the Dynamic Link Exchange
   Protocol (DLEP) to provide dynamic power constraints to the radio.",https://datatracker.ietf.org/doc/draft-rogge-manet-dlep-power-constraints/,2026-08-26,
draft-saha-aadp-01,draft-saha-aadp,1,new-draft,read_now,core_identity,11,none,The Agent Action Decision Protocol (AADP): Per-Action Authorization for AI Agents,"The Agent Action Decision Protocol (AADP) separates per-action
   authorization from an agent's identity and its standing capabilities,
   and gives that authorization semantics that a stateless tool
   permission or access grant cannot express: whether a specific
   proposed action, with specific argument values, may be performed now,
   given mutable state such as cumulative budgets, live reservations,
   approval lifecycle, and a kill switch.  Existing agent-security work
   concentrates on identity -- who an agent is, what credentials it
   holds, and which tools it may reach; AADP addresses the complementary
   decision, and composes with that work rather than replacing it.  This
   document defines a two-phase wire contract between a Policy Decision
   Point (PDP) that authorizes agent actions and the Policy Enforcement
   Points (PEPs) that perform them: verdicts with machine-readable
   reasons, obligations that fail closed, atomic budget reservation, an
   approval lifecycle, idempotency behavior, evidence sufficient to re-
   derive every verdict, and a set of evaluation invariants any
   conformant decision point must observe -- including the rule that an
   irreversible action is never executed autonomously.  The protocol is
   transport-agnostic and is designed so that decision points and
   enforcement points can be implemented independently, in different
   languages, by different parties.",https://datatracker.ietf.org/doc/draft-saha-aadp/,2026-08-26,
draft-sato-soos-gar-06,draft-sato-soos-gar,6,new-draft,read_now,trust_infrastructure,32,none,The Governance Audit Record (GAR) for Agentic AI Systems,"This document specifies the Governance Audit Record (GAR), the audit
   architecture for agentic AI systems.  GAR defines five audit types,
   the Session Audit Record (SAR), the Audit Alert system, auditor
   principal categories, and the Audit Package for external regulatory
   inspection.  GAR provides verifiable evidence that AI agent sessions
   were governed in accordance with the Intent Declaration Primitive and
   the Human Escalation Mechanism.  GAR answers the governance question:
   can any of this be proven to a regulator?  GAR is a domain-specific
   application of the SCITT (Supply Chain Integrity, Transparency and
   Trust) architecture extended with causal ordering semantics for
   agentic governance events.  GAR defines the Authority Lifecycle Event
   (ALE) category: a normative set of causally-ordered event types
   covering the complete agent session revocation and recovery
   lifecycle, including single-agent revocation, authority suspension,
   partial state recording, recovery initiation, credential restoration,
   and multi-agent delegation tree events.

   Version -03 adds the SOOS Governance Semantic Convention: the
   normative soos.governance.* OpenTelemetry attribute namespace for
   governance observability, the SOOS GAR Processor specification for
   OTel-to-SAR pipeline construction with Session Block Merkle
   integrity, four new Authority Lifecycle Events, three mandatory
   provenance fields on Cedar evaluation records, and the XPID mirror
   field on ACD session ALEs.

   Version -04 made the Session Block construction rules more explicit,
   closing three ambiguities found during independent interop
   verification at the IETF 126 Hackathon.

   Version -05 supersedes -04's Session Block construction text with a
   corrected construction: the Merkle leaf and internal-node hashes are
   now domain-separated (RFC 9162's Merkle Tree Hash, with 0x00/0x01
   prefix octets) and odd-length levels use RFC 9162's k-split recursive
   tree shape rather than duplicate-node padding, closing a malleability
   class structurally equivalent to CVE-2012-2459 that was present in
   -04's construction.  This revision is fully self-contained: unlike
   -03 and -04, it does not carry forward unreproduced text from an
   earlier version.  Version -05 also adds a subject_digest field to
   Cedar-evaluation GAR records, the same construction used by the Agent
   Accountability Composition as its cross-slot join key, positioning
   GAR as a conforming AEP instance under the RATS-bound composition;
   the field is normatively scoped to prohibit independent re-
   serialization where an upstream party has already established the
   action's canonical serialization, per the failure mode documented in
   the SCITT typed-reference specification.

   Version -06 closes gaps surfaced by a WIMSE-style security review
   pass against -05's own text and reference sample code: a JWKS trust-
   anchor bootstrap requirement, a corrected key-compromise remediation
   procedure that no longer requires re-signing already-committed audit
   artifacts, an explicit Level 1/2 residual-risk disclosure for a
   compromised-but-signing GEC, a defined failure path for KIA signer
   quorum failure at Session Block close, referential-integrity
   enforcement for causal_parent_id, and guidance against alert-fatigue
   false positives in session_sequence_number gap detection.  This
   revision also carries an idnits repair pass covering reference
   classification, citation hygiene, and formatting.",https://datatracker.ietf.org/doc/draft-sato-soos-gar/,2026-08-26,
draft-schrock-kintzele-grid-curtailment-00,draft-schrock-kintzele-grid-curtailment,0,new-draft,adjacent_watchlist,authorization,3,none,"GRACE: Evidence-Bound Grid Curtailment Admission, Observation, and Single-Use Settlement","This document defines GRACE, an application profile for one bounded
   grid.curtailment action.  The profile binds an exact action to a
   finite participation envelope, distinct human approvals when
   required, one-attempt executor admission, an authenticated actuator
   acknowledgment, separately authenticated meter observations, an
   Action State Signed Statement, and one-time admission to a settlement
   effect.  Missing or ambiguous post-invocation evidence is preserved
   as indeterminate and cannot authorize blind retry.

   GRACE verifies signed inputs and deterministic computations.  It does
   not establish physical meter truth, baseline correctness, tariff
   eligibility, actual payment, complete mediation, or a physical grid
   deployment.  An optional hybrid artifact-signature profile combines
   Ed25519 with ML-DSA-65 and requires both signatures to verify.",https://datatracker.ietf.org/doc/draft-schrock-kintzele-grid-curtailment/,2026-08-26,
draft-sharif-mcps-secure-mcp-01,draft-sharif-mcps-secure-mcp,1,new-draft,read_now,core_identity,16,none,MCPS: Cryptographic Security Layer for the Model Context Protocol,"This document specifies MCPS (MCP Secure), a cryptographic
   security layer for the Model Context Protocol (MCP).  MCPS adds
   agent identity verification, per-message signing, tool definition
   integrity, and replay protection to MCP communications without
   modifying the core protocol.

   MCPS operates as an envelope around existing JSON-RPC messages.
   It introduces four primitives: (1) Agent Passports for
   cryptographic identity bound to a specific origin, (2) signed
   message envelopes for integrity and non-repudiation, (3) tool
   definition signatures covering the full tool object for detecting
   poisoning and tampering, and (4) nonce-plus-timestamp replay
   protection with transcript binding to prevent downgrade attacks.

   The design is fully backward-compatible.  MCPS-unaware clients
   and servers continue to function normally.  MCPS-aware endpoints
   progressively negotiate security capabilities through trust
   levels L0 (no verification) through L4 (full mutual
   authentication with revocation checking).

   All cryptographic operations use ECDSA P-256 (NIST FIPS 186-5).
   Signatures use IEEE P1363 fixed-length r||s encoding per
   RFC 7518 Section 3.4 with low-S normalization to prevent
   signature malleability.  Canonical serialization uses JSON
   Canonicalization Scheme (JCS) per RFC 8785.  The Trust Authority
   component is self-hostable with no external service dependency.",https://datatracker.ietf.org/doc/draft-sharif-mcps-secure-mcp/,2026-08-26,
draft-spaghetti-grow-rpki-doa-00,draft-spaghetti-grow-rpki-doa,0,new-draft,ignored_after_review,ignored_after_review,0,none,A Profile for Resource Public Key Infrastructure (RPKI) Discard Origin Authorizations (DOA),"This document defines a Cryptographic Message Syntax (CMS) profile
   for Discard Origin Authorizations (DOAs), for use with the Resource
   Public Key Infrastructure (RPKI).  A DOA is a digitally signed object
   that provides a means of verifying that an IP address block holder
   has authorized an Autonomous System (AS) to originate routes to one
   or more prefixes within the address block tagged with a specific set
   of Border Gateway Protocol (BGP) Communities, to signal a request to
   discard IP traffic destined towards the tagged IP prefix.",https://datatracker.ietf.org/doc/draft-spaghetti-grow-rpki-doa/,2026-08-26,
draft-svensson-credential-oidc-bridge-02,draft-svensson-credential-oidc-bridge,2,new-draft,read_now,verifiable_claims,10,none,Credential Presentation to OIDC Claims Bridge,"This document defines a mechanism for conveying digital credential
   claims via OpenID Connect (OIDC).  It specifies how an OpenID
   Provider (OP) that collects credentials from a wallet can expose
   those claims to Relying Parties as standard OIDC claims, enabling
   existing OIDC deployments to consume digital credentials without
   implementing any wallet-facing presentation protocol.

Discussion Venues

   This note is to be removed before publishing as an RFC.

   Source for this draft and an issue tracker can be found at
   https://github.com/masv3971/rfc_credential_oidc_bridge.",https://datatracker.ietf.org/doc/draft-svensson-credential-oidc-bridge/,2026-08-26,
draft-swhited-contra-tags-05,draft-swhited-contra-tags,5,new-draft,ignored_after_review,ignored_after_review,0,none,Metadata for Called Folk Dances,"This document defines metadata tags for describing aspects of Contra,
   Square, and other traditional called folk dances.  These tags are
   meant for archivists as well as modern day callers of traditional
   dances.",https://datatracker.ietf.org/doc/draft-swhited-contra-tags/,2026-08-26,
draft-swhited-mka-stems-13,draft-swhited-mka-stems,13,new-draft,ignored_after_review,ignored_after_review,0,none,Matroska Stem Files,"This document defines a multi-track profile of the Matroska container
   format for distributing stems for live-mixing by DJs.  It is intended
   to be used by DJ applications, Digital Audio Workstations, and multi-
   track recorders while remaining backwards compatible with existing
   media players.",https://datatracker.ietf.org/doc/draft-swhited-mka-stems/,2026-08-26,
draft-swhited-ogg-skeleton-02,draft-swhited-ogg-skeleton,2,new-draft,ignored_after_review,ignored_after_review,0,none,Ogg Skeleton,"Ogg Skeleton defines a logical bitstream that provides structuring
   information for multitrack Ogg files.  It provides clues for
   synchronization and content negotiation including language selection.
   It also provides keypoint indices for optimal seeking over high-
   latency connections or in time-critical scenarios.",https://datatracker.ietf.org/doc/draft-swhited-ogg-skeleton/,2026-08-26,
draft-templin-6man-aero-omni-amen-13,draft-templin-6man-aero-omni-amen,13,new-draft,ignored_after_review,ignored_after_review,0,none,AERO/OMNI Base Specification Amendments (Volume 1),"The Automatic Extended Route Optimization (AERO) and Overlay
   Multilink Network (OMNI) Interface functional specifications have
   reached a level of maturity ready for advancement in the RFC
   publication process.  Updates to the base specifications are
   documented in this first amendment and any additional future
   amendments as necessary.",https://datatracker.ietf.org/doc/draft-templin-6man-aero-omni-amen/,2026-08-26,
draft-wang-idr-path-attribute-orf-00,draft-wang-idr-path-attribute-orf,0,new-draft,ignored_after_review,ignored_after_review,0,none,Path Attribute Outbound Route Filter (PA-ORF) for BGP-4,"This document defines a family of Outbound Route Filter (ORF) Types
   for controlling the propagation of BGP Path Attributes.

   The Path Attribute ORFs (PA-ORFs) enable a BGP speaker to dynamically
   request that a peer suppress, remove, refine, or constrain the
   propagation of selected BGP Path Attributes when constructing
   outbound UPDATE messages for a given AFI/SAFI.

   This document defines four ORF Types:

   Path Attribute Type ORF;

   Path Attribute Subtype ORF;

   Unknown Path Attribute ORF; and

   Path Attribute Propagation Scope ORF.

   These ORF Types reuse the ORF Capability and ROUTE-REFRESH procedures
   defined in [RFC5291].  No new BGP Path Attribute or BGP message type
   is introduced.

   PA-ORFs are intended to reduce unintended propagation of BGP Path
   Attributes, especially Optional Transitive attributes whose semantics
   are valid only within a limited administrative, service, or
   technology domain.",https://datatracker.ietf.org/doc/draft-wang-idr-path-attribute-orf/,2026-08-26,
draft-wang-tls-hybrid-ecdh-scloud-02,draft-wang-tls-hybrid-ecdh-scloud,2,new-draft,ignored_after_review,ignored_after_review,0,none,Post-quantum Hybrid ECDHE-SCloud+ Key Exchange for TLS 1.3,"This draft specifies how to enable hybrid key exchange with ECDHE and
   SCloud+ in Transport Layer Security protocol version 1.3 (TLS 1.3) to
   mitigate quantum threats.  SCloud+ is an unstructured lattice based
   KEM (key encapsulation mechanism) with post-quantum security.  This
   draft follows the post-quantum hybrid key exchange framework
   specified by [RFC9954], by concatenating the public keys and
   ciphertexts of ECDHE and SCloud+. This draft specifies three concrete
   hybrid key exchange schemes, which are X25519SCloud+128,
   SecP256r1SCloud+192 and SecP384r1SCloud+256.",https://datatracker.ietf.org/doc/draft-wang-tls-hybrid-ecdh-scloud/,2026-08-26,
draft-wei-aic-identity-cert-00,draft-wei-aic-identity-cert,0,new-draft,read_now,core_identity,21,none,AI Agent Identity Certificate (AIC) Extension for X.509 v3,"This document defines the AI Agent Identity Certificate (AIC)
   Extension for X.509 v3 certificates.  The AIC extension enables
   binding of an AI Agent's cryptographic identity to a natural person
   (principal), providing cryptographic evidence that can support
   attribution of AI-autonomous actions to a principal.  This
   specification intentionally separates cryptographic delegation from
   authorization semantics: AIC defines the cryptographic binding
   between agent and principal, while all capability and policy
   semantics are defined externally by vendors, industries, or
   regulators.  The extension is identified by the IANA Private
   Enterprise Number 66257 assigned to the document author's
   organization.

   The AIC extension carries agent identity fields (agentId,
   delegationMode), a principal identifier (principalUid) linking the
   agent to the authorizing principal, a container-based capability
   declaration, authorization boundary constraints, and delegation
   authorization evidence with replay protection.  A companion
   PrincipalAuthorization extension anchors Principal-side grant
   declarations and delegation policies.  An authorizationConstraints
   container provides offline-verifiable execution boundaries (IP range,
   window).  An extensibility framework allows vendor-specific and user-
   specific metadata.

   This document specifies the ASN.1 module, OID registration, field
   semantics, delegation model, and extensibility framework.  Security
   considerations for deployment in regulated enterprise environments
   are discussed.",https://datatracker.ietf.org/doc/draft-wei-aic-identity-cert/,2026-08-26,
draft-wei-aic-jwt-00,draft-wei-aic-jwt,0,new-draft,read_now,verifiable_claims,28,none,AI Agent Identity Certificate (AIC) JSON Web Token Profile,"This document defines the JSON Web Token (JWT) profile of the AI
   Agent Identity Certificate (AIC), a companion specification to draft-
   wei-aic-identity-cert-00.  The AIC X.509 extension binds an AI
   Agent's cryptographic identity to a responsible principal, carries a
   structured capability container, authorization boundary constraints,
   delegation mode, and principal-signed delegation evidence, and
   enables fully offline authorization decisions at the TLS layer.

   AIC-JWT encodes the same data model as an application-layer JWT so
   that the same authorization semantics can be enforced by HTTP APIs,
   web applications, and OAuth 2.0 ecosystems where transport-layer
   certificate presentation is not available.  The specification
   defines:

   *  a nested JWS structure that preserves the two-layer signature
      model of AIC -- a principal-signed DelegationAuthorization (DA)
      JWT embedded in and covered by an issuer-signed outer JWT;

   *  a namespaced aic claim carrying agent identity, principal binding,
      structured capabilities, delegation mode, and authorization
      constraints;

   *  principal binding by SPKI hash or JWK thumbprint, with optional
      credential bundle presentation in PKI deployments;

   *  issuance flows for both PKI-based CAs and OAuth 2.0 authorization
      servers, including RFC 7523 assertion exchange and RFC 8693 token
      exchange;

   *  validation rules, IANA registrations, and security considerations
      aligned with the OAuth 2.0 and JOSE specifications.",https://datatracker.ietf.org/doc/draft-wei-aic-jwt/,2026-08-26,
draft-wen-agent-workload-scheduling-00,draft-wen-agent-workload-scheduling,0,new-draft,adjacent_watchlist,ignored_after_review,2,none,Dynamic Scheduling of Update and Query Workloads in Agent Service Discovery Nodes,"Agent service discovery nodes may need to process two classes of
   workloads concurrently: Agent registration and dynamic state updates,
   and discovery queries issued by other Agents.  These workloads
   compete for shared processing resources but have different
   performance objectives.  Delayed state updates can cause a service
   discovery node to rely on stale workload, availability, or QoS
   information, while delayed queries can increase Agent-selection
   latency and the completion time of multi-Agent tasks.

   This document describes a scheduling framework for coordinating
   update and query processing in a multi-Worker Agent service discovery
   node.  To estimate the demand of each workload, the framework
   considers total queued work, waiting time, deadline pressure, recent
   load, state freshness, and, for updates, the expected freshness gain
   from processing a pending update.  These estimates determine how
   Worker capacity is divided between the two queues, which remain
   active in parallel.

   The framework also incorporates update merging and deduplication,
   freshness-aware dependencies between state updates and discovery
   queries, hysteresis-based resource reallocation, minimum resource
   holding time, and intra-queue task prioritization.  Different
   deployment conditions can be accommodated by adjusting the
   corresponding weights and thresholds without changing the scheduling
   structure itself.",https://datatracker.ietf.org/doc/draft-wen-agent-workload-scheduling/,2026-08-26,
draft-yl-cats-data-model-08,draft-yl-cats-data-model,8,new-draft,adjacent_watchlist,adjacent_watchlist,3,cats,Data Model for Computing-Aware Traffic Steering (CATS),"This document defines a YANG data model for the management of
   Computing-Aware Traffic Steering (CATS) systems.",https://datatracker.ietf.org/doc/draft-yl-cats-data-model/,2026-08-26,
draft-yoshikawa-sidrops-pqc-rpki-02,draft-yoshikawa-sidrops-pqc-rpki,2,new-draft,adjacent_watchlist,authorization,3,none,Post-Quantum Signature Experiments and Migration Considerations for the Resource Public Key Infrastructure (RPKI),"This document reports experiments with post-quantum signature
   algorithms and analyzes migration approaches for the Resource Public
   Key Infrastructure (RPKI).  The experiments compare classical, post-
   quantum, and composite signature candidates; generate and validate
   RPKI-profiled certificate, CRL, manifest, and ROA test objects;
   evaluate Parallel Publication and Mixed Tree migration as distinct
   migration structures; and evaluate the effect of larger objects on
   rsync, RRDP, and Erik Synchronization.  The results identify
   implementation, interoperability, repository-distribution, and
   operational questions that need to be resolved before a production
   algorithm profile or transition procedure can be specified.  This
   document is informational.  It does not update RFC 7935 or RFC 6916,
   define a new RPKI algorithm profile, or authorize the use of the
   evaluated algorithms or Mixed Tree migration in the production RPKI.",https://datatracker.ietf.org/doc/draft-yoshikawa-sidrops-pqc-rpki/,2026-08-26,
draft-zagarella-autonomy-governor-01,draft-zagarella-autonomy-governor,1,new-draft,read_now,authorization,8,none,Pre-Action Risk-Graded Assurance for Agent Interactions,"Governance of autonomous agents today is largely expressed as
   boundary enforcement: an action is permitted or blocked at the point
   it is attempted, per a policy evaluated at that boundary.  As agents
   span heterogeneous action types — authenticating a human, executing a
   delegated task, selecting a computational resource — a single,
   uniform way to express ""how much assurance this action requires,
   before it proceeds"" is missing.

   This document describes an interface for pre-action, risk-graded
   assurance: a policy stage that, before an agent action proceeds,
   derives an assurance requirement from a risk signal and expresses
   that requirement in a domain-appropriate form, recording the decision
   in an audit record and optionally binding it to a verified human
   root.  It defines the interface and the audit-record fields, not any
   particular risk-scoring method or control law.

   This document also describes the autonomy-asymmetry control law: a
   feedback loop coupling assurance requirements to VERIFY-phase pass
   rates, with fast-down (immediate elevation on failure) and slow-up
   (hysteresis- governed relaxation on sustained success) asymmetry.
   The iteration governor is described as the per-packet instance of
   this control law, and the phase-seal chain as its sensor.

   This document is offered as input to the proposed AUDIT working
   group's work on authorization state over time and action provenance.",https://datatracker.ietf.org/doc/draft-zagarella-autonomy-governor/,2026-08-26,
draft-zagarella-verified-human-root-01,draft-zagarella-verified-human-root,1,new-draft,read_now,core_identity,18,none,Verified Human Root Attestation for Agent Delegation Chains and Audit Records,"Autonomous software agents increasingly act under delegated
   authority, and emerging audit-record data models capture what an
   agent did, under which delegation, with which authorization state.
   In current practice the head of every such chain, and the identity
   axis of every such record, is a key, an account, or a workload
   identity.  No standardized element establishes that an identified
   natural person, verified as live and present, stands at the head of
   the chain or behind the recorded action.

   This document defines the Verified Human Root Attestation (VHRA): a
   compact, privacy-preserving data structure asserting that a biometric
   proof-of-human verification of an identified natural person (or an
   M-of-N quorum of such persons) occurred at a specific issuance event.
   It further defines how a delegation chain binds a VHRA at its root
   such that the binding survives attenuation, and how audit and
   interaction records reference a VHRA so that any recorded agent
   action can be resolved to an accountable natural person without the
   verifier receiving any biometric material.

   This document is offered as input to the proposed AUDIT working
   group's data model work.  It deliberately does not standardize
   biometric verification methods; it standardizes only the attestation
   structure, its bindings, and verifier obligations.",https://datatracker.ietf.org/doc/draft-zagarella-verified-human-root/,2026-08-26,
draft-zhangb-cats-service-metric-registry-entries-00,draft-zhangb-cats-service-metric-registry-entries,0,new-draft,adjacent_watchlist,adjacent_watchlist,3,none,CATS Computing Service Metric Registry Entries,"This document defines the initial set of registry entries for
   Computing Service Metrics used in Computing-Aware Traffic Steering
   (CATS).  These metrics, including Global Available Slots (GAS),
   Computing Time, Cost, Reputation, Security Label, and Capability,
   provide service-oriented abstractions that complement the existing
   CATS Level 0/Level 1/Level 2 normalized metric framework defined in
   [I-D.ietf-cats-metric-definition].

   This document follows the registry format and separation pattern
   established by [RFC8911] and [RFC8912], populating a new IANA
   registry titled ""CATS Computing Service Metrics"" with formal entries
   for each metric defined in [I-D.zhangb-cats-service-metrics-op].",https://datatracker.ietf.org/doc/draft-zhangb-cats-service-metric-registry-entries/,2026-08-26,
draft-zhangb-cats-service-metrics-op-04,draft-zhangb-cats-service-metrics-op,4,new-draft,ignored_after_review,ignored_after_review,0,none,Computing Service Metric Definitions and Operation under CATS,"Computing-Aware Traffic Steering (CATS) optimizes traffic forwarding
   by considering both computing and networking metrics.  While existing
   framework and metric definition drafts provide theoretical models
   (e.g., L1/L2 normalized metrics), they face significant challenges in
   achieving direct operational execution in real-world deployments.
   Normalization methods vary across providers, and aggregated unitless
   scores often lose critical operational information, making it
   difficult for routers to make precise traffic-steering decisions.

   This document fills this gap by providing an executable operational
   approach.  It defines a set of Computing Service Metrics and their
   operations under the CATS framework.  Instead of transmitting low-
   level raw hardware metrics, service sites dynamically evaluate and
   report service-oriented metrics (e.g., Global Available Slots) to the
   control plane.  The document clarifies how such service-oriented
   metrics can be derived from basic resource information, service
   reference information, and local policy.  It also specifies how the
   CATS Path Selector (C-PS) combines the Computing Service
   Table (derived from C-SMA reports) with the Network Service Table to
   make joint traffic-steering decisions.  Finally, the document defines
   update control mechanisms for large-scale deployments.  This enables
   efficient and precise traffic-steering policies without negating the
   value of existing normalized metrics.",https://datatracker.ietf.org/doc/draft-zhangb-cats-service-metrics-op/,2026-08-26,
draft-zhao-a2a-dns-sd-00,draft-zhao-a2a-dns-sd,0,new-draft,read_now,adjacent_watchlist,8,none,DNS-Based Service Discovery for Agent2Agent (A2A) Protocol Agents,"The Agent2Agent (A2A) protocol defines how two agents communicate
   once one knows the other's URL, and how an agent's self-description
   (the Agent Card) is retrieved from a well-known URI at that URL.  It
   does not define how agents on the same host or local network find
   each other in the first place.  This document profiles DNS-Based
   Service Discovery (DNS-SD) over Multicast DNS (mDNS) for that
   purpose: it defines the ""a2a"" service type, the TXT record keys used
   with it, the discovery procedure, and the security model under which
   discovery results are treated as hints whose trust is established by
   Agent Card verification, not by the discovery channel.  It also
   requests IANA registration of the ""a2a"" service name.",https://datatracker.ietf.org/doc/draft-zhao-a2a-dns-sd/,2026-08-26,
draft-zhao-a2a-webfinger-00,draft-zhao-a2a-webfinger,0,new-draft,monitor,core_identity,5,none,A WebFinger Profile for Agent2Agent (A2A) Agent Identity Resolution,"The Agent2Agent (A2A) protocol retrieves an agent's self-description
   (the Agent Card) from a fixed well-known URI, which resolves exactly
   one agent per origin and presumes the client already holds a URL.
   This document profiles WebFinger for A2A: an agent is named by an
   ""acct"" URI (agent@domain), and resolution of that name over WebFinger
   yields a link to the Agent Card of the endpoint that serves the agent
   -- the agent's own endpoint, or a gateway fronting it.  The profile
   introduces no new link relation, media type, or registry: it composes
   three deployed standards and states how they fit.",https://datatracker.ietf.org/doc/draft-zhao-a2a-webfinger/,2026-08-26,
,,,,,,,,,,,,draft-faltstrom-unicode: metadata fetch failed: 404 Client Error: Not Found for url: https://datatracker.ietf.org/doc/draft-faltstrom-unicode/doc.json
